input,explanation,answer
撇开一切剩张嘴(猜一字),提示：“撇”的形状为“丿”。“开一”二字明扣。“嘴”即“口”之意。口+丿+开+一=研。,研
人口结构要改变(猜一字),提示：“人口结构要改变”理解为“人口”二字改变字的笔画结构，组成字“丙”。人+口=丙。,丙
码头扩展(猜一字),提示：“码头”指的是“码”字笔画的头部，为“石”。“展”明扣。展+石=碾。,碾
猪马同槽(猜一字),提示：“猪”与十二地支中的“亥”相扣。“亥”与谜面中的“马”组成字“骇”。亥+马=骇。,骇
归心如箭(猜一字),提示：“归心”指的是“归”字笔画的中心部分，为“丿”。“箭”即“矢”之意。“归心如箭”反过来理解就是“矢”字笔画中的“丿”没有，去掉，剩下“天”。,天
古稀犹画眉(猜一字),提示：“古稀”是七十岁的代称，扣“七十”。“画眉”指的是画眉鸟，扣“鸟”。鸟+七+十=鸨。,鸨
一到西亚分开干(猜一字),提示：“一到西亚分开干”反过来理解就是“一”“西亚”笔画合拢，组成“酽”。,酽
半是机遇半是缘(猜一字),提示：“半是机”理解为“机”字的一半，取“木”。“半是缘”理解为“缘”字的一半，取“彖”。彖+木=椽。,椽
拆掉围墙有人来(猜一字),提示：“拆掉围墙”理解为“围”字外面的“墙”全部拆除掉，剩下中间的“韦”。“人”理解为单人旁“亻”。亻+韦=伟。,伟
除非伸出舌头来(猜一字),提示：“非”符号为“一”。“舌头”指的是“舌”笔画头部，为“千”。,壬
太阳下面一横长，里字下边放(猜一字),提示：“日”字义为“太阳”，与谜面中的“太阳”相扣。“横”的形状为“一”。“一”“日”与谜面中的“里”组成字“量”。一+日+里=量。,量
大王分房，总共四床(猜一字),提示：“床”的形状应该为长方形，这里用“口”代指。“四床”理解为四个“口”，即“口口口口”。“口口口口”与谜面中的“王”组成字“噩”。口+口+口+口+王=噩。,噩
共多一小点(猜一字),提示：“共”明扣。“小”明扣。“点”的形状为“、”。“共多一小点”指的是“共”“小”与“、”组成字“恭”。,恭
一字生得妙，头上两只角，腰里六个口，底下八字脚(猜一字),提示：“典”字头部的两竖，就像两只角一样，中间部分为六个“口”组成，下面部分为“八”。,典
山水画中消前愁(猜一字),提示：“山”明扣。“画中”指的是“画”字笔画的中间部分，为“田”。“消前愁”指的是“愁”字笔画的前面部分消除了，剩下“心”。山+田+心=崽。,崽
十六天(猜一字),提示：“十六天”即“一十六日”，“一十六日”四字组成字“章”。一+十+六+日=章。,章
岭后桂香传阶前(猜一字),提示：“岭后”指的是“岭”字笔画的后面部分，为“令”。“阶前”指的是“阶”字笔画的前面部分，为“阝”。阝+令=邻。,邻
陕西省改革，开了个好头(猜一字),提示：“陕西省”指的是“陕”字笔画的西面（左边部分）省去，去掉，剩下“夹”。“陕西省改革，开了个好头”指的是“夹”字笔画中的“头”去掉，开除，剩下“一”。夹-头=一。,一
一直尽力而为(猜一字),提示：“直”理解为竖直，形状为“丨”。“一直”理解为“一”与“丨”组成字“十”。“尽力而为”理解为“为”字的“力”尽了，没有了，剩下“、、”。“、、”与“十”组成字“斗”。,斗
渔村半落夕阳中(猜一字),提示：“渔村半落”理解为“渔村”二字的一半下落不明，剩下“鱼木”二字。“夕阳”说明是日光，扣“日”。日+鱼+木=橹。,橹
贪利最终要出丑(猜一字),提示：“丑”与十二生肖中的“牛”相扣。“牛”与谜面中的“利”组成字“犁”。牛+利=犁。,犁
天狗食月，徒留一边(猜一字),提示：“犬”字义为“狗”，与谜面中的“狗”相扣。“犬”与谜面中的“月”组成字“肰”。犬+月=肰。,肰
亲，刚好500克(猜一字),提示：“亲”明扣。“500克”等于“一斤”，扣“斤”。斤+亲=新。,新
湖中水清月儿移(猜一字),提示：“水”理解为三点水“氵”。“湖中水清月儿移”指的是“湖”字笔画中的“氵”清除，去掉，“月”移走，去掉，剩下“古”。,古
空前未有(猜一字),提示：“空前未有”理解为“空”字的前面部分（穴）没有了，剩下下面部分的“工”。,工
悲喜交加(猜一字),提示：“悲”理解为悲伤的时候会流下泪水，扣“水”，“水”理解为三点水“氵”。“喜”理解为高兴，快乐，扣“乐”。乐+氵=泺。,泺
个个上前线去(猜一字),提示：“个个”理解为“个”与“个”组成字“竹”，“竹”理解为竹字头“⺮”。“前线去”理解为“线”字去掉前面部分，剩下“戋”。戋+⺮=笺。,笺
夕阳落在树林下(猜一字),提示：“夕阳落在树林下”理解为“夕”字在“林”字的下面，组成字“梦”。夕+林=梦。,梦
一行雁阵上云端(猜一字),提示：“雁阵”理解为大雁按着“人字形”飞行，扣“人”。谜面理解为“人”字在“云”的顶端，组成字“会”。人+云=会。,会
闺中少女欲思春(猜一字),提示：“闺中少”理解为“闺”字中间部分少了，没有了，剩下“门”。“春”五行属“木”，扣“木”。“木”“门”与谜面中的“女”组成字“娴”。木+门+女=娴。,娴
十一相逢当碰杯(猜一字),提示：“十一相逢”指的是“十”与“一”相逢，组成字“干”。“碰杯”指的是“干杯”，二次紧扣谜底。,干
秋后重寄语(猜一字),提示：“秋后”理解为“秋”字的后面部分，为“火”。“秋后重”理解为“火”字重复，即“火火”。“语”理解为言语，扣“言”，“言”理解为言字旁“讠”。讠+火+火=谈。,谈
山水之中半展帆(猜一字),提示：“山水之中”理解为“山水”二字的中间部分，为“丨亅”。“半展帆”理解为“展帆”二字各取一半，分别取“尸巾”。尸+巾+丨+亅=刷。,刷
工作落空，心悬成病(猜一字),提示：“工作落空”指的是“空”字笔画中的“工”落掉，去掉，剩下“穴”。“心悬成病”扣“串”。,窜
生孝者峤，死孝者戎(猜一字),提示：臣以和峤生孝，王戎死孝。陛下不应忧峤，而应忧戎。“生孝者峤，死孝者戎”出自《世说新语》，人物为“王戎”、“和峤”，扣“王和”二字。王+和=程。,程
伸手拥抱(猜一字),提示：“手”理解为提手旁“扌”。“伸手拥抱”反过来理解就是“拥”字的“扌”没有抱在一起，没有得到，剩下“用”。拥-扌=用。,用
走西口(猜一字),提示：“走西口”理解为“西”字的“口”走掉了，剩下“兀”。西-口=兀。,兀
木兰褪去旧日装(猜一字),提示：“木兰”二字明扣。“褪去旧日”指的是“旧”字笔画中的“日”褪去，去掉，剩下“丨”。木+兰+丨=样。,样
只在苦心中(猜一字),提示：“苦心”指的是“苦”字笔画的中心部分，为“十”。“只在苦心中”指的是“只”与“十”组成字“呆”。,呆
车来乘客不复还(猜一字),提示：“车”明扣。“不复还”指的是“还”字笔画中的“不”去掉，剩下“辶”。辶+车=连。,连
拨草(猜一字),提示：“草”字上面的草字头（艹），也为“草”，所以“拨草”理解为拔掉“草”字的“艹”，剩下“早”。草-艹=早。,早
殿下明日归去(猜一字),提示：“明日归去”理解为“明”字的“日”归去了，没有了，剩下“月”。“月”与谜面中的“殿”组成字“臀”。月+殿=臀。,臀
寄语犹在耳，痴念漂四方；痛苦知无尽，相思意如芒(猜一字),提示：“寄语犹在耳”指的是谜底的读音与“寄”谐音。“四方”指的是四方形，形状为“口”；“痴漂四方”指的是“痴”字笔画中的“口”漂走，去掉，剩下“疾”。“念”为“廿”的大写，“廿”字义为“二十”，“二十”理解为两个“十”字，即“十十”，“十”与“十”组成字“艹”。艹+疾=蒺。“痛苦知无尽，相思意如芒”指的是“蒺”的字义，作用。“蒺”一年生草本植物。茎平卧。果实有刺，可入药，主治头痛、风痒等。,蒺
一点一横一飘，背上背个药包包(猜一字),提示：“点”理解为符号“、”。“横”理解为横竖的横，形状为“一”。“飘”理解为一撇，即“丿”。“药包包”的形状为“方”字的没有“、”“一”“丿”的部分。,方
出手衣来依旧属(猜一字),提示：“出手衣来依”指的是“依”字笔画中的“衣”出去，去掉，剩下“亻”。“旧”明扣。旧+亻=伸。,伸
心大一点(猜一字),提示：“点”理解为符号“、”。“、”与谜面中的“大”字组成字“太”。,态
萧条江头鸟罢鸣(猜一字),提示：“萧条江头”指的是“萧条江”三字笔画的头部，分别为“艹夂氵”。“鸟罢鸣”指的是“鸣”字笔画中的“鸟”罢黜，去掉，剩下“口”。口+艹+夂+氵=落。,落
半数持枪半带剑(猜一字),提示：“半数持枪”理解为“枪”字的一半，取“木”。“半带剑”理解为“剑”字的一半，取“佥”。佥+木=检。,检
寒秋日临近(猜一字),提示：“寒”理解为寒冷，说明无“火”；“寒秋”理解为“秋”字的“火”无，没有了，剩下“禾”。“禾”与谜面中的“日”组成字“香”。禾+日=香。,香
子敬夜来收学子(猜一字),提示：“子敬”是“鲁肃”的字，扣“鲁”；“夜”说明没有日（太阳）；“子敬夜”指的是“鲁”字笔画没有“日”，剩下“鱼”。“收学子”指的是“学”字笔画中的“子”收走，去掉，剩下“龸”。“子敬夜来收学子”指的是“鱼”与“龸”组成字“鲎”。,鲎
仰头望南岳，人在画中游(猜一字),提示：“仰头”指的是“仰”字笔画的头部，为“亻”。“南岳”指的是“岳”字笔画的南面（下面部分），为“山”。亻+山=仙。“人”理解为单人旁“亻”。“画中游”指的是“画”字笔画的中间部分游走，去掉，剩下部分调整笔画，变成字“山”。亻+山=仙。第二次紧扣谜底。,仙
一江清流皆秋色(猜一字),提示：“流”理解为流水，扣“水”，“水”理解为三点水“氵”。“江清流”理解为“江”字清除掉“氵”，剩下“工”。“秋色”字义为“白色”，扣“白”。“白”“工”与谜面中的“一”组成字“珀”。白+工+一=珀。,珀
着我扁舟一叶(猜一字),提示：“余”字义为“我”，与谜面中的“我”相扣。“扁舟”的形状为“辶”。辶+余=途。,途
大干带来新面貌(猜一字),提示：“大干带来新面貌”理解为“大干”二字打乱笔画，重新组合成新的字，为“全”。大+干=全。,全
半路相逢(猜一字),提示：“半路相逢”指的是“路相”笔画的一半，分别取“各木”，组成字“格”。,格
下山要格外小心(猜一字),提示：“下山”指的是“山”字笔画的下面部分，为“一”。“格”理解为方格，形状为“口”。“小心”指的是“小”字笔画的中心部分，为“亅”。亅+一+口=可。,可
汽车到了站乘客人不见(猜一字),提示：“汽车到了站乘客人不见”指的是“乘”车的“人”不见了，剩下“乖”。乘-人=乖。,乖
一日不见，如三月兮(猜一字),提示：“日”明扣。农历的“三月”为辰月，扣“辰”。“一日不见，如三月兮”反过来理解就是“辰”与出现的“日”组成字“晨”。辰+日=晨。,晨
一黑一白一阴一阳(猜一字),提示：“日”代表阳光，光明，白天，阳刚之气。“月”代表晚上，阴柔之气。日+月=明。,明
一边大一边小，一边会跑一会边跳，会跳的吃人，会跑的吃草(猜一字),提示：“骚”字拆分为“马蚤”，“马”比较大，跳蚤比较小；马喜欢奔跑，跳蚤是跳；马喜欢吃草，跳蚤喜欢吸血。,骚
抛多一点变了形(猜一字),提示：“点”理解为“、”。“抛多一点变了形”理解为“抛”字增加“、”，在调整笔画，变成字“势”。,势
拆掉床木架，一人好住下(猜一字),提示：“拆掉床木架”理解为“床”字的“木”拆掉了，没有了，剩下“广”。“广”与谜面中的“一人”组成字“庆”。广+一+人=庆。,庆
孔子独奔向前方(猜一字),提示：“孔子”即孔丘，扣“丘”；“独”字义为“一个”，扣“一”；“孔子独奔”指的是“丘”字笔画中的“一”奔走，去掉，剩下“斤”。“向前”指的是“向”字笔画的前面部分，为“、”。,斥
不足之处(猜一字),提示：“不足之处”理解为“处”字有部分不足，缺少部分，变成字“外”。,外
鹰鸟飞去一点不见(猜一字),提示：“点”理解为符号“、”。“鹰鸟飞去一点不见”理解为“鹰”字的“鸟”飞走了，“、”不见了，剩下“雁”。,雁
二人不再有偏见(猜一字),提示：“二人”“见”明扣，组成“规”。,规
前没有后有，左没有右有，暗没有亮有，低没有高有(猜一字),提示：谜面中“后”“右”“亮”“高”四字都含有的笔画部分，为“口”。,口
人有他则变大(猜一字),提示：“人有他则变大”理解为“人”字有了谜底“一”，则变成字“大”。大-人=一。,一
人生离合爱心留(猜一字),提示：“离合”理解为“合”字离开部分，剩下“一”。“爱心”理解为“爱”字的中心部分，为“冖”。“留”与“牛”谐音相扣。“一”“牛”“冖”与谜面中的“人”组成字“牵”。一+人+冖+牛=牵。,牵
故人东去到上海(猜一字),提示：“故人东去”理解为“故人”二字去掉东面（右边部分），分别剩下“古丿”。“上海”理解为“海”字的上面，开始部分，为“氵”。氵+古+丿=活。,活
关云长准点赴会(猜一字),提示：“关云长”指的是关羽，扣“羽”。“准”明扣。“点”形状为“、”。,濯
标示左急转，连连刹住车(猜一字),提示：“连连刹住车”指的是“连”字笔画中的“车”去掉，剩下“辶”。“标示左急转，连连刹住车”说明有很多的急转弯，形状为“<<<”。辶+<<<=巡。“连连刹住车”还说明了是连续急转弯，参考连续急转弯指示牌标志。,巡
我有一言不能忘(猜一字),提示：“我”理解为自己，扣“己”。“言”理解为言字旁“讠”。讠+己=记。“不能忘”说明需要记住，扣“记”，第二次紧扣谜底。,记
为人要直(猜一字),提示：“直”理解为竖直，符号为“丨”。“丨”与谜面中的“人”组成字“个”。丨+人=个。,个
春节后干劲冲天(猜一字),提示：“春节后”指的是“春”字笔画的后面部分节省，去掉，剩下“三人”。“干劲冲天”指的是“干”字笔画的（丨）冲出去，变成字“二丨”。,奉
添得酒后香四溢(猜一字),提示：“酒后”理解为“酒”字的后面部分，为“酉”。“香”理解为香醇，扣“醇”。“添得酒后香四溢”反过来理解就是“醇”字的“酉”没有添加，减少了，剩下“享”。醇-酉=享。,享
准备在先，再稍改动(猜一字),提示：“准备在先”理解为“准备”二字的先头部分，分别为“冫攵”。“再稍改动”理解为“冫攵”稍微改动一下笔画，组成字“冬”。,冬
一个小呆瓜，躲在草底下(猜一字),提示：“一个”理解为一个人，扣“人”，“人”理解为单人旁“亻”。“呆”明扣。“草”理解为草字头“艹”。亻+呆+艹=葆。,葆
去，一直去(猜一字),提示：“直”理解为竖直，形状为“丨”。“去，一直去”理解为“去”字去掉“丨”，剩下“云”。去-丨=云。,云
小两口阶前排污水(猜一字),提示：“小两口”指的是两个“口”字，即“口口”。“阶前”指的是“阶”字的前面部分，为“阝”。“排污水”指的是“污”字的“水（氵）”排掉了，剩下“亏”。口+口+阝+亏=鄂。,鄂
放他一马叫滚人(猜一字),提示：“人”理解为单人旁“亻”。“放他一马叫滚人”理解为“他”字的“亻”放走了，剩下“也”，“也”与“马”组成字“驰”。,驰
刃(猜一字),提示：“刃”的字义为“刀、剑等锋利的部分；刀口”，扣“刀口”二字。“刀”与“口”组成字“召”。,召
雨天没有阴天有，田里没有湖里有，今天没有明天有(猜一字),提示：谜面中“阴”“湖”“明”三字都有的笔画部分为“月”。,月
战前选先锋(猜一字),提示：“战前”理解为“战”字的前面部分，为“占”。“先锋”理解为“锋”字的先头部分，为“钅”。钅+占=钻。,钻
难免又生是非(猜一字),提示：“难免又”理解为“难”字免除掉了“又”，剩下“隹”。“是非”理解为数学中的符号“+一”。“隹”与“+一”组成字“堆”。,堆
恐龙在广场(猜一字),提示：“恐龙在广场”指的是“龙”与“广”调整笔画，组成“庞”。,庞
引火闪电雷呜，张口怒吼高声，伸手亲切搂抱，穿衣挡寒御风(猜一字),提示：谜底“包”字有“火”组成字“炮”，炮弹爆炸的时候威力无穷。谜底“包”字有“口”组成字“咆”，咆哮的时候说明十分的生气，声音高。“手”理解为提手旁“扌”。“扌”与谜底“包”组成字“抱”。“衣”理解为衣字旁“礻”。“礻”与谜底“包”组成字“袍”，袍子能够抵御寒冷。,包
春走三人，生牛走了(猜一字),提示：“春走三人”指的是“春”笔画去掉“三人”，剩下“日”。“生牛走了”指的是“生”笔画“牛”去掉，剩下“一”。一+日=旦。,旦
多两点没力(猜一字),提示：“两点”理解为“、、”。“多两点没力”理解为“力”字多了“、、”，组成字“为”。,为
驳回诉求(猜一字),提示：“驳回诉求”说明白告了，扣“白告”，“白告”调整笔画，组成“皓”字。,皓
横看直看皆一样(猜一字),提示：“田”理解为“田”字横着看是“田”，竖着看也是“田”字。,田
留下一点(猜一字),提示：“留下”理解为“留”字的下面部分，为“田”。“点”理解为符号“、”。“、”“田”与谜面中的“一”组成字“亩”。,亩
两个人分手后拜拜(猜一字),提示：“两个人分手后拜拜”理解为两个“手”字，即“手手”，“手手”与“分”组成字“掰”。手+手+分=掰。,掰
乍看有一人，数数上万千(猜一字),提示：“一”与“乙”谐音相扣。“人”理解为单人旁“亻”。亻+乙=亿。,亿
先立后破，飞速转型(猜一字),提示：“先立”指的是“立”笔画先头部分，为“、”。“后破”指的是“破”笔画后面部分，为“皮”。“飞速转型”指的是“飞”笔画从左往右旋转180度。,疲
牛牛多了两条腿(猜一字),提示：“两条腿”的形状为“八”。“牛牛多了两条腿”理解为“牛”字多了“八”，组成字“朱”。牛+八=朱。,朱
朋友走又一个月(猜一字),提示：“朋友走又一个月”指的是“朋友”二字笔画的“又”“月”走了，去掉，剩下部分组成字“有”。,有
萧墙前后(猜一字),提示：“萧墙前后”指的是“萧”字笔画的前面部分“艹”；“墙”字笔画的后面部分“啬”。啬+艹=蔷。,蔷
一心要就业(猜一字),提示：谜面中的“一心”与“业”组成字“恶”。一+心+业=恶。,恶
离开台北到北京(猜一字),提示：“离开”理解为“开”字笔画分离开，拆分为“一廾”。“台北”理解为“台”字的北面（上面部分），为“厶”。“北京”理解为“京”字的北面（上面部分），为“、”。,弃
汉高祖还乡容已改(猜一字),提示：“汉高祖”指的是“刘邦”，扣“邦”。“乡容已改”理解为“乡”字改变容貌，调整笔画，变成字“纟”。纟+邦=绑。,绑
半册多一点(猜一字),提示：“点”指的是符号“、”。“半册多一点”指的是“册”字的一半多一“、”，组成字“丹”。,丹
上面六有多，下面四有余(猜一字),提示：“上面六有多”理解为“六”字多出来一部分，变成字“兴”。“下面四有余”理解为“四”字多出来部分，变成字“皿”。兴+皿=益。,益
上下一致方向正(猜一字),提示：“上下一致”指的是上下都是“一”，说明有两个“一”，即“一一”。“方”理解为方格，形状为“口”。“正”指的是正号，符号为“+”。“上下一致方向正”指的是“一一”“口”与“+”组成字“呈”。,呈
劈开五岳(猜一字),提示：“五岳”指我国历史上的五大名山，即东岳泰山、西岳华山、南岳衡山、北岳恒山和中岳嵩山。“劈开五岳”说明将山分开，扣“分山”，“分”与“山”组成字“岔”。分+山=岔。,岔
一对燕子南南飞，一只瘦的一只肥，一年当中有一次，一月当中有三回(猜一字),提示：“一年当中有一次”说的是“八月”。“一月当中有三回”说的是每月的“八号、十八号、二十八号”。,八
只可我负天下人(猜一字),提示：“人”理解为单人旁“亻”。“亻”与谜面中的“可”组成字“何”。亻+可=何。,何
几时又见白头人(猜一字),提示：“几”“又”明扣。“白头”指的是“白”字笔画的头部，为“丿”。“人”理解为单人旁“亻”。亻+丿+几+又=役。,役
人一高兴就先笑(猜一字),提示：“人一”明扣。“高兴”理解为“兴”字的高处，上面部分，为“ツ一”。“先笑”理解为“笑”字的先头部分，为“⺮”。,签
无水河(猜一字),提示：“水”理解为三点水“氵”。“无水河”理解为“河”字无“氵”，剩下“可”。河-氵=可。,可
日照江畔盛世下(猜一字),提示：“日”明扣。“江畔”指的是“江”字笔画的一边，取“氵”。“盛世下”指的是“盛”字笔画的下面部分，为“皿”。皿+日+氵=温。,温
真心依旧(猜一字),提示：“真心”理解为“真”字的中心部分，为“三”。“三”与谜面中的“旧”组成字“旺”。三+旧=旺。,旺
犁跑了牛，样跑了羊(猜一字),提示：“犁跑了牛”指的是“犁”笔画去掉“牛”，剩下“利”。“样跑了羊”指的是“样”笔画“羊”去掉，剩下“木”。,梨
用其心而谋面(猜一字),提示：“其心”指的是“其”字笔画的中心部分，为“二”。“而”明扣。“用其心而谋面”说明“面”字笔画中的“二”“而”未见到，去掉，剩下“一”。,一
二人勤下功夫上百天(猜一字),提示：“二人勤下功夫”指的是“二人勤”三字笔画的“功夫”去掉，剩下“革”。“上百”指的是“百”字笔画的上面部分，为“一”。“天”即“日”之意，比如：一天（一日）。日+一+革=靼。,靼
看上去不多(猜一字),提示：“看上去”理解为“看”字去掉上面部分，剩下“目”。“不多”说明少，扣“少”。少+目=省。,省
西挪东借(猜一字),提示：“西挪”理解为“挪”字的西面（左边部分），为“扌”。“东借”理解为“借”字的东面（右边部分），为“昔”。昔+扌=措。,措
断墙柳半垂(猜一字),提示：“断墙”指的是“墙”字笔画断掉部分，去掉部分，剩下“啬”。“柳半”指的是“柳”字笔画的一半，取“木”。木+啬=樯。,樯
住房不足(猜一字),提示：“住房不足”理解为“住房”二字笔画不足，缺少部分，分别剩下“亻方”，“亻”与“方”组成字“仿”。亻+方=仿。,仿
火尽炉冷，平添意马心猿(猜一字),提示：“火尽炉冷”理解为“炉”字的“火”烧尽了，没有了，剩下“户”。“户”与谜面中的“马”组成字“驴”。户+马=驴。,驴
清早烟草起火(猜一字),提示：“清早烟草起火”指的是清除“烟草”笔画的“早”，剩下“艹烟”，“艹烟”笔画的“火”起身离开，剩下“艹因”。,茵
曲调变了，余音犹在(猜一字),提示：“曲调变了”理解为“曲”字调节笔画，再与“了”组成字“邮”。曲+了=邮。“余音犹在”理解为谜底与“犹”同音，“邮”与“犹”同音相扣。,邮
狗吠声连户内外(猜一字),提示：“狗吠声”指的是狗叫的声音“汪汪汪”，扣“汪”字。“户”指的是门户，扣“门”。“门”与“汪”组成字“润”。门+汪=润。,润
配音演员演出(猜一字),提示：“演出”实际上也是演员的一种练习，扣“习”。“习”与谜面中的“音”组成字“韵”。习+音=韵。,韵
出丑了(猜一字),提示：“出”即“卖”之意。“丑”为十二地支，与十二生肖中的“牛”相扣。牛+卖=犊。,犊
春末夏初昼渐长(猜一字),提示：“春末”理解为“春”字的末尾部分，为“日”。“夏初”理解为“夏”字的初始部分，为“一”。“春末夏初昼渐长”反过来理解就是“昼”字的“一”“日”没有生长，剩下“尺”。谜面中的“长”读第三声，义为“生长”。,尺
上面出头说原因，下面出头是冠军，上下出头是上海，都不出头在农村(猜一字),提示：“田”字出头，变成字“由”，“由”字义为“原因”。“田”字下面出头为“甲”，“甲”字义为“第一”，冠军就是第一名。“田”字上面下面出头为“申”字，“申”为上海的简称。“田”是在农村，田地里面可以种庄稼，稻谷。,田
直接进口(猜一字),提示：“直”理解为竖直，形状为“丨”。“丨”与谜面中的“口”组成字“中”。丨+口=中。,中
恰好七夕一相会(猜一字),提示：谜面中的“七夕一”三字组成字“死”。,死
你猜着一半(猜一字),提示：“你猜着一半”理解为“你猜”二字各取一半，分别取“亻青”，“亻”与“青”组成字“倩”。亻+青=倩。,倩
画中西子古来少(猜一字),提示：“画中”指的是“画”字笔画的中间部分，为“田”。“西子”指的是西子湖；“西子古来少”指的是“湖”字笔画中的“古”少，去掉，剩下“氵月”。,渭
个个相助汗水流(猜一字),提示：“个个”指的是“个”与“个”组成竹字头“⺮”。“水”指的是三点水（氵）。“汗水流”指的是“汗”字的“氵”流走了，剩下字“干”。“个个相助汗水流”指的是“⺮”相助“干”，组成字“竿”。⺮+干=竿。,竿
萌动(猜一字),提示：“艹”是由“十十”组成的字，“艹”扣“十十”。“萌动”理解为“萌”字变动，调整笔画，变成字“朝”。,朝
小小老鼠路边逛，猫儿在后却未吃(猜一字),提示：“小小老鼠路边逛，猫儿在后却未吃”说明猫儿的眼睛瞎了，扣“瞎”。,瞎
一文不取(猜一字),提示：“一文不取”理解为“文”字的“一”不取，没有了，剩下“义”。,义
提前致富上波音(猜一字),提示：“提前”理解为“提”字的前面部分，为“扌”。“致富”理解为发财，扣“发”。发+扌=拨。“波音”理解为谜底与“波”同音，“拨”与“波”同音相扣。,拨
驿后离别断桥边(猜一字),提示：“驿后离别”指的是“驿”字笔画后面部分离别，去掉，剩下“马”。“断桥边”指的是“桥”字笔画的一边断了，去掉，剩下“乔”。乔+马=骄。,骄
吹竹笛迎春(猜一字),提示：“竹”理解为竹字头“⺮”；“吹竹笛”指的是“笛”字笔画的“⺮”吹走，去掉，剩下“由”。“春”五行属木，扣“木”。木+由=柚。,柚
我的心(猜一字),提示：“吾”的字面意思是“我”，“我”扣“吾”。“心”指的是竖心旁“忄”。“忄”与“吾”组成字“悟”。忄+吾=悟。,悟
不听从个人安排(猜一字),提示：“个人安排”指的是“个”字笔画中的“人”安排走了，去掉，剩下“丨”。“不听从个人安排”指的是“听”字笔画中的“丨”不要了，剩下部分调整笔画，变成字“后”。,后
一口咬破衣(猜一字),提示：“破衣”说明是破损的衣服，即“衣”字拆开使用。“一口咬破衣”理解为“一口”与“衣”组成字“衰”。,衰
不在北京在南京(猜一字),提示：“不在北京”理解为“京”字的北面（上面部分）不要了，剩下“小”。“南京”理解为“京”字的南面（下面部分），为“小”，第二次紧扣谜底。,小
梦中有，醒来无；死了有，活着无；多则有，少则无(猜一字),提示：“梦、死、多”三字都含有的笔画部分，为“夕”。,夕
用心整容(猜一字),提示：“用心”理解为“用”字的中心部分，为“二丨”；“用心整”理解为“二丨”调整笔画，旋转方向，变成字“艹”。“艹”与谜面中的“容”组成字“蓉”。艹+容=蓉。,蓉
给西服钉个扣(猜一字),提示：“西服”理解为“服”字的西面（左边部分），为“月”。“月”与谜面中的“扣”组成字“捐”。月+扣=捐。,捐
心上想着第二名(猜一字),提示：“第二名”理解为亚军，扣“亚”。“亚”与谜面中的“心”组成字“恶”。亚+心=恶。,恶
一日一里分上下，一根棍子腰中插(猜一字),提示：“棍子”的形状为“一”。“一”与谜面中的“日”“里”组成字“量”。一+日+里=量。,量
左边加一，右边减一，正好两千(猜一字),提示：“任”字的左边加“一”，“任”字左边成“千”字；“任”字的右边减“一”，“任”字的右边成“千”；即两个千。,任
累得半死的马驹(猜一字),提示：“累得半死的马驹”理解为“累”字占一半，还有一个“马”字，组成字“骡”。累+马=骡。,骡
您既不安心，干脆不留人(猜一字),提示：“您既不安心”理解为“您”字的“心”不要了，剩下“你”。“人”理解为单人旁“亻”。“您既不安心，干脆不留人”理解为“你”字的“亻”不留，剩下“尔”。你-亻=尔。,尔
先要挪动后到位(猜一字),提示：“先要挪”指的是“挪”字笔画的先头部分，为“扌”。“后到位”指的是“位”字笔画的后面部分，为“立”。立+扌=拉。,拉
大厂用电多一点(猜一字),提示：“点”理解为符号“、”。“、”与谜面中的“大厂”“电”组成字“庵”。、+大+厂+电=庵。,庵
两人步行(猜一字),提示：“两人”理解为两个“人”字，即“人人”，“人人”理解为双人旁“彳”。“步行”说明是走路，扣“走”。走+彳=徒。,徒
其中有苦心(猜一字),提示：“其中”理解为“其”字的中间部分，为“二”。“苦心”理解为“苦”字的中心部分，为“十”。十+二=王。,王
四星相伴对残月(猜一字),提示：“星”理解为星星，星星的形状为“、”。“四星”理解为四点，即“、、、、”。“残月”的形状如“弓”形，扣“弓”；“对残月”理解为一对“弓”字，即“弓弓”。“四星相伴对残月”理解为“弓弓”与“、、、、”组成字“弱”。,弱
零售一半(猜一字),提示：“零售一半”理解为“零售”二字各取一半，分别取“雨隹”，“雨”与“隹”组成字“霍”。雨+隹=霍。,霍
亏得双方明日走(猜一字),提示：“亏”明扣。“方”理解为方格，形状为“口”；“双方”指的是一双“口”，即“口口”。“明日走”指的是“明”字笔画中的“日”走了，去掉，剩下“月”。月+口+口+亏=腭。,腭
拿刀割草(猜一字),提示：“草”理解为草字头“艹”。“艹”与谜面中的“刀”组成字“节”。艹+刀=节。,节
差差错错归一人(猜一字),提示：“差”理解为做错题老师打的“×”，“错”理解为错误的符号，为“×”；“差差错错”扣“××××”。“××××”与谜面中的“一人”组成字“爽”。,爽
情语半吐未曾悟(猜一字),提示：“情语半吐未曾悟”理解为“情语”二字笔画中的“悟”不要了，分别剩下“青讠”，“讠”与“青”组成字“请”。讠+青=请。,请
嘴边有三十个贝壳(猜一字),提示：“嘴边”理解为“嘴”字的一边，取“口”。“三十”理解为三个“十”字，即“十十十”，“十”与“十”组成字“艹”，另外一个明扣“十”。“十”“艹”“口”与谜面中的“贝”组成字“喷”。十+艹+口+贝=喷。,喷
又添十口(猜一字),提示：谜面中的“又”字添加“十口”组成字“吱”。又+十+口=吱。,吱
暗藏玄机不作声(猜一字),提示：“玄机”指的是“鱼玄机”，扣“鱼”。“暗”“不作声”指的是“暗”笔画中的声“音”不要，去掉，剩下“日”。日+鱼=鲁。鱼玄机，女，晚唐诗人，长安(今陕西西安)人。初名鱼幼薇，字蕙兰。,鲁
挖去方砖补水泥(猜一字),提示：“方”理解为方格，形状为“口”。“水”理解为三点水“氵”；“补水泥”理解为“泥”字没有“氵”，剩下“尼”。尼+口=呢。,呢
妇女翻身(猜一字),提示：“妇女翻身”这件事最高兴，最欢喜的就是女子了，扣“喜女”，“喜”与“女”组成字“嬉”。喜+女=嬉。,嬉
十二点方到(猜一字),提示：“点”理解为“、”。“方”理解为方格，形状为“口”。“口”“、”与谜面中的“十二”组成字“国”。,国
左住二十天，右住一个月，观赏长流水，有起又有落(猜一字),提示：“二十天”即“二十日”，“二十”理解为两个“十”字，即“十十”。“水”理解为三点水“氵”。“氵”“十十日”与谜面中的“月”组成字“潮”。,潮
喝水就泻(猜一字),提示：“水”理解为三点水“氵”。“喝水就泻”理解为“泻”字的“氵”喝掉了，没有了，剩下“写”。泻-氵=写。,写
天上明月泻春色(猜一字),提示：“天上”理解为“天”字的上面部分，为“一”。“明月泻”理解为“明”字的“月”泻了，剩下“日”。“春”五行属“木”。日+一+木=查。,查
不出头后不成字(猜一字),提示：“不出头”理解为“不”字出头，变成字“木”。“木”与谜面中的第二个“不”组成字“杯”。不+木=杯。,杯
驷马难追(猜一字),提示：“驷马难追”的意思就是言出必行，扣“言出”二字，“言”指的是言字旁“讠”，“讠”与“出”组成字“诎”。讠+出=诎。,诎
用心一听是风声(猜一字),提示：“用心”理解为“用”字的中心部分，为“二丨”。“二丨”与谜面中的“一”组成字“丰”。“风声”理解为谜底与“风”读音相同，即谜底“丰”与“风”同音相扣。,丰
岁末年尾爱出头(猜一字),提示：“岁末”理解为“岁”字的末尾部分，为“夕”。“年尾”理解为“年”字的尾部。“爱出头”理解为“爱”字的头部“爫冖”。,舜
古稀之年停刊后(猜一字),提示：“古稀之年”是七十岁的代称，扣“七十”，“七”与“十”组成字“车”。“停刊后”指的是“刊”字笔画的后面部分停了，去掉，剩下“干”。干+车=轩。,轩
女生一白遮百丑(猜一字),提示：“一白遮百”理解为“百”字的“一白”被遮住了，没有了，解谜底时忽略这几个字。谜面中的“女”与“丑”组成字“妞”。女+丑=妞。,妞
老头早上到祁东(猜一字),提示：“老头”理解为“老”字的头部，为“土丿”。“早上”理解为“早”字的上面部分，为“日”。“祁东”理解为“祁”字的东面（右边部分），为“阝”。阝+土丿+日=都。,都
昨夜西楼帘半掩(猜一字),提示：“夜”说明是晚上，没有“日（太阳）”；“昨夜”理解为“昨”字没有“日”，剩下“乍”。“西楼”理解为“楼”字的西面部分（左边部分），为“木”。“帘半掩”理解为“帘”字的一半隐藏起来了，剩下“穴”。乍+木+穴=榨。,榨
行止千万端(猜一字),提示：“行止”指的是“行”字笔画的终止部分，为“丁”。“千万端”指的是“千”字笔画的开端，为“亻”。亻+丁=仃。,仃
一包点心(猜一字),提示：“点心”理解为“点”字的中心部分，为“口”。“口”与谜面中的“包”组成字“咆”。口+包=咆。,咆
话说全了再解释(猜一字),提示：“话说”指的是言语，扣“言”，“言”理解为言字旁“讠”。“全”明扣。,诠
人初见面一定小心(猜一字),提示：“人”明扣。“初见面”指的是“见面”二字笔画的初始部分，分别为“冂”“一丿”。“一”明扣。“小心”指的是“小”字笔画的中心部分，为“亅”。,顶
酒后关公独辞别(猜一字),提示：“酒后”指的是“酒”字笔画的后面部分，为“酉”。“独”字义为“一个”，扣“一”；“关公独辞别”指的是“关”字笔画中的“一”辞别，剩下“丷大”。丷+大+酉=奠。,奠
人人要吃马兰头(猜一字),提示：“人人”指的是个个，“个”与“个”组成字“竹”，“竹”理解为竹字头“⺮”。“马”明扣。,笃
史载一官员(猜一字),提示：谜面理解为“史”字载入“一”，变成“吏”字。,吏
听其声，出乎意料，观其貌，并非偶然(猜一字),提示：“听其声”理解为“其”与谜底“奇”读音相同。“奇”字义为“出人意料的”，与谜面中的“出乎意料”相扣。“观其貌，并非偶然”理解为不是偶数，是奇数，扣“奇”。,奇
人家帘幕垂(猜一字),提示：“户”字义为“人家”，与谜面中的“人家”相扣。“帘幕垂”指的是垂着的帘幕，形状为“非”。非+户=扉。,扉
人无信不立(猜一字),提示：“人”指的是单人旁（亻）。“人无信不立”指的是“信”字无“亻”，剩下字“言”。,言
秋前方到草原上(猜一字),提示：“秋前”指的是“秋”字笔画的前面部分，为“禾”。“方”理解为方格，形状为“口”。“草”理解为草字头“艹”。艹+口+禾=菌。,菌
风帆一片水连天(猜一字),提示：“风”的形状为“丿”。“帆”的形状为“口”。“一”明扣。“水”理解为三点水“氵”。氵+一+口+丿=泊。,泊
力求无后虑(猜一字),提示：“力”明扣。“无后虑”指的是“虑”字笔画的后面部分（心）无，去掉。,虏
萤火点点不见虫(猜一字),提示：“点点”理解为符号“、、”。“萤火点点不见虫”理解为“萤”字的“虫”不见了，剩下部分再与“火”组成字“荧”。,荧
千言万语(猜一字),提示：“千言万语”说明说的句子多，扣“句多”，“句”与“多”组成字“够”。,够
珍珠玛瑙，样样俱全(猜一字),提示：“珍珠玛瑙”四字笔画都具有的部分，为“王”。,王
楼台孤帆一声去(猜一字),提示：“楼”指的是楼房，形状为“且”。“帆”指的是张开帆的帆船，形状为“虫”。虫+且=蛆。“一声去”指的是谜底的读音与“去”谐音。,蛆
沿水漂来一叶舟(猜一字),提示：“水”理解为三点水“氵”。“沿水漂”理解为“沿”字的“氵”漂走了，剩下“几口”。“几口”与谜面中的“舟”组成字“船”。,船
后羿射下七个太阳(猜一字),提示：“日”字义为“太阳”，与谜面中的“太阳”相扣。天上一共有十个太阳（日），后羿射下七个太阳，还剩下三个太阳（日），扣“三日”，“三日”理解为三个“日”字，即“日日日”，组成字“晶”。日+日+日=晶。,晶
幕后文章不成文(猜一字),提示：“幕后”指的是“幕”字笔画的后面部分，为“巾”。“章”明扣。章+巾=幛。“不成文”指的是解谜的时候不要“文”字，即解谜的时候忽略掉。,幛
人生有离合，爱心永不变(猜一字),提示：“生有离合”理解为“生”字拆分分离开，变成“牛一”二字。“爱心”理解为“爱”字的中心部分，为“冖”。“牛一”“冖”与谜面中的“人”组成字“牵”。,牵
注册没有一点水分(猜一字),提示：“点”理解为“、”。“水”理解为三点水“氵”。“注册没有一点水分”理解为“注册”二字的“、氵”没有了，剩下“王册”，“王”与“册”组成字“珊”。王+册=珊。,珊
再有三日就是春(猜一字),提示：“再有三日就是春”说明“春”字的“三日”还没有到，剩下“人”。春-三-日=人。,人
仅仅少两人(猜一字),提示：“人”理解为单人旁“亻”；“两人”理解为两个“亻”，即“亻亻”。“仅仅少两人”理解为“仅仅”的“亻亻”少了，没有了，剩下“又又”，“又”与“又”组成字“双”。又+又=双。,双
唱了一日人欢聚(猜一字),提示：“唱了一日”理解为“唱”字了却了“日”，剩下“口日”。“口日”与谜面中的“人”欢聚，组成字“咽”。口日+人=咽。,咽
十口之间，有我一半(猜一字),提示：“我一半”理解为“我”字的一半，取“戈”。“戈”与谜面中的“十口”组成字“哉”。戈+十+口=哉。,哉
两人至异乡(猜一字),提示：“两人”理解为两个“人”字，即“人人”。“异乡”理解为“乡”字变异，调整笔画，变成字“纟”。纟+人+人=纵。,纵
手工课相碰(猜一字),提示：“手”理解为提手旁“扌”。“扌”与谜面中的“工”碰在一起，组成字“扛”。扌+工=扛。,扛
一起破门擒吕布(猜一字),提示：“一”明扣。“破门”指的是“门”字笔画打破，拆分变成“、冂”。“吕”明扣。,高
用心记下(猜一字),提示：“心”明扣。“记下”指的是“记”字笔画的下面部分（后面部分），为“己”。己+心=忌。,忌
同心却一直不用心(猜一字),提示：“同心”指的是“同”字笔画的中间部分，为“一口”。“一”明扣。“直”指的是竖直，形状为“丨”。“不用心”指的是“用”字笔画的中心部分不要，剩下“冂”。,周
欲言又止(猜一字),提示：“言”理解为言字旁“讠”。“欲言又止”理解为某人欲言又止，扣“人言”二字，“人”与“讠（言）”组成字“认”。讠+人=认。,认
四川瓜不足(猜一字),提示：“瓜不足”理解为“瓜”字不足，需要去掉部分，剩下“爪”。“爪”与谜面中的“四”组成字“爬”。四+爪=爬。,爬
八方打听谋就业(猜一字),提示：“方”理解为方格，形状为“口”。“听”肯定要用耳朵听，扣“耳”。“耳”“口”与谜面中的“八”组成字“职”。口+耳+八=职。,职
加倍不少，加一不好(猜一字),提示：“不少”说明很多，扣“多”。“加倍不少”反过来理解就是“多”字减少一半，剩下“夕”。“歹”字义为“坏”，与谜面中的“不好”相扣。“加一不好”反过来理解就是“歹”字减少“一”，剩下“夕”。,夕
一知半晓，心计不少(猜一字),提示：“半晓”理解为“晓”字的一半，取“日”。“日”与谜面中的“知”组成字“智”。日+知=智。“心计不少”说明智商很高，心机多，扣“智”，第二次紧扣谜底。,智
顶天立地赤子心(猜一字),提示：“顶天”理解为“天”字的顶部，为“一”。“立地”理解为“立”字的下面部分，为“一”，第二次紧扣谜底。“赤子心”理解为“赤”字的中心部分，为“一”，第三次紧扣谜底；“子”字的中心部分，还是“一”，第四次紧扣谜底。,一
减肥之后合府庆(猜一字),提示：“减肥之后”指的是“肥”字笔画的后面部分减掉，剩下“月”。“府”明扣。月+府=腑。,腑
败后出丑(猜一字),提示：“败后”理解为“败”字的后面部分，为“攵”。“丑”与十二生肖中的“牛”相扣。牛+攵=牧。,牧
行人弓箭各在腰(猜一字),提示：谜面中的“人”和“弓”组成字“夷”。人+弓=夷。,夷
工作从来都出众(猜一字),提示：“工”明扣。“从来都出众”指的是“众”字笔画的“从”出去，去掉，剩下“人”。人+工=仝。,仝
闰土一别心牵挂(猜一字),提示：“闰土一别”理解为“闰”字的“土一”离别了，剩下“门”。“门”与谜面中的“心”组成字“闷”。门+心=闷。,闷
一半打烊(猜一字),提示：“一半打烊”理解为“打烊”二字各取一半，分别取“丁火”，“丁”与“火”组成字“灯”。丁+火=灯。,灯
人在前头走(猜一字),提示：“前头走”理解为“前”字的头部走了，剩下“一月刂”。“一月刂”与谜面中的“人”组成字“俞”。,俞
千口相结合，小刀右边挂(猜一字),提示：“千口相结合”理解为“千”与“口”相结合，组成字“舌”。“刀”理解为利刀旁“刂”。刂+舌=刮。,刮
忙中一直添差错(猜一字),提示：“直”理解为竖直，形状为“丨”。“差错”理解为做错题老师打的“×”。“×”“丨”与谜面中的“忙”组成字“恼”。,恼
江东之人皆出众(猜一字),提示：“江东”指的是“江”字笔画的东面（右边部分），为“工”。“人皆出众”指的是“众”字笔画中的“人”出去，去掉，剩下“从”。从+工=巫。,巫
渡头烟火起(猜一字),提示：“渡头”指的是“渡”字笔画的头部，为“氵”。“烟火起”指的是“烟”字笔画的“火”起开，去掉，剩下“因”。因+氵=洇。,洇
人口增加(猜一字),提示：“人”理解为单人旁“亻”。“加”理解为加号，形状为“十”。“十”“亻”与谜面中的“口”组成字“估”。十+亻+口=估。,估
人人都是飞毛腿(猜一字),提示：“人人都是飞毛腿”说明个个都跑得快，扣“个个快”，“个”与“个”组成字“竹”，“竹”理解为竹字头“⺮”，“⺮”与“快”组成字“筷”。⺮+快=筷。,筷
到点不见哥哥来(猜一字),提示：“点”的形状为“、”。“不”明扣。“哥哥”即“兄”之意。,祝
案中悬疑先后解(猜一字),提示：“案中”理解为“案”字的中间部分，为“女”。“悬疑先后解”理解为“悬疑”二字各自解开部分，“悬”字留下先头部分“月”；“疑”字留下后面部分，即“婿”字没有“女月”的部分。,婿
江边玉兔恰当头(猜一字),提示：“江边”理解为“江”字的一边，取“氵”。“玉兔”是月亮上嫦娥的兔子，代指月亮，扣“月”。“当头”理解为“当”字的头部，为“小”。小+月+氵=消。,消
哪壶先开提哪壶(猜一字),提示：“先开”指的是“开”字笔画的先头部分，为“一”。“哪壶”“提哪壶”指的是“哪壶”提走了，去掉，解谜底的时候忽略掉这几个字。,一
盆中(猜一字),提示：“盆中”理解为“盆”字的中间部分，为“刀”。,刀
丑貌身不矮(猜一字),提示：“丑”与十二生肖中的“牛”相扣。“不矮”说明长得高，扣“高”。高+牛=犒。,犒
近亲结婚，不可取之(猜一字),提示：“之”理解为走之旁“辶”。“近亲结婚，不可取之”理解为“近”字的“辶”不要了，剩下“斤”；“斤”再与“亲”结合，组成字“新”。斤+亲=新。,新
开山造田有所图(猜一字),提示：“开山造田”理解为“山”字打开，再与“田”组成字“画”。山+田=画。“图”理解为图画，扣“画”，第二次紧扣谜底。,画
湘水横流一叶偏舟(猜一字),提示：“水”理解为三点水“氵”。“偏舟”的形状为“乚”。“湘水横流一叶偏舟”理解为“湘”字的“氵”横着，变成“相、、、”，“相、、、”与“乚”组成字“想”。,想
工业用水(猜一字),提示：谜面中的“工”与“水”组成字“汞”。工+水=汞。,汞
残月北斗一星沉(猜一字),提示：“残月”指的是月亮残缺的时候，形状像“乚”。“北斗”指的是北斗七星，“北斗一星沉”指的是“北斗七星”沉了一颗星，还剩六颗星，六颗星的形状为六点，即“、、、、、、”，其中三点组成三点水“氵”，另外三点（、、、）落在“乚”上面，组成字“沁”。,沁
雨落在田上(猜一字),提示：谜面理解为“雨”字落在“田”字上面，组成字“雷”。雨+田=雷。,雷
践约全凭一线牵(猜一字),提示：“践约全凭一线牵”反过来理解就是“践约”笔画中的“线”没有，去掉，剩下“⻊勺”。⻊+勺=趵。,趵
代购前要借笔款(猜一字),提示：“购前”理解为“购”字的前面部分，为“贝”。“贝”与谜面中的“代”组成字“贷”。贝+代=贷。“借笔款”理解为贷款，扣“贷”，第二次紧扣谜底。,货
两点前来表决心(猜一字),提示：“点”理解为“、”；“两点”理解为“、、”。“两点前来表决”反过来理解就是“决”字的“、、”没有了，剩下“夬”。“心”理解为竖心旁“忄”。忄+夬=快。,快
有言在先，即刻转让(猜一字),提示：“言”理解为言字旁“讠”。“有言在先，即刻转让”反过来理解就是“让”字没有“讠”，剩下“上”。让-讠=上。,上
耳朵得了急症(猜一字),提示：“耳”指的是包耳旁“阝”。“症”字义为“疾病”，扣“病”，“病”理解为病字头“疒”。“阝”“疒”与谜面中的“急”组成字“瘾”。阝+疒+急=瘾。,瘾
二人正好远行(猜一字),提示：“二人”理解为双人旁“彳”。“彳”与谜面中的“正”组成字“征”。彳+正=征。“征”字义为“走远路”，与谜面中的“远行”相扣。,征
半帘灯焰暗(猜一字),提示：“半帘”理解为“帘”字的一半，取“宀”。“灯焰暗”理解为“灯”因为没有火焰而十分暗，即“灯”字没有“火”，剩下“丁”。丁+宀=宁。,宁
有水能行船，有手要用肩，有宝献朝廷，有丝色鲜艳(猜一字),提示：“工”字有“水（氵）”是“江”，有“手”是“扛”，有“宝（贝）”是“贡”，有“丝（纟）”是“红”字。,工
一生无邪，半尘不染(猜一字),提示：“无邪”说明人正直，扣“正”。“一生无邪”指的是“正”字无“一”，剩下“止”。“半尘”指的是“尘”字的一半，取“土”字。“土”与“止”组成字“址”。土+止=址。,址
需一笔勾成(猜一字),提示：“需一笔勾成”反过来理解就是“勾”字的一笔不需要了，没有了，剩下部分为“么”。,么
9999+2(猜一字),提示：“9999+2”等于“10001”，“9999+2”说明超过一万足够了，扣“足万”，“足”与“万”组成字“趸”。足+万=趸。,趸
转业到厂(猜一字),提示：“转业到厂”理解为“业”字转动方向，“业”字从上往下转动180度，再与“厂”组成字“严”。,严
步卒五千(猜一字),提示：“步”字义为“行走时两脚之间的距离”，这里扣“行”字。“卒五千”理解为五千口人，扣“五口”二字。行+五+口=衙。,衙
大家搞好团结(猜一字),提示：“大”理解为广大，扣“广”。“户”字义为“家”，与谜面中的“家”相扣。广+户=庐。,庐
一只手的老人(猜一字),提示：“手”理解为提手旁“扌”。“叟”字义为“年老的男人”，与谜面中的“老人”相扣。扌+叟=搜。,搜
十分开心人相会(猜一字),提示：“分开”理解为“开”字拆分开，拆分为“艹一”。“艹一”与谜面中的“十”“人”组成字“奔”。,奔
初谋合纵计终成(猜一字),提示：“初谋”指的是“谋”字笔画的初始部分，为“讠”。“纵”的形状为“丨”。“初谋合纵计终成”反过来理解就是“计”字笔画中的“讠”“丨”没有，去掉，剩下“一”。,一
少了一点良心(猜一字),提示：“点”理解为符号中的“、”。“少了一点良”理解为“良”字少了一“、”，剩下“艮”。“艮”与谜面中的“心”组成字“恳”。艮+心=恳。,恳
党内民主和为先(猜一字),提示：“党内”指的是“党”字笔画的内部，里面部分，为“口”。“民主”指的是“主”字笔画的底部，为“王”。“和为先”指的是“和”字笔画的先头部分，为“禾”。王+口+禾=程。,程
个个背弓挎刀(猜一字),提示：“个个”理解为“个”与“个”组成字“竹”，“竹”理解为竹字头“⺮”。“弓”明扣。“背”形状为“丨”。“刀”形状为“丿”。,第
两火在说话(猜一字),提示：“两火”指的是两个“火”字，即“火火”。“说话”即“言”之意，“言”理解为言字旁“讠”。,谈
广西民族服饰(猜一字),提示：“广西”是壮族自治区，扣“壮”。“服”理解为衣服，扣“衣”。衣+壮=装。,装
歹人持刀杀人又放火(猜一字),提示：“刀”理解为利刀旁“刂”；“歹人持刀杀人”指的是“歹人”“刂”笔画中的“人”被杀死，去掉，剩下“歹”“刂”。“火”的形状为“灬”。灬+歹+刂=烈。,烈
大地同春(猜一字),提示：“地”理解为土地，扣“土”。“春”五行属“木”。木+土=杜。,杜
男人的天下(猜一字),提示：“男人的天下”指的是天下全是男人，说明无女子，扣“无女”。无+女=妩。,妩
空前巧合(猜一字),提示：“空前”指的是“空”字笔画的前面部分，为“穴”。“空前巧合”指的是“穴”与“巧”合拢，组成字“窍”。穴+巧=窍。,窍
添加显示固(猜一字),提示：“加”指的是加号，符号为“+”。“添加显示固”反过来理解就是“固”字笔画中的“+”减少，去掉，剩下“回”。,回
大江截流展新姿(猜一字),提示：“江截流”说明“江”没有水（氵），剩下“工”。“大江截流展新姿”理解为谜面中的“大”展开拆分之后，再与“工”组成字“全”。大+工=全。,全
减去左边重心稳(猜一字),提示：“减去左边”指的是“减”字笔画去掉左边，剩下“咸”。“重心”指的是“心”字笔画重复，即“心心”，其中一个“心”理解为竖心旁“忄”，另外一个“心”明扣。心+忄+咸=憾。,憾
两个人一见就高兴(猜一字),提示：“两个”理解为两个“个”字，即“个个”，“个”与“个”组成字“竹”，“竹”理解为竹字头“⺮”。“高兴”理解为“兴”字的高处（上面部分）。“⺮”“兴”字的高处（上面部分）与谜面中的“一人”组成字“签”。,签
别后转眼赋首诗(猜一字),提示：“别后”理解为“别”字的后面部分，为“刂”。“目”字义为“眼睛”，与谜面中的“眼”相扣。“转眼”理解为“目”字转动，变成字“罒”。“首诗”理解为“诗”字的首部，为“讠”。讠+刂+罒=罚。,罚
幽林生处桂花香(猜一字),提示：“幽林生处桂花香”反过来理解就是“桂”“香”笔画中的“林”没有生出来，去掉，剩下“圭”“丿日”，“圭”与“丿日”组成字“堵”。,堵
土木结构(猜一字),提示：“土木结构”理解为“土”与“木”结合，组成字“杜”。土+木=杜。,杜
宫中府中俱为一体(猜一字),提示：“宫中”理解为“宫”字的中间部分，为“口”。“府中”理解为“府”字的中间部分，为“亻寸”。“宫中府中俱为一体”理解为“口”与“亻寸”合在一起，组成字“咐”。,咐
两人分工(猜一字),提示：“两人”理解为两个“人”字，即“人人”。“人人”与谜面中的“工”组成字“巫”。人+人+工=巫。,巫
回收一半(猜一字),提示：“回收一半”理解为“回收”二字各取一半，分别取“口丩”，“口”与“丩”组成字“叫”。口+丩=叫。,叫
点滴不沾廉归先(猜一字),提示：“点”理解为“、”，“滴”理解为一滴水，形状为“、”。“点滴不”理解为“、”“、”与“不”组成字“衤”。“沾廉归先”理解为“沾”字的先头部分，后面部分绝了，没有了，剩下“卜”。“卜”与“衤”组成字“补”。衤+卜=补。“廉”字义为“绝，断”。,补
十分用心先入戏(猜一字),提示：“十分”等于长度“一寸”，扣“寸”。“心”明扣。“先入戏”指的是“戏”字笔画的先头部分，为“又”。又+心+寸=怼。,怼
人望月影重(猜一字),提示：“人”理解为单人旁“亻”。“月影”指的是“月”与影子“月”，即“月月”；“月影重”指的是“月”与“月”笔画部分重合，组成字“用”。用+亻=佣。,佣
楼上残灯伴小窗(猜一字),提示：“楼上”理解为“楼”字的开始部分，为“木”。“残灯”理解为“灯”字残缺了部分，剩下“丁”。“小窗”的形状为“口”。口+木+丁=柯。,柯
会走路的兵马俑不是人(猜一字),提示：“走”理解为走之旁“辶”。“人”理解为单人旁“亻”，“俑不是人”理解为“俑”字不要“亻”，剩下“甬”。甬+辶=通。,通
争先入川东(猜一字),提示：“争先”理解为“争”字的先头部分，为“⺈”。“川东”理解为四川东面，古代属于巴蜀，扣“巴”。巴+⺈=色。,色
战略武器(猜一字),提示：“戈”字义为“古代兵器，横刃，用青铜或铁制成，装有长柄”，代指“武器”，与谜面中的“武器”相扣。“战略武器”理解为“战”字省略掉了“戈”，剩下“占”。战-戈=占。,占
两手一抱行大礼(猜一字),提示：“两手”理解为两个“手”字，即“手手”。“手手”与谜面中的“一”组成字“拜”。手+手+一=拜。“行大礼”理解为拜礼，拜年，扣“拜”，第二次紧扣谜底。,拜
前抵闽中又一点(猜一字),提示：“前抵”指的是“抵”字笔画的前面部分，为“扌”。“闽中”指的是“闽”字笔画的中间部分，为“虫”。“点”的形状为“、”；“又一点”指的是“又”与“、”组成字“叉”。叉+虫+扌=搔。,搔
我、妻、朋、饿、望、脚、掌、雾、镰(猜一字),提示：“我”说明是本人，扣“本人”，“人”理解为单人旁“亻”，“亻”与“本”组成字“体”。亻+本=体。 “妻”说明是内人，扣“内人”，“内”与“人”组成字“肉”。内+人=肉。 “朋”理解为朋友，说明是故人，扣“故人”，“人”理解为单人旁“亻”，“亻”与“故”组成字“做”。  “饿”说明欠饮食，扣“欠食”，“食”理解为食字旁“饣”，“饣”与“欠”组成字“饮”。饣+欠=饮。  “望”理解为“望月”，“望月”指的是阴历每月十五日夜晚出现的月亮，即每月的中旬，扣“月中”，“月”与“中”组成字“肿”。月+中=肿。 “脚”是人的足，扣“人足”，“,体、肉、做、饮、肿、促、抱、汽、利
三路会合(猜一字),提示：“三路会合”理解为三岔路口的形状，为“丫”。,丫
不恋权又不贪财(猜一字),提示：“不恋权又”指的是“权”字笔画中的“又”不要，去掉，剩下“木”。“财”即“贝”之意；“不贪财”指的是“贪”字笔画中的“贝”不要，去掉，剩下“今”。今+木=枔。,枔
半夜桥畔心正乱(猜一字),提示：“半夜”即“子时”，扣“子”。“桥”的形状为“冖”。“心”理解为竖心旁“忄”。“正”指的是正号，形状为“+”。“半夜桥畔心正乱”指的是“子”“冖”“忄”与“+”组成字“悖”。,悖
爱的误差(猜一字),提示：“差”指的是差错，符号为“×”。“爱的误差”指的是“爱”字笔画中的“×”少了，去掉，剩下“受”。,受
发生口角，大打出手(猜一字),提示：“口角”二字明扣。“大”明扣。“手”理解为提手旁“扌”；“打出手”指的是“打”字笔画中的“扌”出去，去掉，剩下“丁”。丁+口+大+角=觭。,觭
草桥扩建主动点(猜一字),提示：“草”理解为草字头“艹”。“桥”的形状为“冖”。“主动点”指的是“主”字笔画中的点变动，即“主”变成字“玉”。玉+艹+冖=莹。,莹
杯杯不落空(猜一字),提示：“杯杯不落空”理解为“杯杯”二字的“不”都落空了，没有了，剩下“木木”，“木”与“木”组成字“林”。木+木=林。,林
本来就突然，有火能掀翻，手来约五寸，人到不自然(猜一字),提示：“乍”字义为“忽然；突然”，与谜面中的“本来就突然”相扣。“有火能掀翻”理解为谜底“乍”与“火”组成字“炸”，物体爆炸能够掀翻东西，威力很大。“手”理解为提手旁“扌”。“手来约五寸”理解为“扌”与谜底“乍”组成字“拃”，“拃”字义为“表示张开的大拇指和中指或小指两端间的距离”，长度约为“五寸”。“人”理解为单人旁“亻”。“人到不自然”理解为“亻”与谜底“乍”组成字“作”，“作”字义为“假装”，假装的时候，自然是不自然的。,乍
携手战疫病情消(猜一字),提示：“手”理解为提手旁“扌”。“病”理解为病字头“疒”；“战疫病情消”指的是“疫”字笔画中的“疒”消除，去掉，剩下“殳”。殳+扌=投。,投
广结慧心人(猜一字),提示：“广”明扣。“慧心”指的是“慧”字笔画的中心部分，为“彐”。“人”明扣。人+广+彐=庚。,庚
不直接到达终点(猜一字),提示：“直”指的是竖直，形状为“丨”。“达”明扣。“点”的形状为“、”。,述
确定前面竹竿下(猜一字),提示：“确定前”指的是“确”字笔画的前面部分，为“石”。“竿下”指的是“竿”字笔画的下面部分，为“干”。干+石=矸。,矸
有人不虚心(猜一字),提示：“人”理解为单人旁“亻”。“不虚心”说明骄傲，扣“傲”。“有人不虚心”反过来理解就是“傲”字没有“亻”，剩下“敖”。傲-亻=敖。,敖
直通未来(猜一字),提示：“直”理解为竖直，形状为“丨”。“未”与十二生肖中的“羊”相扣。“直通未来”反过来理解就是“羊”字的“丨”没有了，剩下“兰”。羊-丨=兰。,兰
残红又入秋千里(猜一字),提示：“残红”指的是“红”字笔画残缺，剩下“纟”；“残红又”说明“纟”重复，即“纟纟”，“纟纟”稍微变形，变成“幺幺”。“千里”指的是千里江山，扣“山”。山+幺+幺=幽。,幽
一夜梦游山水中(猜一字),提示：“一”明扣。“夕”字义为“晚上”，与谜面中的“夜”相扣。“山水中”指的是“山”“水”二字笔画的中间部分，分别为“丨”“亅”。丨+亅+一+夕=列。,列
人离休要荐才(猜一字),提示：“人”理解为单人旁“亻”；“人离休”理解为“休”字的“亻”离开了，没有了，剩下“木”。“木”与谜面中的“才”组成字“材”。木+才=材。,材
江边曲径引人至(猜一字),提示：“江边”理解为“江”字的一边，取“氵”。“曲径”理解为弯曲的小路，形状为“及”字没有“人”的部分。“人”明扣。,汲
家要一半(猜一字),提示：“家要一半”理解为“家要”二字各取一半，分别取“宀女”，“宀”与“女”组成字“安”。宀+女=安。,安
羚羊出没悬崖顶(猜一字),提示：“羚羊出”指的是“羚”字笔画的“羊”出去，去掉，剩下“令”。“崖顶”指的是“崖”字笔画的顶部，为“山”。山+令=岭。,岭
"天上云遮月,地下雨打船(猜一字)",提示：“天上云遮月”指的是“云”与“月”笔画有覆盖的地方，组成字“县”。“雨”指的是雨水，形状为“、”，这里用“、、、”代指。“船”的形状为“乚”。,悬
湖心开着一枝莲(猜一字),提示：“湖心开”指的是“湖”字笔画的中心部分开除，去掉，剩下“氵月”。“一枝莲”指的是一枝莲花，形状为“屰”。“湖心开着一枝莲”指的是“湖”字中心的“古”用“屰”替换，得到字“溯”。,溯
来日生子称李旺(猜一字),提示：“来日生子称李旺”反过来理解就是“李旺”的“日”“子”没有来，剩下“木王”，“木”与“王”组成字“枉”。木+王=枉。,枉
湖中舟前耍大刀(猜一字),提示：“湖中”理解为“湖”字的中间部分，为“古”。“舟前”理解为“舟”字的前面部分，开始部分，为“丿”。“刀”理解为利刀旁“刂”。刂+古+丿=刮。,刮
一一入火(猜一字),提示：谜面中的“入”要理解为“人”，“人”理解为单人旁“亻”。“亻”与谜面中的“一一”“火”组成字“侠”。亻+一+一+火=侠。,侠
日长月短左右战，一正一反两边排(猜一字),提示：“门”繁体字为“門”。“門”字左边部分为变长的“日”，右边部分为变短的“月”。,门
此日重逢人垂泪(猜一字),提示：“日”明扣。“重逢人垂泪”反过来理解就是“人垂泪”笔画中的“重”没有相逢，剩下“人艹氵一”,漠
大一点点(猜一字),提示：“点点”理解为“、、”。“、、”与谜面中的“大”组成字“头”。,头
一吟出口泪水洒(猜一字),提示：“吟出口”指的是“吟”字笔画的“口”出去，去掉，剩下“今”。“水”理解为三点水“氵”。氵+今=冷。,冷
非要一聚齐宽心(猜一字),提示：“非”“一”明扣。“宽心”指的是“宽”字笔画的中心部分，为“艹”。艹+一+非=韮。,韮
父归川东(猜一字),提示：“川东”理解为四川的东部地区，古代属于“巴”国。“巴”与谜面中的“父”组成字“爸”。巴+父=爸。,爸
傀儡(猜一字),提示：“傀儡”就是木偶戏里的木头人，扣“木人”，“人”理解为单人旁“亻”，“亻”与“木”组成字“休”。亻+木=休。,休
三十上下模样，却似花儿一般(猜一字),提示：“三十”即三个“十”，即“十十十”；“十”与“十”组成字“艹”；“艹”与剩下的“十”组成字“卉”。,卉
黄梅时节(猜一字),提示：“黄梅时节”说明时令是梅雨季节，扣“令雨”，“令”与“雨”组成字“零”。令+雨=零。,零
我家有只狗，时常跟人走，此字要猜着，等到黄梅后(猜一字),提示：“犬”字义为“狗”，与谜面中的“狗”相扣。“人”理解为单人旁“亻”。亻+犬=伏。“黄梅后”理解为三伏天以后，即夏末秋初，扣“伏”。,伏
暮日降落到村头(猜一字),提示：“暮日降落”理解为“暮”字的“日”降落了，没有了，剩下“莫”。“村头”理解为“村”字的头部，为“木”。木+莫=模。,模
半生半熟(猜一字),提示：“半生”理解为“生”字的一半，取“土”。“半熟”理解为“熟”字的一半，取“孰”。孰+土=塾。,塾
画中悬玉兔，笔底洒流星(猜一字),提示：“画中”理解为“画”字的中间部分，为“田”。“玉兔”是在月亮上面生活的兔子，扣“月”。“笔底”理解为“笔”字的底部，这里取“乚”。“流星”的形状为“、”，这里用“、、、”代指流星。,腮
统一为大(猜一字),提示：“统一为大”反过来理解就是“大”字没有“一”，剩下“人”。,人
九只鸟(猜一字),提示：“九”与“鸟”组成字“鸠”。九+鸟=鸠。,鸠
三山同时倾(猜一字),提示：“三山”理解为三个“山”字，即“山山山”。“三山同时倾”理解为“山山山”同时旋转方向，组成字“帚”。山+山+山=帚.注意：“帚”字没有“彐”的部分为两个“山”字，中间部分“丨”重合了的。,帚
浴后更衣(猜一字),提示：“浴后”理解为“浴”字的后面部分，为“谷”。“衣”理解为衣字旁“衤”。衤+谷=裕。,裕
纵线三个十，大口中间咬(猜一字),提示：“三个十”理解为三个“十”字，即“十十十”。“纵线三个十，大口中间咬”理解为“十十十”众线相连着，“口”字在中间，得到字“車”。,車
前前后后想下(猜一字),提示：“前前”理解为“前”字的前面部分，为“丷”。“后后”理解为“后”字的后面部分，为“口”。“想下”理解为“想”字的下面部分，为“心”。心+口+丷=总。,总
秋末无雨雪(猜一字),提示：“秋末”理解为“秋”字的末尾部分，为“火”。“无雨雪”理解为“雪”字无“雨”，剩下“彐”。彐+火=灵。,灵
追根寻底(猜一字),提示：“追根”理解为“追”字的根部，为“辶”。“寻底”理解为“寻”字的底部，为“寸”。寸+辶=过。,过
少减一笔变(猜一字),提示：“少减一笔变”理解为“少”字减少了一笔，再发生变化，得到字“小”。,小
一出头就长角(猜一字),提示：“午”字中间的“丨”出头了，就变成了字“牛”，牛是有角的动物。,午
听到琴声离人归(猜一字),提示：“听到琴声”指的是谜底的读音与“琴”相同。“离人归”指的是“离”与“人”调整笔画，组成字“禽”。离+人=禽。,禽
有人偷车(猜一字),提示：“人”理解为单人旁“亻”。“有人偷”反过来理解就是“偷”字没有“亻”，剩下“俞”。“俞”与谜面中的“车”组成字“输”。俞+车=输。,输
眉月游弋歌声扬(猜一字),提示：“眉月”指的是月亮的形状像眉毛，形状为“丿”。“弋”明扣。丿+弋=戈。“歌声扬”指的是谜底的读音与“歌”相同。,戈
入伍前曾当和尚(猜一字),提示：“伍前”理解为“伍”字的前面部分，为“亻”。“亻”与谜面中的“曾”组成字“僧”。亻+曾=僧。,僧
比了一半，有心居上(猜一字),提示：“比了一半”指的是“比”字笔画了却了一半，剩下“匕”。“心”理解为竖心旁“忄”。“居上”指的是“居”字笔画的上面部分，为“尸”。尸+匕+忄=怩。,怩
人在马路中(猜一字),提示：“人”明扣。“马路”的形状为“日”。日+人=因。,因
村头一点来聚会(猜一字),提示：“村头”理解为“村”字的头部，为“木”。“点”理解为符号“、”。“村头一点来聚会”理解为“木”与“、”相聚会在一起，组成字“术”。,术
塞上日出云半遮(猜一字),提示：“塞上”理解为“塞”字的上面部分，为“宀”。“云半遮”理解为“云”字遮蔽了一半，剩下“二”。“宀”“二”与谜面中的“日”组成字“宣”。宀+二+日=宣。,宣
京中宽心少林梦(猜一字),提示：“京中”指的是“京”字笔画的中间部分，为“口”。“宽心”指的是“宽”字笔画的中心部分，为“艹”。“少林梦”指的是“梦”字笔画中的“林”少了，去掉，剩下“夕”。夕+艹+口=茗。,茗
一人一杆枪，出征去打战(猜一字),提示：“人”理解为单人旁“亻”。“戈”字义为“古代兵器，横刃，用青铜或铁制成，装有长柄”，与谜面中的“枪”相扣。亻+戈=伐。“出征去打战”说明是在征伐，扣“伐”。第二次紧扣谜底。,伐
又来才对(猜一字),提示：“又来才对”反过来理解就是“对”字的“又”没有来，剩下“寸”。对-又=寸。,寸
横目论刀(猜一字),提示：“横目”理解为“目”字横过来，变成字“罒”。“论”理解为言论，扣“言”，“言”理解为言字旁“讠”。“刀”理解为利刀旁“刂”。刂+讠+罒=罚。,罚
岸上建高楼(猜一字),提示：“岸上”指的是“岸”字笔画的上面部分，为“山”。“高楼”的形状为“且”。山+且=岨。,岨
必须再产(猜一字),提示：谜面中的“须”与“产”组成字“颜”。须+产=颜。,颜
唱了一日人团聚(猜一字),提示：“唱了一日”指的是“唱”字笔画的“一日”了结，去掉，剩下“口口”。“人”理解为单人旁“亻”。亻+口+口=侣。,侣
调整前后(猜一字),提示：“调整前后”理解为“调”字的前面部分“讠”；“整”字的后面部分“正”，“讠”与“正”组成字“证”。讠+正=证。,证
晴空一色光闪闪(猜一字),提示：“色”理解为颜色；“晴空一色”理解为“晴”字的颜色（青色）空了，没有了，剩下“日”。“日”与谜面中的“光”组成字“晃”。日+光=晃。,晃
大同石窟旅游点(猜一字),提示：“石窟”其实就是洞穴，扣“穴”。“点”理解为符号“、”。“、”“穴”与谜面中的“大”组成字“突”。,突
半边有毛半边光，半边味美半边香。半边吃的山上草，半边还在水里藏(猜一字),提示：“鲜”字拆分为“鱼羊”，“鱼”有鳞片，太阳照射下鳞片会发光，鱼吃起来美味，鱼生活在水里；“羊”有羊毛，吃起来十分香，羊喜欢吃草。,鲜
金裤衩(猜一字),提示：“金”指的是金字旁“钅”。“金裤衩”指的是“衩”变成了金子做的了，即“衩”字的“衤”变成了“钅”，变成字“钗”。,钗
一直到老(猜一字),提示：“直”理解为竖直，扣“丨”。“丨”与谜面中的“一”“老”组成字“佬”。,佬
不拘一格放手下去(猜一字),提示：“格”理解为方格，形状为“口”。“手”理解为提手旁“扌”。“下去”指的是“去”字笔画的下面部分，为“厶”。“不拘一格放手下去”指的是“拘”字笔画的“口”不要，“扌”放走，去掉，剩下部分再与“厶”组成字“勾”。,勾
过去三日就是春(猜一字),提示：“过去三日就是春”理解为“春”字的“三日”过去了，没有了，剩下“人”。春-三-日=人。,人
四个大山山对山，四个大川川对川，四个口字连环套，四个嘴巴紧相连(猜一字),提示：“四个大山山对山”理解为四个“山”字从四个方向对着，组成字“田”。“四个大川川对川”理解为四个“川”字从四个方向对着，组成字“田”。“四个口”理解为“口口口口”。“四个口字连环套”理解为四个“口”字相连着，组成字“田”。口+口+口+口=田。“口”字义为“嘴”，与谜面中的“嘴”相扣。“四个嘴巴紧相连”理解为四个“口”字相连着，组成字“田”。,田
舌尖上的美玉(猜一字),提示：“舌尖”理解为舌头，舌头是在口里（嘴里），扣“口”。“口”与谜面中的“玉”组成字“国”。口+玉=国。,国
播出之前擦干汗(猜一字),提示：“播出之前”指的是“播”字笔画的前面部分出去，去掉，剩下“番”。“擦干汗”指的是“汗”字笔画中的“干”擦掉，去掉，剩下“氵”。氵+番=潘。,潘
人生一口气(猜一字),提示：“口”为方格的形状，扣“方”。“人生一口气”指的是“人”字笔画变形，再与“生”“方”组成字“旌”。,旌
一生无邪(猜一字),提示：“无邪”说明为人正直，扣“正”。“一生无邪”反过来理解就是“正”字的“一”没有生出来，没有了，剩下“止”。,止
初到东京(猜一字),提示：“乍”字义为“刚刚；起初”，与谜面中的“初到”相扣。“东京”为日本的首都，扣“日”。日+乍=昨。,昨
八口人相聚(猜一字),提示：谜面中的“八口人”三字聚集在一起，组成字“谷”。八+口+人=谷。,谷
吕布作古画戟犹存(猜一字),提示：“画戟”古兵器名，“画戟犹存”说明“画戟”的形状存在一半，形状为“阝”。“阝”与谜面中的“吕”“古”组成字“鄙”。阝+吕+古=鄙。,鄙
有虫就有蚁(猜一字),提示：“有虫就有蚁”反过来理解就是“蚁”字笔画中的“虫”没有了，剩下“义”。蚁-虫=义。,义
晚上相约芳心乱(猜一字),提示：“夕”字义为“晚上”，与谜面中的“晚上”相扣。“芳心”理解为“芳”字笔画的中心部分，为“亠”；“芳心乱”理解为“亠”字笔画打乱，变成字“卜”。卜+夕=外。,外
飓风过后心更怕(猜一字),提示：“飓风过”指的是“飓”字笔画中的“风”过去，去掉，剩下“具”。“心”理解为竖心旁“忄”。忄+具=惧。“怕”指的是“惧”的字义。,惧
树后(猜一字),提示：“树后”指的是“树”笔画的后面部分，为“寸”。,寸
步调一致(猜一字),提示：“步调一致”说明足（脚）走得整齐，扣“足齐”，“足”与“齐”组成字“跻”。足+齐=跻。,跻
重阳月下诵首诗(猜一字),提示：“日”字义为“太阳”，与谜面中的“太阳”相扣。“重阳”指的是“日”重复，即“日日”，“日”与“日”组成字“田”。“月”明扣。“诵首”指的是“诵”字笔画的首部，为“讠”。讠+田+月=谓。,谓
大口加小口，坚硬如石头(猜一字),提示：“加”理解为加号，“加号”的形状为“十”。“十”与谜面中的大“口”，小“口”组成字“固”。口+口+十=固。“坚硬如石头”说明十分的坚固，扣“固”。,固
公开隐私(猜一字),提示：“厶”古同“私”，与谜面中的“私”相扣。“公隐私”理解为“公”隐去了“厶”，剩下“、、”。“、、”与谜面中的“开”组成字“并”。,并
共守球门(猜一字),提示：“球门”的形状为“冂”。“冂”与谜面中的“共”组成字“典”。冂+共=典。,典
有雨放假无人来(猜一字),提示：“人”理解为单人旁“亻”。“有雨放假无人来”理解为“假”字无“亻”，再与“雨”组成字“霞”。,霞
人有它变大(猜一字),提示：“人有它变大”反过来理解就是“大”字没有“人”，剩下“一”。,一
勤奋劳动都有他份儿(猜一字),,力释提示：谜面中的“勤劳动”三字都含有的笔画部分，为“力”。
上边两个加，下边一个加，绿叶开紫花，像瓜不叫瓜(猜一字),提示：“加”理解为加号“十”；“两个加”理解为两个“十”，即“十十”，“十”与“十”组成字“艹”。“艹”与谜面中第二个“加”组成字“茄”。艹+加=茄。“绿叶开紫花，像瓜不叫瓜”理解为茄子的叶子是绿色的，开得花是紫色的。,茄
八十多了一横，六十少了一点(猜一字),提示：“横”的形状为“一”。“八”与“丷”谐音相扣。“一”“丷”与谜面中的“十”组成字“平”。一+丷+十=平。“点”理解为“、”。“六十少了一点”理解为“六”字少了一“、”，剩下部分与“十”组成字“平”。,平
丹心一点留人间(猜一字),提示：“丹心”指的是“丹”字笔画的中心部分，为“、”。“一”明扣。“点”的形状为“、”。“人”明扣。,灭
掺水洗手(猜一字),提示：“水”理解为三点水“氵”。“手”理解为提手旁“扌”。“掺水洗手”理解为“掺”字的“扌”洗掉了，剩下“参”，“参”与“氵”组成字“渗”。氵+参=渗。,渗
太阳一坠云水中(猜一字),提示：“太阳”即“日”之意；“太阳一坠”指的是“日”字笔画的“一”坠落，去掉，剩下“口”。“云水中”指的是“云水”二字笔画的中间部分，分别为“一亅”。一+亅+口=叮。,叮
全省人口向西移(猜一字),提示：“全省人”理解为“全”字的“人”省掉了，没有了，剩下“王”。“西移”理解为“移”字的西面（左边部分），为“禾”。“禾”“王”与谜面中的“口”组成字“程”。禾+王+口=程。,程
有志向前人进取(猜一字),提示：“志”明扣。“向前”指的是“向”字笔画的前面部分，为“丿”。“人”理解为单人旁“亻”。亻+丿+志=恁。,恁
三日月似弓(猜一字),提示：“月似弓”理解为月亮的形状为弓形的时候，形状为“丿”。“三日月似弓”理解为三个“日”和三个“丿”，即“日日日”和“丿丿丿”，“日日日”与“丿丿丿”组成字“皛”。日+日+日+丿+丿+丿=皛。,皛
安心度日(猜一字),提示：“安心度日”理解为“安”字的中心部分为“日”，组成字“宴”。安+日=宴。,宴
废水利用要推广(猜一字),提示：“水”理解为三点水“氵”。“废水利用要推广”理解为“废”字推掉了“广”，剩下“发”，“发”与“氵”组成字“泼”。氵+发=泼。,泼
湖光水月(猜一字),提示：“水”理解为三点水“氵”。“湖光水月”指的是“湖”笔画的“氵”“月”光了，剩下“古”。,古
争取第一有希望(猜一字),提示：“争取第一”指的是“争”字笔画的第一部分，为“⺈”。“希望”即“巴”之意。巴+⺈=色。,色
赤壁上下集(猜一字),提示：“赤壁上下集”理解为“赤”字的上面部分“土”与“壁”字的下面部分“土”集合，组成字“圭”。土+土=圭。,圭
上头在水里，下头在天空，要问家在哪，老家在山东(猜一字),提示：“山东”简称“鲁”，“鲁”字上面为“鱼”，下面部分为“日”，“鱼”生活在水里，“日”就是太阳，太阳在天空上，每天升起，落下。,鲁
草上战役后(猜一字),提示：“草”理解为草字头“艹”。“役后”指的是“役”字笔画的后面部分，为“殳”。殳+艹=芟。,芟
字到前头却普通(猜一字),提示：“前头”理解为“前”字的头部，为“丷”。“字到前头却普通”反过来理解就是“普”字的“丷”没有了，剩下“晋”。普-丷=晋。,晋
二姑娘(猜一字),提示：“次”字义为“次序在第二的”，与谜面中的“二”相扣。“姑娘”说明是女子，扣“女”。女+次=姿。,姿
吕布挟威负女行(猜一字),提示：“吕”明扣。“威负女行”指的是“威”字笔画减去“女”。,喊
骑马可去看天下(猜一字),提示：“骑马可去”指的是“骑”字笔画的“马可”去掉，剩下“大”。“天下”指的是“天”字笔画的下面部分，为“大”。第二次紧扣谜底。,大
太阳照北京(猜一字),提示：“日”字义为“太阳”，与谜面中的“太阳”相扣。“日”与谜面中的“京”组成字“景”。日+京=景。,景
右边有，左边无，后面有，前面无(猜一字),提示：“右”“后”二字共同拥有的部分为“口”。,口
月亮肩上站着北(猜一字),提示：谜面中的“月”字肩上有个“北”字，组成字“背”。月+北=背。,背
良好开端(猜一字),提示：“好开端”理解为“好”字的开始部分，为“女”。“女”与谜面中的“良”组成字“娘”。女+良=娘。,娘
自来水暂断一天(猜一字),提示：“水”理解为三点水“氵”。“一天”即“一日”，“暂断一天”理解为“暂”字断了“日”，剩下“斩”。斩+氵=渐。,渐
团结一心改变旧貌(猜一字),提示：“心”理解为竖心旁“忄”。“忄”与谜面中的“一”和改变笔画结构的“旧”组成字“恒”。忄+一+旧=恒。,恒
市长的高帽飞了(猜一字),提示：“市长的高帽飞了”理解为“市”字上面的部分的“亠”飞走了，剩下“巾”。,巾
由上转下(猜一字),提示：“由上转下”理解为“由”字上面部分转动到下面，变成字“甲”。,甲
心有余而力不足(猜一字),提示：“心有余”说明比“心”多一部分，这里多出来的是“、”。“力不足”说明“力”字缺少一部分，剩下“大”。,态
左边九加九，右边九十九，左右合起来，四季长青树(猜一字),提示：“九加九”等于“十八”，“十”与“八”组成字“木”。“九十九”等于“一百”减去“一”，即“百”字笔画减去“一”，剩下“白”。白+木=柏。“四季长青树”理解为松柏是四季常青树。,柏
大事化小事无了(猜一字),提示：“大事化小事无了”指的是“大”与“小”调整笔画，组成字“买”。大+小=买。,买
痴(猜一字),提示：“痴”理解为呆傻的人，扣“呆人”，“人”指的是单人旁“亻”，“亻”与“呆”组成字“保”。呆+亻=保。,保
月下走相送(猜一字),提示：“月”明扣。“走”理解为走之旁“辶”；“下走相送”指的是“送”字笔画的“辶”下掉，去掉，剩下“关”。关+月=朕。,朕
出版后(猜一字),提示：“出版后”理解为“版”字的后面部分出去了，没有了，剩下“片”。,片
一加一不等于二，你加一点你当家(猜一字),提示：“加”理解为加号“+”。“一加一不等于二”理解为“一”与“+”“一”组成字“王”，“不等于二”排除了谜底是“二”的可能性。“点”理解为符号“、”。“当家”理解为当家做主，扣“主”。“你加一点你当家”反过来理解就是“主”字减少“、”，剩下“王”，第二次紧扣谜底。,王
一根扁担一人抬(猜一字),提示：“扁担”的形状为“一”。“一根扁担一人抬”理解为“人”上面有根扁担“一”，组成字“大”。,大
不要夸大(猜一字),提示：“不要夸大”理解为“夸”字的“大”不要了，剩下“亏”。夸-大=亏。,亏
春去三日，两人归(猜一字),提示：“春去三日”指的是“春”笔画去掉“三日”部分，剩下“人”字。“两人”指的是两个“人”字，即“人人”。人+人+人=众。,众
横竖你最2(猜一字),提示：“2”理解为大写的数字“二”。竖着的“2”形状为“丨丨”。“横竖你最2”理解为横着的“二”与竖着的“丨丨（2）”组成字“井”。,井
正要改后成治理(猜一字),提示：“正”明扣。“改后”指的是“改”字笔画的后面部分，为“攵”。攵+正=政。,政
写上去(猜一字),提示：“写上去”指的是去掉“写”字的上面部分“冖”，剩下“与”。写-冖=与。,与
员外很给力(猜一字),提示：谜面中的“员”与“力”组成字“勋”。员+力=勋。,勋
到哪都有人相伴(猜一字),提示：“人”理解为单人旁“亻”。“到哪都有人相伴”理解为“到”与“亻”相陪伴，组成字“倒”。到+亻=倒。,倒
月下湖边有鸟鸣(猜一字),提示：“湖边”理解为“湖”字的一边，取“氵”。“有鸟鸣”反过来理解就是“鸣”字没有“鸟”，剩下“口”。“氵”“口”与谜面中的“月”组成字“涓”。氵+口+月=涓。,涓
赏心只有三两枝(猜一字),提示：“赏心”指的是“赏”字笔画的中心部分，为“口”。“三两”指的是“三”与“二”相加，等于“五”。“枝”指的是树木的枝丫，扣“木”。木+口+五=梧。,梧
大人的新装(猜一字),提示：“大人的新装”指的是“大人”二字调整笔画，组成字“丛”。大+人=丛。,丛
山月影轩窗(猜一字),提示：“山”明扣。“月影”指的是“月”与影子“月”，即“月月”。“轩窗”指窗户，形状为“口”。口+月+月+山=嘣。,嘣
言而有信方可交(猜一字),提示：“言而有信”反过来理解就是“信”字的“言”没有，剩下“亻”。“方”理解为方格，形状为“口”；“方可交”理解为“可”字的“口”没有了，剩下“丁”。丁+亻=仃。,仃
北拒曹操，东和孙权(猜一字),提示：“北拒曹操，东和孙权”说明对蜀国有益，扣“蜀益”，“益”与“蜀”组成字“蠲”。益+蜀=蠲。,蠲
罢了去地府在转身(猜一字),提示：“罢了去”指的是“罢”字笔画中的“去”了却，去掉，剩下“罒”；谜面中的“转身”指的是“罒”字笔画转动，调整笔画，变成“目”。“地府”即冥府，扣“冥”。目+冥=瞑。,瞑
大门开，有客来，先脱帽，再进来(猜一字),提示：“帽”理解为帽子，帽子的形状为“宀”。“有客来，先脱帽”理解为“客”字的“宀”脱掉了，没有了，剩下“各”。“各”与谜面中的“门”组成字“阁”。各+门=阁。,阁
取尔之首以祭之(猜一字),提示：“取尔之首”指的是取“尔之”二字笔画的首部，分别取“冖、”。“祭”明扣。,察
三头牛叠罗汉(猜一字),提示：“三头牛”理解为三个“牛”字，即“牛牛牛”。“三头牛叠罗汉”理解为“牛牛牛”堆起来，组成字“犇”。,犇
剃须刀(猜一字),提示：“刀”理解为利刀旁“刂”。“剃须刀”理解为“剃”字的“刂”没有了，剩下“弟”。剃-刂=弟。,弟
日日相伴同心结(猜一字),提示：“日日相伴”理解为“日”与“日”相伴，组成字“田”。“田”与谜面中的“心”组成字“思”。田+心=思。,思
车胎少了气(猜一字),提示：“车胎少了气”说明开着车子上路是十分的危险的，会遭到厄难，扣“车厄”，“车”与“厄”组成字“轭”。车+厄=轭。,轭
晦明之交(猜一字),提示：“晦”字义为“夜晚”，说明没有太阳（日）；“晦明”指的是“明”字笔画没有“日”，剩下“月”。“交”明扣。交+月=胶。,胶
上海地界(猜一字),提示：上海，简称“申”，扣“申”。“地”理解为土地，扣“土”。土+申=坤。,坤
登上天门闻雀声(猜一字),提示：“登上”理解为“登”字的上面部分，为“癶”。“癶”与谜面中的“天门”二字组成字“阕”。癶+天+门=阕。,阕
故宫窃案谁所为(猜一字),提示：故宫窃案谁所为？指的是石柏魁案，说明是石柏魁干的，扣“石干”。石+干=矸。,矸
告状无效(猜一字),提示：“告状无效”说明白告了，扣“白告”，“白”与“告”组成字“皓”。白+告=皓。,皓
嫩寒初透(猜一字),提示：“嫩寒初透”指的是“嫩寒”二字笔画的初始部分，分别为“女宀”。女+宀=安。,安
砦门重映残边月(猜一字),提示：“砦”字义为“守卫用的栅栏”，形状为“翩”字没有“户羽”的部分。“门”字义为“家”；“户”字义为“人家”；“门”扣“户”。“残边月”理解为“月”字的一边残缺了，剩下“习”；“重映残边月”理解为“习”字重复，即“习习”。,翩
话说首都(猜一字),提示：“话说”理解为言语，扣“言”，“言”理解为言字旁“讠”。“首都”为北京，扣“京”。京+讠=谅。,谅
白头谐老(猜一字),提示：“白头”理解为“白”字的头部，为“丿”。“老”理解为古老，扣“古”。古+丿=舌。,舌
斧头丢了(猜一字),提示：“斧头丢了”理解为“斧”字的头部丢了，剩下“斤”。,斤
出口加拿大(猜一字),提示：“出口加”指的是“加”字笔画中的“口”出去，去掉，剩下“力”。“大”明扣。大+力=夯。,夯
八九十(猜一字),提示：谜面中的“八九十”三字组成字“杂”。八+九+十=杂。,杂
白头仍常忆初心(猜一字),提示：“白头”指的是“白”笔画头部，为“丿”。“忆初”指的是“忆”笔画初始部分，为“忄”。“心”明扣。,怭
好一个连体婴儿，全身沾着喜气(猜一字),提示：一个“婴儿”沾上一个“喜”字，“连体婴儿”说明是两个婴儿，那就沾上两个“喜”字，即“喜喜”，“喜”与“喜”组成字“囍”。喜+喜=囍。,囍
村落前面有座庙(猜一字),提示：“村落前面”指的是“村”字笔画的前面部分落掉，去掉，剩下“寸”。“庙”指的是寺庙，扣“寺”。“村落前面有座庙”反过来理解就是“寺”字笔画的“寸”没有，去掉，剩下“土”。,土
起死回生(猜一字),提示：“起死回生”指的是“死回生”三字笔画的起始部分，分别为“一丨丿”，“一丨丿”调整笔画，组成字“千”。,千
一字生得巧，四面八只脚(猜一字),提示：“井”字四面，每一面都像是两只脚，四面有八只脚。,井
云游天下(猜一字),提示：“云”字义为“说话，言语”，扣“言”，“言”理解为言字旁“讠”。“游天下”理解为“天”字的下面部分游走了，剩下“工”。工+讠=讧。,讧
大姐的大加三笔(猜一字),提示：“大”明扣。“三笔”指的是竖着的“三”，为“川”。川+大=夼。,夼
未见其人(猜一字),提示：“未”与十二生肖中的“羊”相扣。“人”理解为单人旁“亻”。亻+羊=佯。,佯
生日快乐(猜一字),提示：“日”明扣。“快乐”即“喜”之意。喜+日=暿。,暿
吃掉一口(猜一字),提示：“吃掉一口”理解为“吃”字的“口”掉了，没有了，剩下“乞”。吃-口=乞。,乞
东方之珠(猜一字),提示：“东方之珠”指的是“珠”笔画的东面（右边部分），为“朱”。,朱
后悔莫及欲说无言(猜一字),提示：“莫”字义为“不要”。“后悔莫及”理解为“悔”字的后面部分不要了，剩下“忄”。“言”理解为言字旁“讠”，“说无言”理解为“说”字的“讠”无，没有了，剩下“兑”。兑+忄=悦。,悦
全力以赴方成功(猜一字),提示：“全力以赴方成功”反过来理解就是“功”字不全，没有“力”，剩下“工”。功-力=工。,工
流泪出洋相(猜一字),提示：“流泪出洋相”理解为“洋相”二字出去了“泪”，剩下“羊木”，“羊”与“木”组成字“样”。羊+木=样。,样
为人正直品格高(猜一字),提示：“人”理解为单人旁“亻”。“正”符号为“+”；“直”指的是竖直，形状为“丨”；“正直”指的是“+”与“丨”组成字“艹”。“品格高”指的是“品格”二字笔画的高处，分别取“口木”，“口”与“木”组成字“呆”。呆+艹+亻=葆。,葆
册封后妃(猜一字),提示：“后妃”理解为嫔妃，说明是女子，扣“女”。“女”与谜面中的“册”组成字“姗”。女+册=姗。,姗
别后登前程(猜一字),提示：“别后”理解为“别”字的后面部分，为“刂”。“前程”理解为“程”字的前面部分，为“禾”。禾+刂=利。,利
八载牵心灞桥头(猜一字),提示：“八”明扣。“牵心”指的是“牵”字笔画的中心部分，为“冖”。“灞桥头”指的是“灞桥”二字笔画的头部，分别为“氵木”。氵+木+冖+八=深。,深
一弯新月临窗前(猜一字),提示：“一弯新月”理解为新月如弓，扣“弓”。“窗前”理解为“窗”字的前面部分，为“穴”。穴+弓=穹。,穹
闻声知是叶又落(猜一字),提示：谜面中的“叶”与“又”组成字“吱”。叶+又=吱。“闻声知”理解为谜底的读音与“吱”相同。,吱
美人商在天(猜一字),提示：“美人”指的是美人鱼，扣“鱼”。“天”即“日”之意，例如：“一天”即“一日”。日+鱼=鲁。,鲁
两人四点出发(猜一字),提示：“两人”指的是两个“人”字，即“人人”。“点”的形状为“、”；“四点”指的是四个“、”，即“、、、、”。“发”指的是头发，即动物“毛”之意。,毯
旭日临空(猜一字),提示：“旭日临空”理解为“旭”字的“日”空了，剩下“九”。旭-日=九。,九
林间眉月挂天际(猜一字),提示：“林”明扣。“眉月”指的是月亮的形状像眉毛，形状为“丿”。“天际”指的是“天”字笔画的边际，为“一”。一+林+丿=秣。,秣
终点站(猜一字),提示：“乖”说明乘车的人都走了，即“乘”字的“人”走了，剩下“乖”。乘-人=乖。,乖
言旁甚(猜一字),提示：“言旁”理解为言字旁“讠”。“讠”与谜面中的“甚”组成字“谌”。讠+甚=谌。,谌
八月二十三聚会(猜一字),提示：“廿”字义为“二十”，与谜面中的“二十”相扣。“廿”与谜面中的“八”“月”“三”相聚在一起，组成字“期”。廿+八+三+月=期。,期
日落一曲送出关(猜一字),提示：“送出关”理解为“送”字的“关”出走了，剩下“辶”。“日落一曲送出关”理解为“日”“一曲”与“辶”组成字“遭”。辶+日+一+曲=遭。,遭
一马平川(猜一字),提示：谜面中的“马”与“川”组成字“驯”。马+川=驯。,驯
古国一游不思回(猜一字),提示：“古国”指的是“国”字的繁体字，为“國”。“古国一游不思回”指的是“國”字笔画中的“回”不要，去掉，剩下“戈”。國-回=戈。,戈
里面是大的，外面是方的(猜一字),提示：“方”理解为方格，形状为“口”。“口”与谜面中的“大”组成字“因”。口+大=因。,因
清泪洒别心牵挂(猜一字),提示：“泪”指的是泪水，扣“水”，“水”理解为三点水“氵”；“清泪洒别”指的是“清”字笔画的“氵”离别，去掉，剩下“青”。“心”理解为竖心旁“忄”。忄+青=情。,情
空中飞人(猜一字),提示：“空中”理解为空中的云朵，扣“云”。“云”与谜面中的“人”组成字“会”。云+人=会。,会
高堂难舍寸草心(猜一字),提示：“高堂难舍”指的是“堂”字笔画的高处罹难，舍弃，剩下“土”。“寸”明扣。“草心”指的是“草”字笔画的中心部分，为“日”。日+土+寸=埘。,埘
二人做伴走川中(猜一字),提示：“二人”理解为两个“人”字，即“人人”，其中一个“人”理解为单人旁“亻”，另外一个“人”明扣。“走川中”理解为“川”字中间部分走了，剩下“丿丨”。“二人做伴走川中”理解为“丿丨”与“亻”“人”组成字“价”。,价
两个合一(猜一字),提示：“两个”指的是两个“个”字，即“个个”。“两个合一”指的是“个”与“个”合在一起，组成字“竹”。个+个=竹。,竹
推心置腹掏心窝(猜一字),提示：“推心”理解为“推”字的中心部分，为“亻”。“置腹”理解为“置”字的腹部（中心部分），为“十”。“心窝”理解为“窝”字的中心部分，为“口”。口+十+亻=估。,估
大门进虫子(猜一字),提示：“门”字里面进了一个“虫”字，组成字“闽”。门+虫=闽。,闽
狗洞(猜一字),提示：“犬”字义为“狗”，与谜面中的“狗”相扣。“狗洞”理解为犬的巢穴，扣“犬穴”，“犬”与“穴”组成字“突”。犬+穴=突。,突
吃尽苦头(猜一字),提示：“吃尽苦头”理解为把“苦”字的头部（艹）吃掉，剩下“古”。,古
一点一横长，两点一横底下藏(猜一字),提示：“点”理解为符号“、”。“横”理解为横竖的横，形状为“一”。“两点”理解为“、、”。“一点一横长，两点一横底下藏”理解为“、”“一”与“、、”“一”组成字“立”。,立
牛女人间结姻缘(猜一字),提示：“牛女人间结姻缘”理解为“牛女人”三字结合在一起，组成字“姝”。牛+人+女=姝。,姝
分别正是十二月(猜一字),提示：谜面中的“十二月”三字，组成字“青”。十+二+月=青。,青
赠我一只鹅(猜一字),提示：“赠我一只鹅”反过来理解就是“鹅”字的“我”没有人赠送，没有了，剩下“鸟”。鹅-我=鸟。,鸟
六口紧相连，两牙出嘴边(猜一字),提示：“曲”字没有突出去的两竖（丨丨）是由六个“口”字组成的字。“两牙出嘴边”理解为“曲”字中间突出去的两竖（丨丨）。,曲
每人栽树五棵(猜一字),提示：“口”字义为“人口”，与谜面中的“人”相扣。“树”理解为树木，扣“木”。“口”“木”与谜面中的“五”组成字“梧”。口+木+五=梧。,梧
提前安装(猜一字),提示：“提前”理解为“提”字的前面部分，为“扌”。谜面中的“安”与“扌”组成字“按”。扌+安=按。,按
三更求宿(猜一字),提示：“三更”又名“子时”，扣“子”。“求”指的是需求，扣“需”。需+子=孺。,孺
一个加一个(猜一字),提示：谜面中的“个”与“个”组成字“竹”，“竹”理解为竹字头“⺮”。“⺮”与谜面中的“加”组成字“笳”。⺮+加=笳。,笳
二八佳人(猜一字),提示：“二八”指的是“十六岁”。“二八佳人”指的是十六岁的少女，扣“少女”，“少”与“女”组成字“妙”。少+女=妙。,妙
一入江东处处春(猜一字),提示：“江东”理解为“江”字的东面（右边部分），为“工”；“一入江东”理解为“一”与“工”组成字“王”。“春”五行属“木”，扣“木”；“处处春”说明有两个“木”字，即“木木”。木+木+王=琳。,琳
把水浇在根上(猜一字),提示：“水”理解为三点水，形状为“、、、”。“把水浇在根上”理解为把“、、、”浇在“根”字的上面，组成字“粮”。,粮
为臣要正直一点(猜一字),提示：“臣”明扣。“直”指的是竖直，形状为“丨”。“点”的形状为“、”。“为臣要正直一点”指的是“臣”“丨”与“、”组成字“卧”。,卧
欧洲人(猜一字),提示：“欧洲人”是白种人，扣“白人”，“人”理解为单人旁“亻”，“亻”与“白”组成字“伯”。,伯
去云南了(猜一字),提示：“云南”指的是“云”字笔画的南面（下面部分），为“厶”。“去云南了”指的是“去”字笔画的“厶”了结，去掉，剩下“土”。,土
来日是春天(猜一字),提示：“来日是春天”反过来理解就是“春天”二字的“日”没有来，剩下部分组成字“奏”。,奏
月照马疾尘上卷(猜一字),提示：“月”明扣。“马”明扣。“上卷”指的是“卷”字笔画的上面部分。,腾
刮洗之前(猜一字),提示：“刮洗之前”指的是“刮洗”二字笔画的前面部分，分别为“舌氵”。氵+舌=活。,活
乌云密布，鬼影出没(猜一字),提示：谜面中的“云”与“鬼”组成字“魂”。云+鬼=魂。,魂
山区变样已翻身(猜一字),提示：“区变样已翻身”理解为“区”字变样，翻转一下，变成字“冈”。“冈”与谜面中的“山”组成字“岗”。冈+山=岗。,岗
渴了要喝水，喝水要张嘴(猜一字),提示：“水”理解为三点水“氵”，“渴了要喝水”理解为“渴”的“氵”被喝掉了，没有了，剩下“曷”。“口”字义为“嘴”，与谜面中的“嘴”相扣。“喝水要张嘴”理解为“喝”字的“口”被分开了，剩下“曷”，第二次紧扣谜底。,曷
安石踏青(猜一字),提示：“安石”指的是王安石，扣“王”。“踏青”是《新白娘子传奇》中的一首歌曲，扣“白”。白+王=珀。,珀
我有一言应记取(猜一字),提示：“我”即“吾”之意。“言”理解为言字旁“讠”。吾+讠=语。,语
枯木梅花开无主(猜一字),提示：“主”指的是主人，扣“人”。“枯木梅花开无主”指的是“梅”字笔画中的“木”枯萎，“人”无，去掉，剩下“母”。梅-木-人=母。,母
铁西分行(猜一字),提示：“铁西”理解为“铁”字的西面部分（左边部分），为“钅”。“铁西分行”理解为“行”字拆分后，再与“钅”组成字“衔”。行+钅=衔。,衔
人要站好，手要伸直(猜一字),提示：“人要站好”理解为“人”字站好，调整一下笔画，变成“丿一”。“手要伸直”理解为手伸直之后，整个人的形状，为“年”字没有“丿一”的部分。,年
主动到台北献爱心(猜一字),提示：“台北”指的是“台”字笔画的北面（上面部分），为“厶”。“爱心”指的是“爱”字笔画的中心部分，为“冖”。“主动到台北献爱心”指的是“主”字笔画变动，调整笔画，再与“厶”“冖”组成字“室”。主+厶+冖=室。,室
立在妇之前(猜一字),提示：“立”明扣。“妇之前”指的是“妇”字笔画的前面部分，为“女”。女+立=妾。,妾
用心改革旧貌变(猜一字),提示：“用心”理解为“用”字的中心部分，为“二丨”；“用心改革”理解为“二丨”改变结构，调整笔画，变成字“艹”。“旧貌变”理解为“旧”字的容貌改变，变成字“一日”。“用心改革旧貌变”理解为“艹”与“一日”组成字“昔”。,昔
人来口舌生(猜一字),提示：谜面中的“人”与“口舌”组成字“啥”。人+口+舌=啥。,啥
惨案之后(猜一字),提示：“惨案之后”理解为“惨案”二字的后面部分，分别为“彡木”，“彡”与“木”组成字“杉”。彡+木=杉。,杉
与人方便(猜一字),提示：“人”理解为单人旁“亻”。“与人方便”理解为“更”与“亻”方才组成字“便”。便-亻=更。,更
小桥流水有几多(猜一字),提示：“小桥”的形状为“冖”。“水”理解为三点水“氵”。“氵”“冖”与谜面中的“几”组成字“沉”。氵+冖+几=沉。,沉
富乞儿(猜一字),提示：“富”指的是金钱，扣“金”，“金”理解为金字旁“钅”。“乞”指的是乞丐，扣“丐”。丐+钅=钙。,钙
十日论谈闻寻声(猜一字),提示：“十日”为“一旬”，扣“旬”。“论谈”即言语，扣“言”，“言”理解为言字旁“讠”。讠+旬=询。“闻寻声”指的是谜底读音与“寻”相同。,询
春临江边融雪后(猜一字),提示：“春”五行属木，扣“木”。“江边”指的是“江”字笔画的一边，取“氵”。“融雪后”指的是“雪”字笔画的后面部分融化，去掉，剩下“雨”。雨+木+氵=霂。,霂
诗仙拆信识知音(猜一字),提示：“识知音”指的是谜底的读音与“识（zhì）”相同。“讠”理解为言字旁，扣“言”。“诗仙拆信”指的是“诗仙”二字笔画中的“信”拆分，去掉，分别剩下“寺山”，组成字“峙”。寺+山=峙。,峙
冷雨飘零中(猜一字),提示：“冷雨飘零”理解为“冷雨”二字含有“零”字的笔画部分飘走了，没有了，剩下“冫”。“冫”与谜面中的“中”组成字“冲”。冫+中=冲。,冲
明月风吹芳草动(猜一字),提示：“月”明扣。“草”理解为草字头“艹”；“风吹芳草动”指的是“芳”字笔画中的“艹”被吹走了，去掉，剩下“方”。方+月=肪。,肪
结婚有子日好过(猜一字),提示：“结婚有子日好过”反过来理解就是“婚”“子”笔画中的“日好”没有结合，去掉，剩下“氏”。,氏
一斤四两(猜一字),提示：“四两”理解为两个“四”，即“四四”，“四”与“四”相加等于“八”。“八”与谜面中的“一斤”组成字“兵”。八+一+斤=兵。,兵
白头人喜上心来(猜一字),提示：“白头”指的是“白”字笔画的头部，为“丿”。“人”理解为单人旁“亻”。“喜上”指的是“喜”字笔画的上面部分，为“士”。“心”明扣。心+丿+亻+士=恁。,恁
宫中相逢人相偎(猜一字),提示：“宫中”理解为“宫”字的中间部分，为“口”。“人”理解为单人旁“亻”；“相逢人相偎”反过来理解就是“偎”字与“亻”没有相逢，剩下“畏”。口+畏=喂。,喂
两个小人手牵手，木棍上面齐步走(猜一字),提示：“两个小人”理解为两个“人”字，即“人人”。“木棍”的形状为“一”。一+人+人=丛。,丛
火在底下烧，大山也会倒(猜一字),提示：“大山也会倒”理解为“山”字倒了，变成字“彐”。“彐”与谜面中的“火”组成字“灵”。彐+火=灵。,灵
争先恐后去当头(猜一字),提示：“争先”理解为“争”字的先头部分，为“⺈”。“恐后”理解为“恐”字的后面部分，为“心”。“去当头”理解为去掉“当”字的头部，剩下“彐”。彐+心+⺈=急。,急
赶紧占位置(猜一字),提示：“赶紧占位置”理解为立刻占位置，取“立占”二字，组成字“站”。立+占=站。,站
黄昏约相好(猜一字),提示：“黄昏”即酉时，扣“酉”。“好”即“良”之意。良+酉=酿。,酿
田下一方土(猜一字),提示：“田下一方土”理解为“田”字下面一个“土”字，组成字“里”。田+土=里。,里
此文已变，更新一下(猜一字),提示：“此文已变”理解为“文”字变为反文旁“攵”；“已”变成了“己”，“攵”与“己”组成字“改”。“更新”说明发生了改动，扣“改”，第二次紧扣谜底。,改
八九不离十(猜一字),提示：谜面“八”“九”“十”三字组成字“杂”。八+九+十=杂。,杂
九十九(猜一字),提示：“九十九”等于“百”减去“一”，而这里是“百”字减去“一”横，剩下字“白”。,白
村前纵橫又相连(猜一字),提示：“村前”理解为“村”字的前面部分，为“木”。“纵橫”理解为横竖，形状为“一丨”，“一”与“丨”组成字“十”。“十”“木”与谜面中的“又”组成字“枝”。十+又+木=枝。,枝
高小组探头相望，李小姐半露半藏，郑小姐侧着耳朵听端详(猜一字),提示：“高小组探头相望”理解为“高”字的头部，为“亠”。“李小姐半露半藏”理解为“李”字藏起来一半，剩下“子”。“耳”理解为包耳旁“阝”。“听端”理解为“听”字笔画的开端，为“口”。亠+口+子+阝=郭。,郭
角落头(猜一字),提示：“角落头”理解为“角”字头部（⺈）落掉了，没有了，剩下“用”。,用
进取一生，开拓一生，终其一生，奉献一生(猜一字),提示：“进取一生”理解为“生”字的“一”被取走了，剩下“牛”。“开拓一生”理解为“生”字的“一”被开除了，剩下“牛”。“终其一生”理解为“生”字的“一”被终结了，剩下“牛”。“奉献一生”理解为“生”字的“一”被奉献出去了，剩下“牛”。,牛
两万里(猜一字),提示：“两万里”等于“二十千里”，“二十”理解为两个“十”字，即“十十”，“十”与“十”组成字“艹”，“艹”与“千里”组成字“董”。艹+千+里=董。,董
春播下点点滴滴(猜一字),提示：“春”五行属木，扣“木”。“点点滴滴”形状为“、、、、”。“春播下点点滴滴”指的是“木”字笔画下面有“、、、、”，组成字“杰”。,杰
初见端倪(猜一字),提示：“初见端倪”理解为“端倪”二字的初始部分，为“立亻”，“立”与“亻”组成字“位”。立+亻=位。,位
酒后独往明月光(猜一字),提示：“酒后”指的是“酒”字笔画的后面部分，为“酉”。“独”字义为“一个”，扣“一”。“酒后独往”指的是“酉”字笔画的“一”走了，去掉，剩下“西”。“明月光”指的是“明”字笔画的“月”光了，去掉，剩下“日”。日+西=晒。,晒
各方配合(猜一字),提示：“方”理解为方格，形状为“口”。“各方配合”理解为“各”与“口”相配组合在一起，得到字“咯”。口+各=咯。,咯
我要开口叫妹头(猜一字),提示：“妹头”指的是“妹”字笔画的头部，为“女”。“我要开口叫妹头”指的是“我”开口叫来“女”组成字“娥”。我+女=娥。,娥
前辈到边区(猜一字),提示：“前辈”指的是“辈”字笔画的前面部分，为“非”。“边区”指的是“区”字笔画的一边，取“匚”。匚+非=匪。,匪
花开之后方闻香(猜一字),提示：“花开之后”理解为“花”字开除掉后面部分，剩下“艹”。“艹”与谜面中的“方”组成字“芳”。艹+方=芳。,芳
老舍其人已故去(猜一字),提示：“故”通“古”(gǔ)。“老舍其人已故去”指的是“舍”字笔画中的“人”“古”去掉，剩下“一”。,一
与党中央一条心(猜一字),提示：谜面中的“中”与“心”组成字“忠”。中+心=忠。,忠
二人顶破天(猜一字),提示：“二人顶破天”理解为“人”字顶破了“二”字的上面，组成字“夫”。二+人=夫。“顶破天”排除了谜底为“天”字的可能性。,夫
毕业首月到西北(猜一字),提示：“业”明扣。“首月”指的是“月”字笔画的首部，为“丿”。“西北”指的是“西”字笔画的北面（上面部分），为“一”。一+丿+业=严。,严
厌惶引来鬼纠缠(猜一字),提示：“厌惶引来鬼纠缠”指的是“厌”与“鬼”组成字“魇”。厌+鬼=魇。,魇
往东边走走(猜一字),提示：“往东边走”理解为“往”字的东边（右边部分）走了，没有了，剩下“彳”。“彳”与谜面中最后一个“走”组成字“徒”。彳+走=徒。,徒
欲动而力不足(猜一字),提示：“欲动而力不足”理解为“动”字的“力”不足，没有了，剩下“云”。动-力=云。,云
春色满园迎鼠年(猜一字),提示：“春”五行属木，扣“木”。“鼠”为十二生肖，与十二地支中的“子”相扣。子+木=李。,李
大人走来了(猜一字),提示：“大人走”理解为“大”字的“人”走了，没有了，剩下“一”。“一”与谜面中的“了”组成字“子”。一+了=子。,子
口吃黄连苦在心(猜一字),提示：“口吃黄”指的是“吃”字笔画中的“口”黄了，去掉，剩下“乞”。“苦在心”指的是“苦”字笔画的中心部分，为“一”。一+乞=气。,气
牵牛织女遥相望，尔独何辜限河梁(猜一字),提示：“河”理解为银河，银河的形状为“一”。“一”与谜面中的“牛”“女”二字组成字“姓”。牛+一+女=姓。,姓
自已多心不发火，刚一发火火气无(猜一字),提示：谜面中的“自”“心”与“火”组成字“熄”。自+火+心=熄。,熄
山上山下，绿草茵茵(猜一字),提示：“草”理解为草字头“艹”。“艹”与谜面中的“山”“山”组成字“茁”。艹+山+山=茁。,茁
不用心先忘一点点(猜一字),提示：“不用心”指的是“用”字笔画的中心部分不要，去掉，剩下“冂”。“先忘”指的是“忘”字笔画的先头部分，为“亡”。“一”明扣。“点点”的形状为“、、”。,罔
问得直接一点(猜一字),提示：“直”理解为竖直，形状为“丨”。“点”理解为符号“、”。“丨”“、”与谜面中的“问”“一”组成字“闽”。,闽
亥时得子(猜一字),提示：“亥时得子”理解为“亥”字得到了“子”，组成字“孩”。亥+子=孩。,孩
千里连土，土连田(猜一字),提示：“千里连土，土连田”指的是“千”“土”“田”调整笔画，组成“重”。,重
共有二横，猜二不对(猜一字),提示：“横”的形状为“一”；“二横”理解为“一一”。“共有二横”理解为“共”与“一一”组成字“其”。“猜二不对”排除了谜底为“二”的可能性。,其
我也需要人来帮(猜一字),提示：“人”理解为单人旁“亻”。“亻”与谜面中的“我”组成字“俄”。亻+我=俄。,俄
不忘前约作后援(猜一字),提示：“前约”指的是“约”字笔画的前面部分，为“纟”。“后援”指的是“援”字笔画的后面那部分，为“爰”。爰+纟=缓。,缓
僧俗二人曾远游(猜一字),提示：“人”理解为单人旁“亻”；“二人”理解为两个“亻”，即“亻亻”。“僧俗二人曾远游”理解为“僧俗”的“亻亻”“曾”游走了，没有了，剩下“谷”。僧俗-亻亻-曾=谷。,谷
九尾稍长，勺往里放(猜一字),提示：谜面中的“九”与“勺”组成字“尥”。九+勺=尥。,尥
三人跨日冬已去(猜一字),提示：谜面中的“三人”与“日”组成字“春”。三+人+日=春。“冬已去”说明春天来了，扣“春”，第二次紧扣谜底。,春
庄稼一片黄(猜一字),提示：“庄稼一片黄”说明禾的颜色乃是金黄色，扣“禾乃金”，“金”理解为金字旁“钅”，“钅”与“禾乃”组成字“锈”。禾+乃+钅=锈。,锈
乙未苦心出新编(猜一字),提示：“未”为十二地支，与十二生肖中的“羊”相扣。“苦心出”指的是“苦”笔画中心部分去掉，剩下“艹口”。,善
欲要清谈请出去(猜一字),提示：谜面理解为“清谈”二字的“请”笔画部分出去了（没有了），剩下部分组成字“淡”。清谈-请=淡。,淡
岩下角落闻雀声(猜一字),提示：“岩下”理解为“岩”字的下面部分，为“石”。“石”与谜面中的“角”组成字“确”。石+角=确。“闻雀声”理解为谜底与“雀”读声相同，即“雀”与谜底“确”同音相扣。,确
竹下马一匹(猜一字),提示：“竹”理解为竹字头“⺮”。“竹下马一匹”理解为“⺮”下面有个“马”字，组成字“笃”。,笃
骗子对人行骗(猜一字),提示：“骗行骗”说明“骗”字行走了，没有了，互相抵消了，解谜的时候忽略掉。“人”理解为单人旁“亻”。“亻”与谜面中的“子”组成字“仔”。亻+子=仔。,仔
旧车一一被淘汰(猜一字),提示：“旧车”理解为“车”字古时候的写法，即“车”字的繁体字，为“車”。谜面理解为“車”字淘汰（去掉）了“一一”，剩下“申”。,申
顶破天(猜一字),提示：“顶破天”指的是“天”字冲出头，变成字“夫”。,夫
转眼又到植树节(猜一字),提示：“目”字义为“眼睛”，与谜面中的“眼”相扣；“转眼”理解为“目”字转动，变成字“罒”。“树”理解为树木，扣“木”；“植树节”理解为“植”字的“木”节省了，没有了，剩下“直”。直+罒=置。,置
曾记来人是和尚(猜一字),提示：“人”理解为单人旁“亻”。“亻”与谜面中的“曾”组成字“僧”。亻+曾=僧。“和尚”说明是僧人，扣“僧”，第二次紧扣谜底。,僧
君口一开人即来(猜一字),提示：“君口一开”理解为“君”字的“口”开除掉，剩下“尹”。“人”理解为单人旁“亻”。亻+尹=伊。,伊
去头是个字，去尾也是个字，头尾都去掉，仍然是个字(猜一字),提示：“王”字去掉头部，为“土”，去掉尾部，为“干”，去掉头尾，剩下中间部分，为“十”。,王
月缺花残鸟不鸣(猜一字),提示：“月缺”理解为“月”字缺少部分，剩下“尸”。“花残”理解为“花”字残缺了，剩下“匕”。“鸟不鸣”理解为“鸣”字的“鸟”笔画部分不要了，剩下“口”。口+尸+匕=呢。,呢
我在山下独自行(猜一字),提示：“我”指的是自己，扣“己”。“山”明扣。“独”字义为“一个”，扣“一”；“独自行”指的是“自”字笔画中的“一”走了，没有了，剩下“白”。白+己+山=皑。,皑
拱手相别高桥上(猜一字),提示：“手”理解为提手旁“扌”，“拱手相别”理解为“拱”字的“扌”离别了，剩下“共”。“高桥”的形状为“冖”。冖+共=典。,典
身临陕西(猜一字),提示：“陕西”简称“秦”。“身临陕西”指的是人至秦，扣“至秦”。至+秦=臻。,臻
开山造田(猜一字),提示：“开山”理解为将“山”字笔画拆分开。笔画拆分开的“山”再与谜面中的“田”组成字“画”。,画
种菜除草(猜一字),提示：“草”理解为草字头“艹”。“种菜除草”理解为“菜”字的“艹”除掉，剩下“采”。菜-艹=采。,采
暑期前后在一起(猜一字),提示：“暑期前后”理解为“暑”字的前面部分，为“日”；“期”字的后面部分，为“月”。日+月=明。,明
鸳鸯不独宿(猜一字),提示：“鸳鸯”是一种鸟，扣“鸟”。“不独宿”说明是在一起合住，扣“合”。合+鸟=鸽。,鸽
刘先生十分能耐(猜一字),提示：“刘先”指的是“刘”字笔画的先头部分，为“文”。“十分”等于长度一寸，扣“寸”；“十分能耐”反过来理解就是“耐”字笔画中的“寸”去掉，剩下“而”。文+而=斋。,斋
洁净水(猜一字),提示：“水”理解为三点水“氵”。“洁净水”理解为“洁”字的“氵”净出掉，剩下“吉”。洁-氵=吉。,吉
窗前乍见晚梅开(猜一字),提示：“窗前”理解为“窗”字的前面部分，为“穴”。“晚梅开”理解为“梅”字最晚写的笔画开除掉，没有了，剩下“木”。“木”“穴”与谜面中的“乍”组成字“榨”。木+穴+乍=榨。,榨
有人扶便得(猜一字),提示：“人”理解为单人旁“亻”。“有人扶便得”反过来理解就是“便”字没有“亻”，剩下“更”。便-亻=更。,更
阶前残花朝前落(猜一字),提示：“阶前”理解为“阶”字的前面部分，为“阝”。“残花”理解为“花”字残缺了部分，剩下“艹”。“朝前落”理解为“朝”字的前面部分落了，没有了，剩下“月”。月+艹+阝=荫。,荫
开口说梦话(猜一字),提示：“梦话”理解为“梦呓”，扣“呓”。“开口说梦话”理解为“呓”字的“口”开除了，没有了，剩下“艺”。呓-口=艺。,艺
站在树梢上(猜一字),提示：“立”字义为“站”，与谜面中的“站”相扣。“树”理解为树木，扣“木”。木+立=亲。,亲
帽儿十分合适(猜一字),提示：“帽儿”理解为帽子，帽子的形状为“宀”。“十分”等于长度“一寸”，扣“寸”。寸+宀=守。,守
出字取一半，人儿旁边站(猜一字),提示：“出字取一半”理解为“出”字的一半，取“山”。“人”理解为单人旁“亻”。亻+山=仙。,仙
三十六计选上策(猜一字),提示：“三十六计选上策”理解为三十六计中取走为上策，扣“取走”二字，组成字“趣”。取+走=趣。,趣
叹一计不成，方又生一计(猜一字),提示：谜面中的“又”与“一计”组成字“译”。又+一+计=译。,译
骨头掉在水中(猜一字),提示：“水”理解为三点水“氵”。“氵”与谜面中的“骨”组成字“滑”。氵+骨=滑。,滑
情海半生不知悔(猜一字),提示：“情海半生不知悔”理解为“情海”二字取一半，取的字不要“悔”字笔画部分，即“青氵”，“青”与“氵”组成字“清”。氵+青=清。,清
弟子刚先走(猜一字),提示：“弟子”理解为弟弟的儿子，也叫“侄子”，扣“侄”。“刚先走”理解为“刚”字的先头部分走了，剩下“刂”。刂+侄=倒。,倒
唐宋八家，杨州八怪(猜一字),提示：“唐宋八家，杨州八怪”都是古代的文人，扣“古文人”，“文”指的是反文旁（攵），“人”指的是单人旁（亻），“古”与“亻”“攵”组成字“做”。攵+亻+古=做。,做
需要下面团结(猜一字),提示：“需要下面团结”指的是“需要”二字的下面部分“而女”团结起来，组成字“耍”。而+女=耍。,耍
顶尖高手在眼前(猜一字),提示：“顶尖”指的是“尖”字笔画的顶部，为“小”。“高手”指的是“手”字笔画的高处，为“丿”。“眼前”指的是“眼”字笔画的前面部分，为“目”。目+丿+小=省。,省
但愿人长久(猜一字),提示：“但愿人长久”说明希望个个长寿，扣“个个寿”，“个”与“个”组成字“竹”，“竹”理解为竹字头“⺮”。⺮+寿=筹。,筹
省人大(猜一字),提示：“省人大”理解为“大”字省去了“人”，剩下“一”。,一
且散愁心消消火(猜一字),提示：“愁心消消火”理解为“愁”字的“心”消失了，消除掉“火”，剩下“禾”。“禾”与谜面中的“且”组成字“租”。禾+且=租。,租
金莲三寸现人前(猜一字),提示：“金莲三寸”指的是潘金莲的三寸脚（足），扣“三寸足”，“足”理解为足字旁“⻊”。“人前”指的是“人”字笔画的前面部分，为“丿”。丿+三+寸+⻊=踌。,踌
三只狡兔(猜一字),提示：俗话说，狡兔三窟，“三只狡兔”就有“九窟”，“窟”字义为“洞穴”，扣“穴”，“穴”与“九”组成字“究”。穴+九=究。,究
休闲中心改旧貌(猜一字),提示：“休闲中心”理解为“闲”字的中心部分休息了，没有了，剩下“门”。“改旧貌”理解为“旧”字改变样貌，调整笔画，变成字“甲”。甲+门=闸。,闸
单身男子终身未娶老婆(猜一字),提示：“单身男子终身未娶老婆”理解为单身男子终身“未”取“女”子，“女”与“未”组成字“妹”。女+未=妹。,妹
一点一点凝结成(猜一字),提示：“点”理解为“、”。“一点一点凝结成”反过来理解就是“凝”字的“、”“、”没有了，剩下“疑”。,疑
非法出售(猜一字),提示：“非法出售”说明卖的是黑货，扣“卖黑”。卖+黑=黩。,黩
貂蝉(猜一字),提示：“貂蝉”是美女，“美”与“女”合起来为“姜”，因为姜一般都说“美女姜”。“美女姜”，是一种姓氏标注法，是为了与“江”姓区别。,姜
传言不可信(猜一字),提示：“传言不可信”理解为“传言”二字不要“信”字，剩下部分为“专”。传言-信=专。,专
一方落后一方上(猜一字),提示：“一”明扣。“方落后”指的是“方”字笔画的后面部分落掉，去掉，剩下“亠”。“一”明扣。“方”理解为方格，形状为“口”。口+亠+一+一=言。,言
张省长到第一线(猜一字),提示：“张省长”理解为“张”字的“长”省掉了，没有了，剩下“弓”。“第一线”理解为“一”字变成一根线，形状为“丨”。丨+弓=引。,引
春来芳心动(猜一字),提示：“春”五行属“木”。“芳心”理解为“芳”字的中心部分，为“亠”；“芳心动”理解为“亠”字的形状变动一下，变成字“卜”。卜+木=朴。,朴
重点放在上集(猜一字),提示：“点”理解为符号“、”；“重点”理解为“、”字重复，即“、、”。“上集”理解为“集”字的上面部分，为“隹”。“重点放在上集”理解为“隹”与“、、”组成字“准”。,准
不见露头不出来(猜一字),提示：“不见露头”理解为“不”字露出头部，变成字“木”。“木”与谜面中第二个“不”组成字“杯”。木+不=杯。,杯
私字当头必落后(猜一字),提示：“私字当头”理解为“私”字的头部，为“禾”。“禾”与谜面中的“必”组成字“秘”。禾+必=秘。,秘
一大二小(猜一字),提示：谜面中的“大”“二”“小”三字组成字“奈”。大+二+小=奈。,奈
失散的孩子无人认(猜一字),提示：“失散的孩子”理解为“孩”字的“子”失散了，没有了，剩下“亥”。“无人认”理解为“认”字的“人”无，没有了，剩下“讠”。讠+亥=该。,该
确定前一日，小心一点好(猜一字),提示：“确定前”理解为“确”字的前面部分，为“石”。“一日”理解为“一”与“日”组成字“旦”。“小心”理解为“小”字的中心部分，为“亅”。“点”理解为符号“、”。“小心一点”理解为“亅”与“一”“、”组成字“寸”。石+旦+寸=碍。,碍
格斗(猜一字),提示：“格”理解为方格，形状为“口”。“格斗”指的是“口”与“口”相斗，相连，“口”与“口”组成字“日”。,日
拿下(猜一字),提示：“拿下”理解为“拿”字的下面部分，为“手”。,手
佳人失约锁眉头(猜一字),提示：“人”理解为单人旁“亻”；“佳人失约”理解为“佳”字的“亻”失去了，剩下“圭”。“锁眉头”理解为“眉”字的头部被锁了，没有了，剩下“目”。目+圭=眭。,眭
自古相思总成欢(猜一字),提示：“相思”理解为相思豆，扣“豆”。“豆”与“古”组成字“喜”。豆+古=喜。,喜
此女合我心，当与儿婚配(猜一字),提示：“女”明扣。“我”即“自己”之意，扣“自”。“心”明扣。心+自+女=媳。“当与儿婚配”说明会成为自己的儿媳，扣“媳”。第二次紧扣谜底。,媳
差点成汪(猜一字),提示：“点”理解为符号“、”。“差点成汪”反过来理解就是“汪”字多了“、”，组成字“注”。,注
浮桥水逝新月沉(猜一字),提示：“水”理解为三点水“氵”。“桥”的形状为“冖”。“新月”的形状为“丿”。“浮桥水逝新月沉”理解为“浮”字的“氵”逝去了，“丿”沉下去了，没有了，剩下部分再与“冖”组成字“学”。浮-氵-丿+冖=学。,学
喜上眉头(猜一字),提示：“喜上”指的是“喜”字的上面部分“士”。“眉头”指的是“眉”字的头部，上面部分，即“声”字的下面部分。,声
上脚就射门，说来并不难(猜一字),提示：“足”字义为“脚”，与谜面中的“脚”相扣；“足”理解为足字旁“⻊”。“射门”说明是踢球射门，扣“踢”。“上脚就射门”反过来理解就是“踢”字的“⻊”没有了，剩下“易”。踢-⻊=易。“并不难”说明容易，扣“易”，第二次紧扣谜底。,易
晴空一色侧听春(猜一字),提示：“色”指的是颜色，这里特指青色。“晴空一色”指的是“晴”字笔画的“青”空了，去掉，剩下“日”。“侧听”指的是“听”字笔画的侧面，取“斤”。“春”五行属木，扣“木”。木+斤+日=晰。,晰
下垂的眼睛(猜一字),提示：“目”字义为“眼睛”，与谜面中的“眼睛”相扣。“目”与谜面中的“垂”组成字“睡”。垂+目=睡。,睡
竹到笔成(猜一字),提示：“竹”理解为竹字头“⺮”。“竹到笔成”反过来理解就是“笔”字的“⺮”没有到，没有了，剩下“毛”。笔-⺮=毛。,毛
空山之中一亩田(猜一字),提示：“空山”理解为“山”字中间部分空了，剩下“凵”。“凵”与谜面中的“一”“田”组成字“画”。凵+一+田=画。,画
唉！伸手相助却无方(猜一字),提示：“手”理解为提手旁“扌”。“方”理解为方格，形状为“口”；“唉！相助却无方”理解为“唉”字无“口”，剩下“矣”。矣+扌=挨。,挨
香气连夜传(猜一字),提示：“香气连夜”说明发生的时间是在晚上，没有日光，即“香”字没有“日”，剩下“禾”。“夕”字义为“夜晚”，“连夜”即连着的“夕”字，即“夕夕”。夕+夕+禾=移。,移
孩子换马，心里害怕(猜一字),提示：“孩子换马”理解为“孩”字的“子”换成了“马”，变成字“骇”。“骇”字义为“惊吓；震惊”，与谜面中的“心里害怕”相扣。,骇
出言无私(猜一字),提示：“言”理解为言字旁“讠”。“无私”说明“公平；公正”，扣“公”。公+讠=讼。,讼
山复一山独来往(猜一字),提示：谜面中的“山”“山”明扣。“独”字义为“一个”，扣“一”；“独来往”反过来理解就是“来”字笔画的“一”没有了，剩下“米”。米+山+山=粜。,粜
疏林半隐谈书声(猜一字),提示：“疏林半隐”理解为“疏林”二字隐去了一半，剩下“㐬木”，“㐬”与“木”组成字“梳”。㐬+木=梳。“书声”理解为读音为“书”，“书”与“梳”谐音相扣，第二次紧扣谜底。,梳
八哥闯进门(猜一字),提示：“哥”理解为兄长，扣“兄”。“兄”与谜面中的“八”“门”组成字“阅”。兄+八+门=阅。,阅
马奔前头(猜一字),提示：“奔前头”理解为“奔”字的前头部分，为“大”。“大”与谜面中的“马”组成字“驮”。大+马=驮。,驮
诚实无话可说(猜一字),提示：“说”理解为言语，扣“言”，“言”理解为言字旁“讠”。“诚实无话可说”理解为“诚”字无“讠”，剩下“成”。诚-讠=成。,成
内人不在直心喜(猜一字),提示：“内人不在”指的是“内”字笔画中的“人”不在，去掉，剩下“冂”。“心喜”指的是“喜”字笔画的中心部分，为“豆”。“直”指的是竖直，形状为“丨”。丨+冂+豆=鬲。,鬲
吃尽苦头迎春到(猜一字),提示：“吃尽苦头”理解为“苦”字的头部被吃掉了，剩下“古”。“春”五行属“木”，扣“木”。木+古=枯。,枯
岁末时晚壮士归(猜一字),提示：“岁末”理解为“岁”字笔画的末尾部分，为“夕”。“时晚”理解为“时”字笔画最晚的部分，最后部分，为“寸”。“壮士归”理解为“壮”字的“士”回归了，没有了，剩下“丬”。丬+夕+寸=将。,将
月上残云(猜一字),提示：“月”明扣。“残云”理解为“云”字残缺了部分，剩下“育”字没有“月”的部分。,育
头顶长胸的女子(猜一字),提示：“胸”可以理解为“波”。“波”与谜面中的“女”组成字“婆”。波+女=婆。,婆
人受惊后犹不前(猜一字),提示：“人”理解为单人旁“亻”。“惊后”指的是“惊”字笔画的后面部分，为“京”。“犹不前”指的是“犹”字笔画的前面部分不要了，剩下“尤”。尤+京+亻=僦。,僦
先呼后和方协调(猜一字),提示：“先呼”指的是“呼”字笔画的先头部分，为“口”。“后和”指的是“和”字笔画的后面部分，为“口”。“方”理解为方格，形状为“口”。口+口+口=品。,品
三个又字叠罗汉，木字在底都不颤(猜一字),提示：“三个又”理解为三个“又”字，即“又又又”。“又又又”与谜面中的“木”组成字“桑”。又+又+又+木=桑。,桑
舍得用苦心(猜一字),提示：“苦心”理解为“苦”字的中心部分，为“十”。“舍得用苦心”理解为“舍”字用掉了“十”，剩下“合”。舍-十=合。,合
两人闯入七星阵(猜一字),提示：“两人”理解为两个“人”字，即“人人”。“星”理解为星星的形状，为“、”；“七星”理解为七个“、”，即“、、、、、、、”。,淡
主人一来就发言(猜一字),提示：“人”理解为单人旁“亻”。“主”明扣。“一”明扣。“言”理解为言字旁“讠”。讠+亻+主+一=谁。,谁
连夜造林(猜一字),提示：“夕”字义为“夜晚”，与谜面中的“夜”相扣。“夕”与谜面中的“林”组成字“梦”。夕+林=梦。,梦
山被鸟包围(猜一字),提示：谜面中的“山”与去掉“一”的“鸟”组成字“岛”。,岛
我将埋头做贡献(猜一字),提示：“予”人称代词“我”，与谜面中的“我”相扣。“埋头做贡献”理解为“埋”字的头部（左边部分）被贡献出去了，剩下“里”。里+予=野。,野
如未相遇要开口(猜一字),提示：“如未相遇要开口”指的是“如未”笔画中的“口”开除，去掉，剩下“女未”，“女”与“未”相遇，组成字“妹”。女+未=妹。,妹
左十八，右十八，国家建设需要它(猜一字),提示：谜面中的“十”与“八”组成字“木”。“左十八，右十八”理解为左边一个“木”，右边一个“木”，组成字“林”。木+木=林。,林
水多一点(猜一字),提示：“点”指的是标点符号中的“、”。“水多一点”指的是“水”字多了“一”和“、”，组成字“永”。,永
包公上场(猜一字),提示：“包公”理解为黑脸包拯，扣“黑”。“上场”理解为出场，扣“出”。出+黑=黜。,黜
清明前后报到(猜一字),提示：“清明前”理解为清除掉“明”字的前面部分，剩下“月”。“后报”理解为“报”字的后面部分，即“报”字没有“扌”的部分。,服
仕途坎坷，人去心来(猜一字),提示：“人”理解为单人旁“亻”。“仕途坎坷，人去心来”理解为“仕”字的“亻”去了，没有了，剩下“士”，“士”与“心”组成字“志”。士+心=志。,志
国外进口(猜一字),提示：“国外”理解为“国”字的外面部分，为“口”。“国外进口”理解为“口”字进入一个“口”，组成字“回”。,回
任我行(猜一字),提示：“我”即“吾”之意。“行”明扣。吾+行=衙。,衙
胡汉三隐姓改名(猜一字),提示：“胡汉三隐姓改名”理解为“胡汉三”的姓隐藏起来，剩下“汉三”，“汉三”在改动调整笔画，变成字“泽”。,泽
邀我赴豫说相声(猜一字),提示：“予”字义为“我”，与谜面中的“我”相扣。“邀我赴豫”反过来理解就是“豫”没有邀请“予”，剩下“象”。豫-予=象。“说相声”理解为谜底与“相”读声相同，即“象”与“相”谐音相扣。,象
一字七横六直，世人少有人识，有人去问刘备，刘备去问孟德(猜一字),提示：“孟德”即三国时期的曹操，扣“曹”。“曹”字为七横六竖。,曹
金银耗尽为前情(猜一字),提示：“金”理解为金字旁“钅”；“金银耗尽”理解为“银”字的“钅”耗尽了，没有了，剩下“艮”。“前情”理解为“情”字的前面部分，为“忄”。忄+艮=恨。,恨
每天洗一澡(猜一字),提示：“每天”理解为每一日，扣“一日”。“洗澡”理解为沐浴，扣“沐”。沐+一+日=渣。,渣
赠款(猜一字),提示：“赠款”理解为用金钱帮助别人，扣“金助”，“金”理解为金字旁“钅”，“钅”与“助”组成字“锄”。钅+助=锄。,锄
电解，负离子(猜一字),提示：“电解”指的是“电”字笔画解开，变成“口一乚”。“负”指的是负号，符号为“-”；“负离子”指的是“子”字笔画中的“-”离开，去掉，剩下“了”。了+电=吼。,吼
张嘴就唱(猜一字),提示：“口”字义为“嘴”，与谜面中的“嘴”相扣。“张嘴就唱”理解为“唱”字的“口”张开了，没有了，剩下“昌”。唱-口=昌。,昌
大河奔流向东来(猜一字),提示：“河”理解为河水，“河奔流”理解为“河”字的“氵（水）”奔流走了，没有了，剩下“可”。“东”字义为“春天”，扣“春”，“春”五行属“木”。“木”“可”与谜面中的“大”组成字“椅”。木+可+大=椅。,椅
影后白首不对头(猜一字),提示：“影后”指的是“影”字笔画的后面部分，为“彡”。“白首”指的是“白”字笔画的首部“丿”。“不对头”指的是“不”与“不”头部相连，组成字“米”。米+丿+彡=彩。,彩
自会下台(猜一字),提示：“下台”理解为“台”字的下面部分，为“口”。“口”与谜面中的“自”组成字“咱”。口+自=咱。,咱
昂首站前方(猜一字),提示：“昂首”指的是“昂”字笔画的首部，为“日”。“站前”指的是“站”字笔画的前面部分，为“立”。“方”理解为方格，形状为“口”。口+日+立=喑。,喑
亭前小桥几曾来(猜一字),提示：“亭前”理解为“亭”字的前面部分，为“亠口”。“小桥”的形状为“冖”。“冖”“亠口”与谜面中的“几”组成字“亮”。冖+亠口+几=亮。,亮
天寒地冻君何为(猜一字),提示：“天寒地冻君何为”理解为天气寒冷的时候我们会做什么，当然是增加衣服了，扣“加衣”，“加”与“衣”组成字“袈”。加+衣=袈。,袈
黑笔写出白十字(猜一字),提示：“亚”字繁体字为“亞”。“亞”字的笔画部分为黑色，里面白色部分的形状为“十”字。,亚
一头大来一头小，末端锐利最为妙(猜一字),提示：“一头大来一头小”理解为一头为“大”字，一头为“小”字，组成字“尖”。大+小=尖。“末端锐利最为妙”理解为末端尖锐的东西，扣“尖”。,尖
没恒心(猜一字),提示：“心”理解为竖心旁“忄”。“没恒心”理解为“恒”字没有“忄”，剩下“亘”。恒-忄=亘。,亘
好人(猜一字),提示：“好”即“良”之意。“人”明扣。人+良=食。,食
初秋约定惠东聚(猜一字),提示：“初秋”指的是“秋”字笔画的初始部分，为“禾”。“惠”明扣。“初秋约定惠东聚”指的是“惠”约定在“禾”的东面（右边），组成字“穗”。禾+惠=穗。,穗
率先不掩是和非(猜一字),提示：“率先”指的是“率”字笔画的先头部分，为“亠”。“是”的符号为“+”。“非”的符号为“-”。“率先不掩是和非”指的是“亠”与“+”“-”组成字“主”。,主
若教有口便哑，且要无心作恶，中间若没肚肠，外面任生棱角(猜一字),提示：“若教有口便哑”反过来理解就是“哑”字的“口”没有了，剩下“亚”。哑-口=亚。“且要无心作恶”反过来理解就是“恶”字的“心”没有了，剩下“亚”。哑-心=亚。“肚肠”理解为肠道的形状，为“二”。“中间若没肚肠”理解为谜底“亚”字的中间部分没有了，剩下“二”。,亚
赔了夫人又折兵(猜一字),提示：“赔了夫人”指的是“夫”字笔画的“人”赔掉了，剩下“二”。“折兵”指的是“兵”字笔画折掉部分，剩下“八”。八+二=十。,十
残红映窗前，斜雁过东陌(猜一字),提示：“残红”理解为“红”字残缺了，剩下“纟”。“窗前”理解为“窗”字的前面部分，为“宀”。“斜雁”理解为大雁是按着“人字形”飞行的，“人”字倾斜了，变成了“亻”。“东陌”理解为“陌”字的东面（右边部分），为“百”。百+亻+宀+纟=缩。,缩
互上一横往右走，消失不见变空气(猜一字),提示：“横”理解为符号“一”。“互上一横往右走，消失不见变空气”理解为“互”字上面的“一”往右边走，然后消失不见了，剩下“彑”。,彑
俯首贴耳人恭顺(猜一字),提示：“俯首”指的是“俯”字笔画的首部，为“亻”，“亻”扣“人”。“耳”明扣。“人”明扣。人+人+耳=耸。,耸
细微变化(猜一字),提示：“微”理解为微小，扣“小”。“小”与谜面中笔画调整变化的“细”组成字“累”。小+细=累。,累
陇西行留个影(猜一字),提示：“陇西行”理解为“陇”字的西面（左边部分）行走了，没有了，剩下“龙”。“个影”理解为“个”与影子“个”，即“个个”，“个”与“个”组成字“竹”，“竹”理解为竹字头“⺮”。⺮+龙=笼。,笼
有人上电大(猜一字),提示：“人”理解为单人旁“亻”。“亻”与谜面中的“电大”组成字“俺”。亻+电+大=俺。,俺
粗心看成二十四(猜一字),提示：“粗心看成”理解为“成”字粗心看了一下，看错了，看成了“戌”。“二十”理解为两个“十”字，即“十十”，“十”与“十”组成字“艹”。“艹”“戌”与谜面中的“四”组成字“蔑”。艹+戌+四=蔑。,蔑
北弟兄四个一只手，车上一坐急着走(猜一字),提示：“北弟兄四个”说明有“四个人”，等于“二人”加上“二人”，扣“二人二人”。“手”理解为提手旁“扌”。“二人二人”“扌”与谜面中的“车”组成字“撵”。二+人+二+人+车+扌=撵。,撵
树旁有只小黄狗(猜一字),提示：“树”理解为树木，扣“木”。“木”与谜面中的“黄”组成字“横”。木+黄=横。,横
村前设伏(猜一字),提示：“村前”指的是“村”字笔画的前面部分，为“木”。“伏”明扣。伏+木=栿。,栿
花草枯萎尽颓秃(猜一字),提示：“草”理解为草字头“艹”；“花草枯萎”指的是“花”字笔画中的“艹”枯萎，去掉，剩下“化”。“尽颓秃”指的是“颓”字笔画的中的“秃”尽了，去掉，剩下“页”。页+化=倾。,倾
先后见爱妻(猜一字),提示：“先后见爱妻”理解为“爱”字的先头部分“爫”，“妻”字的后面部分“女”，“女”与“爫”组成字“妥”。爫+女=妥。,妥
吹胡子瞪眼睛(猜一字),提示：“吹胡子瞪眼睛”说明人在发火，扣“人火”，“人”理解为单人旁“亻”。亻+火=伙。,伙
因为自大一点惹得人人讨厌(猜一字),提示：“自大”二字明扣。“点”指的是符号点（、）。“自大”二字与“、”组成字“臭”。人闻到臭味自然是十分的不喜欢。,臭
灯下人相依(猜一字),提示：“灯下”指的是“灯”字笔画的下面部分，这里指的是“灯”字笔画的最后部分，为“丁”。“人”理解为单人旁“亻”。亻+丁=仃。,仃
出口无线电(猜一字),提示：“口”明扣。“线”的形状代指为“乚”。“出口无线电”指的是“电”字笔画的“口”出去，去掉，“乚”无，剩下“一”。,一
长篇诗(猜一字),提示：“长篇诗”说明句子多，扣“句多”。句+多=够。,够
冬眠(猜一字),提示：“冬眠”理解为虫休息，睡觉，扣“虫息”，“虫”与“息”组成字“螅”。虫+息=螅。“虫”古代泛指所有的动物。,螅
二尺二(猜一字),提示：“一尺”等于“33厘米”，“一寸”等于“3.3厘米”。“二尺”等于“二十寸”，“二十”等于“十”与“十”相加；“二尺”扣“十十寸”。“十”“十”“寸”与谜面中的“二”组成字“封”。十+十+二+寸=封。,封
酿酒之后隔日香(猜一字),提示：“酿酒之后”理解为“酒”字的后面部分，为“酉”。“隔日香”理解为“香”字的“日”被隔离起来了，剩下“禾”。禾+酉=酥。,酥
有错(猜一字),提示：“错”理解为差错，符号为“×”。“×”与谜面中的“有”组成字“肴”。,肴
顶上两张口，底边几字走(猜一字),提示：“两张口”理解为两个“口”字，即“口口”。“口口”与谜面中的“几”组成字“咒”。口+口+几=咒。,咒
从此放宽心(猜一字),提示：“宽心”理解为“宽”字的中心部分，为“艹”。“艹”与谜面中的“从”组成字“林”。艹+从=林。,林
主动一点(猜一字),提示：“点”理解为符号“、”。“主动一点”理解为“主”字的“、”发生了变动，调整到下面去了，变成字“玉”。,玉
有个同学叫立口，总是摸着耳朵走(猜一字),提示：“耳朵”理解为包耳旁“阝”。“阝”与谜面中的“立口”组成字“部”。阝+立+口=部/陪。,部
村前二点方论谈(猜一字),提示：“村前”指的是“村”字笔画的前面部分，为“木”。“二点”指的是两个点，即“、、”。“方”理解为方格，形状为“口”。“论谈”即言谈，扣“言”，“言”理解为言字旁“讠”。“村前二点方论谈”指的是“木”“、、”“口”与“讠”组成字“谏”。,谏
门里阳光照，门外雨飘飘(猜一字),提示：“阳”指的是太阳，“日”字义为“太阳”，“阳”扣“日”。“门里阳光照”指的是“日”字照进了“门”里，组成字“间”。日+门=间。“雨”指的是雨水，扣“水”，“水”指的是三点水“氵”。“门里阳光照，门外雨飘飘”指的是“间”的外面“氵”飘飘，组成字“涧”。氵+间=涧。,涧
搬东西(猜一字),提示：“东”理解为“东面（右边部分）”。“西”理解为“西面（左边部分）”。“搬东西”理解为“搬”字的东面和西面，即“搬”字没有中间部分（舟），剩下部分可以组成字“投”。,投
先生独往模样俊(猜一字),提示：“先生”即“老师”，扣“师”。“独”字义为“一个”，扣“一”。“先生独往”指的是“师”字笔画中的“一”去掉，剩下“帅”。“模样俊”指的是“帅”的字义。,帅
合在一起用(猜一字),提示：“用”是由“月”与“月”合在一起组成的字。“合在一起用”反过来理解就是“用”字拆分开，变成字“朋”。,朋
轻舟一叶载客来(猜一字),提示：“舟”的形状为“辶”。“客”指的是客人，古时候宾客的座位在西面，扣“西”。西+辶=迺。,迺
半个二比二大，比千小(猜一字),提示：“半个二”指的是“个二”二字笔画各取一半，分别取“丨一”，“丨”与“一”组成字“十”。“十”比“二”大，比千小。,十
一去变了样(猜一字),提示：谜面中的“一”与笔画调整的“去”组成字“至”。一+去=至。,至
南柯皇帝(猜一字),提示：“南柯”字义为“朝向南方的树枝”，属于树木，扣“木”。“皇帝”是君王，扣“王”。王+木=枉。,枉
吞下半壶豆(猜一字),提示：“吞下”理解为“吞”字的下面部分，为“口”。“半壶”理解为“壶”字的一半，取“士冖”。“口”“士冖”与谜面中的“豆”组成字“噎”。,噎
似我(猜一字),提示：“似”说明像，“像”与“象”同音相扣。“予”字义为“我”，与谜面中的“我”相扣。予+象=豫。,豫
清明前后来分田(猜一字),提示：“清明前后”理解为“清”字的前面部分，为“氵”，“明”字的后面部分，为“月”。“分田”理解为“田”字拆分，重新组成新的字，变成了“古”。古+月+氵=湖。,湖
草木丛生呈繁叶(猜一字),提示：“叶”字的繁体字为“葉”。“草”理解为草字头“艹”。“草木丛生呈繁叶”反过来理解就是“葉”字的“艹”“木”没有生长出来，剩下“世”。葉-艹-木=世。,世
字面九点不够圆，开口一读方知圆(猜一字),提示：“点”理解为符号“、”。“字面九点不够圆”理解为“九”与“、”组成字“丸”。“开口一读方知圆”理解为“丸子”的形状是圆形的。,丸
也有先例(猜一字),提示：“先例”理解为“例”字的先头部分，为“亻”。“亻”与谜面中的“也”组成字“他”。亻+也=他。,他
溪边三子居上(猜一字),提示：“溪边”指的是“溪”字笔画的一边，取“氵”。“三子”指的是三个“子”字，即“子子子”。“居上”指的是“居”字笔画的上面部分，为“尸”。氵+尸+子+子+子=潺。,潺
跑去前面抵鲁北(猜一字),提示：“跑去前面”指的是“跑”字笔画的前面部分去掉，剩下“包”。“鲁北”指的是“鲁”字笔画的北面（上面部分），为“鱼”。鱼+包=鲍。,鲍
如何前面不见了(猜一字),提示：“如何前面不见了”理解为“如何”二字的前面部分不见了，分别剩下“口可”，“口”与“可”组成字“呵”。口+可=呵。,呵
残阳如血映西湖(猜一字),提示：“残阳”理解为“阳”字残缺了，剩下“日”。“如血”理解为像“血”的字，“皿”字形状像“血”，扣“皿”。“西湖”理解为“湖”字的西面（左边部分），为“氵”。氵+日+皿=温。,温
巧分一半(猜一字),提示：“巧分一半”指的是“巧分”二字笔画各取一半，分别取“丂八”，“丂”与“八”组成字“兮”。丂+八=兮。,兮
大处着手，巧构双杀(猜一字),提示：“双杀”理解为两个“杀”字，即“杀杀”。“杀杀”笔画重组与谜面中的“大”“手”组成字“攀”。大+手+杀+杀=攀。注意：“杀”字可以拆分为“×木”。,攀
放眼南昌市(猜一字),提示：“目”字义为“眼睛”，与谜面中的“眼”相扣。“南昌市”理解为“昌市”二字的南面（下面部分），分别为“日巾”。日+巾+目=帽。,帽
有火才能煮熟饭，有水才能把田灌，蚕儿吐丝一圈圈，日头出来亮了天(猜一字),提示：“熟饭”说明需要烧火，扣“烧”。“有火才能煮熟饭”反过来理解就是“烧”字的“火”没有了，剩下“尧”。烧-火=尧。“水”理解为三点水“氵”。“把田灌”理解为浇灌田地，扣“浇”。“有水才能把田灌”反过来理解就是“浇”字的“氵”没有了，剩下“尧”。浇-氵=尧。“一圈圈”说明缠绕着的，扣“绕”。“丝”理解为绞丝旁“纟”。“蚕儿吐丝一圈圈”反过来理解就是“绕”字的“纟”没有了，剩下“尧”。绕-纟=尧。“亮了天”说明黎明，拂晓，扣“晓”。“日头出来亮了天”反过来理解就是“晓”字的“日”没有了，剩下“尧”。晓-日=尧。,尧
东山南山西山北山，四人四口在中间(猜一字),提示：“东山南山西山北山”理解为四个方向都是“山”字，组成字“田”。“四口”理解为四个“口”，即“口口口口”，“口口口口”组成字“田”。,田
此生始终有依托(猜一字),提示：“生始”指的是“生”字笔画的开始部分，取“牛”。“终有依托”指的是“依托”二字笔画的末尾部分，分别为“丿乇”。牛+丿+乇=牦。,牦
春节一到人成双(猜一字),提示：“春节一”指的是“春”字笔画中的“一”节省，去掉，剩下“夫日”。“人”明扣。“双”即数字“二”。二+人+夫+日=替。,替
故意写多一撇(猜一字),提示：“撇”理解为“丿”。“丿”与谜面中的“故”组成字“敌”。丿+故=敌。,敌
海边没有水，只有一个木，腊月花怒放，清香飘满屋(猜一字),提示：“水”理解为三点水“氵”；“海边没有水”理解为“海”字的“氵”没有了，剩下“每”。“每”与谜面中的“木”组成字“梅”。每+木=梅。“腊月花怒放，清香飘满屋”即描写梅花开放的景色，香味。,梅
金微雁阵斜(猜一字),提示：“金微”是一个古山名，位于今阿尔泰山，扣“山”。“雁阵”指的是大雁按着人字形飞行，扣“人”，“人”理解为单人旁“亻”。亻+山=仙。,仙
我到河南真开心(猜一字),提示：“予”字义为“我”，与谜面中的“我”相扣。“河南”简称“豫”。“我到河南真开心”理解为“豫”字的“予”真心的开除掉，没有了，剩下“象”。豫-予=象。,象
一次参赌人被抓(猜一字),提示：“者”字义为“人”，与谜面中的“人”相扣。“赌人被抓”理解为“赌”字的“者”被抓了，没有了，剩下“贝”。“贝”与谜面中的“次”组成字“资”。贝+次=资。,资
不负前行(猜一字),提示：“不负”理解为不是负数，说明是正数，扣“正”。“前行”理解为“行”字的前面部分，为“彳”。彳+正=征。,征
千里纵横走天下(猜一字),提示：“纵”的形状为“丨”；“横”的形状为“一”。“千里纵横走”指的是“千”字笔画的“丨”“一”走了，去掉，剩下“丿”。“天下”指的是“天”字笔画的下面部分，为“大”。大+丿=夭。,夭
六一的活动(猜一字),提示：“六一”二字明扣，“六”与“一”组成字“立”。“活动”指的是“活”字的笔画变动一下，变成“日匀”。“日匀”与“立”组成字“韵”。,韵
平分底角(猜一字),提示：“底角”理解为“角”字的底部，为“用”。“平分底角”理解为“用”字平分之后，就得到“月月”，“月”与“月”组成字“朋”。,朋
人站前方闻备声(猜一字),提示：“人”理解为单人旁“亻”。“站前”指的是“站”字笔画的前面部分，为“立”。“方”理解为方格，形状为“口”。亻+立+口=倍。“闻备声”指的是谜底的读音与“备”相同。,倍
立即加水(猜一字),提示：“水”理解为三点水“氵”。“立即加水”指的是“立”字笔画添加“氵”，组成字“泣”。,泣
嘴前上气接下气(猜一字),提示：“嘴前”指的是“嘴”字笔画的前面部分，为“口”。“上气接下气”指的是“气”字笔画的上面部分和下面部分，即“气”字笔画的中间部分去掉，剩下“乞”。乞+口=吃。,吃
优先录用(猜一字),提示：“优先”理解为“优”字的先头部分，为“亻”。“亻”与谜面中的“用”组成字“佣”。亻+用=佣。,佣
半写江村对愁眉(猜一字),提示：“半写江村”理解为“江村”二字各自取一半，分别取“氵木”。“对愁眉”理解为人愁眉不展的时候的形状，像“罙”没有“木”字的部分。,深
湿柴(猜一字),提示：“湿柴”理解为木柴里面有水，扣“木水”，“水”理解为三点水“氵”，“氵”与“木”组成字“沐”。氵+木=沐。,沐
那边坡上梨花开(猜一字),提示：“那边”指的是“那”字笔画的一边，取“阝”。“坡上”指的是“坡”字笔画的开始部分，为“土”。“梨花”为白色，扣“白”。白+土+阝=都。,都
老朋友(猜一字),提示：“老朋友”就是故人，扣“故人”，“人”理解为单人旁“亻”，“亻”与“故”组成字“做”。亻+故=做。,做
第一突破口(猜一字),提示：“第一”理解为甲等，扣“甲”。“破口”理解为“口”字破了，残缺了，剩下“匚”。匚+甲=匣。,匣
水流成瀑(猜一字),提示：“水”理解为三点水“氵”。“水流成瀑”理解为“瀑”字的“氵”流走了，剩下“暴”。瀑-氵=暴。,暴
点点滴滴成百万(猜一字),提示：“点”理解为“、”；“滴”理解为“、”；“点点滴滴”理解为“、、、、”。“百万”等于“一兆”，扣“兆”。“点点滴滴成百万”反过来理解就是“兆”字的“、、、、”没有了，剩下“儿”。,儿
半字剃头发(猜一字),提示：“半字剃头发”理解为“半”字剃掉上面部分，剩下“干”。,干
通力配合，走之不得(猜一字),提示：“走”理解为走之旁“辶”。“通力配合，走之不得”理解为“通”字不要“辶”，剩下“甬”，“甬”与“力”配合，组成字“勇”。甬+力=勇。,勇
但有寸进靠先生(猜一字),提示：“但”明扣。“寸”明扣。“先生”指的是“生”字笔画的先头部分，为“丿”。丿+但+寸=得。,得
花得金钱购丝线(猜一字),提示：“金”理解为金字旁“钅”。“花得金钱”指的是“钱”字笔画的“钅”花掉了，没有了，剩下“戋”。钱-钅=戋。“丝”理解为绞丝旁“纟”。“购丝线”反过来理解就是“线”字笔画的“纟”没有采购，剩下“戋”。线-纟=戋。,戋
一心共白头(猜一字),提示：“心”明扣。“白头”指的是“白”字笔画的头部，为“丿”。丿+心=必。,必
有心撇下老李(猜一字),提示：“心”理解为竖心旁“忄”。“撇”理解为“丿”。“忄”“丿”与谜面中的“李”组成字“悸”。忄+丿+李=悸。,悸
三颗真心聚一起，真儿两腿却被移(猜一字),"提示：“真儿两腿却被移”指的是“真”字下面的两点被移走了，剩下“直”。“三颗真心聚一起,真儿两腿却被移”指的是三个“真”字的两点被移走了，变成了三个“直”字，即“直直直”，组成字“矗”。直+直+直=矗。",矗
真心不二到白头(猜一字),提示：“真心”理解为“真”字的中心部分，为“三”；“真心不二”理解为“三”字的“二”不要了，剩下“一”。“真心不二到白头”理解为“一”字在“白”字的头部，组成字“百”。一+白=百。,百
作揖(猜一字),提示：“作揖”理解为两只手合在一起，扣“合手”，“合”与“手”组成字“拿”。合+手=拿。,拿
订单直销西方(猜一字),提示：“单”即“一”之意。“直”指的是竖直，形状为“丨”。“销西”指的是“销”字笔画的西面（左边部分），为“钅”。,针
镜中于人终不如(猜一字),提示：“于”字义为“去”；“镜中于人终”指的是“镜”字笔画的末尾部分去掉，剩下“钅”。“不”明扣。,钚
来到村中树苍挺(猜一字),提示：“来到村中树苍挺”反过来理解就是“树”字的“村”没有了，剩下“又”。树-村=又。,又
水边又是四个太阳(猜一字),提示：“水”理解为三点水“氵”。“日”字义为“太阳”，与谜面中的“太阳”相扣。“氵”“日”与谜面中的“又”“四”组成字“漫”。,漫
三人龙舟竞渡(猜一字),提示：“三人”理解为三个“人”，划龙舟的时候，三个人的身体都会弯曲，形状为“<<<”。“龙舟”的形状像“辶”。辶+<<<=巡。,巡
会心的一笑(猜一字),提示：“心”指的是竖心旁（忄）。“一笑”说明高兴，喜悦，扣“悦”。“会心的一笑”指的是“兑”与“忄”会面后，组成字“悦”。悦-忄=兑。,兑
内阁改组要公开(猜一字),提示：“内阁”指的是“阁”字笔画的内部，里面部分，为“各”。“公开”指的是“公”字笔画拆分开。各+公=唆。,唆
空翻飞鸟鸣新春(猜一字),提示：“空翻”指的是“空”字拆分笔画。“飞鸟鸣”指的是“鸣”字笔画中的“鸟”飞走了，去掉，剩下“口”。口+空=寅。“新春”指的是寅虎年，扣“寅”。第二次紧扣谜底。,寅
口里插针(猜一字),提示：“针”的形状为“丨”。“丨”与谜面中的“口”组成字“中”。丨+口=中。,中
白了人头(猜一字),提示：“白了人头”指的是“白”字笔画的头部了结，去掉，剩下“日”。,日
激情释放无须怕(猜一字),提示：“激情释放无须怕”理解为“激情”二字去掉“放”字的笔画，在无“怕”的笔画部分，剩下部分（氵青）组成字“清”。激情-放-怕=清。,清
加一横在天上，加两横在脸上(猜一字),提示：“横”理解为符号中的“一”。“加一横在天上”理解为谜底“口”字加“一”，组成字“日”，太阳（日）是在天上的。“加两横在脸上”理解为谜底“口”字加“二”，组成字“目”，眼睛（目）是长在脸上的。,口
人需边上走(猜一字),提示：“需”与“须”谐音相扣，“须”理解为胡须，形状为“彡”。“彡”与谜面中的“人”“走”组成字“趁”。彡+走+人=趁。,趁
告别(猜一字),提示：“告别”指的是人与人分手离开，扣“分手”，“手”指的是提手旁“扌”。“分”与“扌”组成字“扮”。扌+分=扮。,扮
一尺(猜一字),提示：“一”明扣。“尺”指的是一尺，等于“十寸”。十+寸+一=寺。,寺
一杆撑双日(猜一字),提示：“双日”理解为两个“日”字，即“日日”，“日”与“日”组成字“田”。“一杆撑双日”理解为竖着的一，即“丨”撑着“田”，组成字“甲”。丨+田=甲。,甲
半盘虾头(猜一字),提示：“半盘”指的是“盘”字笔画的一半，取“皿”。“虾头”指的是“虾”字笔画的头部，为“虫”。虫+皿=蛊。,蛊
严伟涛先生(猜一字),提示：“严伟涛先生”指的是“严伟涛”三字笔画的先头部分，分别为“一丿、”，“一丿、”调整笔画，组成字“广”。,广
一直一撇一点(猜一字),提示：“撇”理解为“丿”。“点”理解为“、”。“丿”“、”与谜面中的“直”组成字“真”。,真
翡翠前后无踪影(猜一字),提示：“翡翠前后无踪影”指的是“翡”字笔画的前面部分无，剩下“羽”；“翠”字笔画的后面部分无，剩下“羽”，第二次紧扣谜底。,羽
哑巴谈天(猜一字),提示：“哑巴谈天”理解为哑巴说话的时候，是比手势，扣“比手”，“手”理解为提手旁“扌”，“扌”与“比”组成字“批”。扌+比=批。,批
说对一半(猜一字),提示：“说对一半”理解为“说对”二字各取一半，分别取“讠寸”，“讠”与“寸”组成字“讨”。讠+寸=讨。,讨
转眼已到故居前(猜一字),提示：“目”字义为“眼睛”，与谜面中的“眼”相扣；“转眼”指的是“目”字转动，变成字“罒”。“故居前”指的是“居”字笔画的前面部分亡故，去掉，剩下“古”。古+罒=罟。,罟
而要一动心态变(猜一字),提示：“而要一动”指的是“而”字笔画的“一”变动，调整笔画，“而”变成字“血”。“心”理解为竖心旁“忄”。忄+血=恤。,恤
参查仿造六桥成(猜一字),提示：“参查仿”指的是“仿”字笔画参差不齐。“六”明扣。“桥”的形状为“冖”。冖+六+仿=傍。,傍
视而不见，掩口而听(猜一字),提示：“视而不见”理解为“视”字的“见”不要了，没有了，剩下“礻”。“掩口而听”理解为“听”字的“口”隐藏起来了，剩下“斤”。斤+礻=祈。,祈
笨头笨脑(猜一字),提示：“笨头笨脑”理解为“笨”字的头部，脑部，都为“⺮”，“⺮”部首理解为“竹”。,竹
算命先生(猜一字),提示：“算命先生”其实就是一个卜卦的人，扣:“卜人”，“人”指的是单人旁“亻”，“亻”与“卜”组成字“仆”。亻+卜=仆。,仆
上能浇禾苗，下能长禾苗，上下相结合，响声震山河(猜一字),提示：“浇禾苗”的是雨水，扣“雨”。“长禾苗”的是田地，扣“田”。田+雨=雷。“响声震山河”理解为雷声。,雷
出口成章(猜一字),提示：“口”明扣。“章”指的是“文章”，扣“文”。文+口=吝。,吝
有心一定先表态(猜一字),提示：“定先”理解为“定”字的先头部分，为“、”。“有心一定先表态”反过来理解就是“态”字的“心”“一”“、”没有了，剩下“人”。,人
时装展览(猜一字),提示：“时装展览”陈列的都是衣服，扣“列衣”，“列”与“衣”组成字“裂”。列+衣=裂。,裂
口里吃个大玉米(猜一字),提示：谜面理解为“口”字把“玉”字吃进去，组成字“国”。口+玉=国。,国
干活安心(猜一字),提示：“干”理解为没有水，即没有“氵（水）”；“干活”理解为“活”字没有“氵”，剩下“舌”。“心”理解为竖心旁“忄”。忄+舌=恬。,恬
半阴半晴天(猜一字),提示：“半阴”指的是“阴”字笔画的一半，取“月”。“半晴天”指的是“晴天”二字笔画的一半，分别为“日一”。月+日+一=胆。,胆
开始下沉就报警(猜一字),提示：“开始”指的是“开”字笔画的初始部分，为“一”。“下沉”指的是“沉”字笔画的下面部分，为“几”。“开始下沉”指的是“一”与“几”调整笔画，组成字“井”。“报警”指的是谜底的读音与“警”相同。,井
一一清查(猜一字),提示：“一一清查”理解为清除掉“查”字的“一一”，剩下“杏”。,杏
用心向上(猜一字),提示：“用心向上”理解为“用”字的中心部分的“丨”往上移动，变成字“冉”。,冉
拳脚相加(猜一字),提示：“拳”理解为“手”，“手”理解为提手旁“扌”。“足”字义为“脚”，与谜面中的“脚”相扣。足+扌=捉。,捉
一来就猜中(猜一字),提示：“一来就猜中”反过来理解“中”字的“一”没有来，剩下“巾”。,巾
银行内部要调整(猜一字),提示：“银行内部要调整”理解为“银行”二字的中间部分，为“艮彳”，“艮”与“彳”调整，组成字“很”。艮+彳=很。,很
孤山之夜(猜一字),提示：“夕”泛指晚上，与谜面中的“夜”相扣。“孤山之夜”指的是孤“山”与“夕”组成字“岁”。夕+山=岁。,岁
入门无犬吠(猜一字),提示：“无犬吠”指的是“吠”字无“犬”，剩下“口”。“入门无犬吠”指的是“口”字进入“门”字里面，组成字“问”。口+门=问。,问
是马不像马，像牛不是牛(猜一字),提示：“马”与十二地支中的“午”相扣，所以说谜底是“马”不像“马”字。“像牛不是牛”理解为谜底“午”字笔画像“牛”字，但是却不是同一个字。,午
一次方(猜一字),提示：“方”理解为方格，形状为“口”。“口”与谜面中的“次”组成字“咨”。口+次=咨。,咨
自古逢秋多愁苦(猜一字),提示：“自古逢秋多愁苦”指的是“愁苦”二字笔画中的“古”“秋”多了，去掉，剩下“心艹”。心+艹=芯。,芯
东坡偕女抵西湖(猜一字),提示：“东坡”理解为“坡”字的东面（右边部分），为“皮”。“西湖”理解为“湖”字的西面（左边部分），为“氵”。“氵”“皮”与谜面中的“女”组成字“婆”。皮+氵+女=婆。,婆
几度人手缺(猜一字),提示：“几”明扣。“人”理解为单人旁“亻”。“手缺”指的是“手”字笔画缺少部分，变成“壬”。壬+亻+几=凭。,凭
围炉取暖(猜一字),提示：“围炉取暖”说明大家用炉子共同烤火，扣“共火”，“共”与“火”组成字“烘”。共+火=烘。,烘
一字生得巧，上下可颠倒，写了两晚上，内容真不少(猜一字),提示：“夕”字义为“晚上”，与谜面中的“晚上”相扣；“两晚上”理解为两个“夕”字，即“夕夕”。夕+夕=多。,多
请君免言(猜一字),提示：“请君免言”意思是让尊驾止口，不说话，扣“尊止口”，“尊止口”组成字“蹲”。尊+止+口=蹲。,蹲
九只手(猜一字),提示：“手”理解为提手旁“扌”。“扌”与谜面中的“九”组成字“扏”。扌+九=扏。,扏
叫人进去作口供(猜一字),提示：“人”理解为单人旁“亻”。“叫人进去作口供”反过来理解就是“口供”的“亻”没有进去，剩下“口共”，“口”与“共”组成字“哄”。口+共=哄。,哄
再三而见方露脸(猜一字),提示：“再三而见”指的是“三”与“而”组成字“面”。三+而=面。“露脸”指的是露面，扣“面”。第二次紧扣谜底。,面
孔孟好学字字存(猜一字),提示：“孔孟”指的是孔子，孟子，扣“子”。“好学字字存”指的是“好学字字”四字笔画都含有的部分，为“子”。,子
客中一人脱衣衫(猜一字),提示：“客中”指的是“客”字笔画的中间部分，为“夂”。“一”指的是小写的数字“1”。“人”理解为单人旁“亻”。“衣”理解为衣字旁“衤”；“脱衣衫”指的是“衫”字笔画的“衤”脱掉，没有了，剩下“彡”。彡+1+亻+夂=修。,修
贪财铸成错(猜一字),提示：“财”理解为金钱，扣“金”，“金”理解为金字旁“钅”。“贪财铸成错”反过来理解就是“错”字没有贪“钅”，剩下“昔”。错-钅=昔。,昔
正是萦心宝黛同(猜一字),提示：“正”指的是正号，符号为“+”；“是”的符号为“+”；“正是”指的是“+”与“+”相连，组成字“艹”。“萦心”指的是“萦”字笔画的中心部分，为“冖”。“宝黛同”指的是贾宝玉与林黛玉名字中相同的部分，为“玉”。玉+艹+冖=莹。,莹
一百减二(猜一字),提示：“一百减二”指的是“一百”笔画减去“二”，剩下“白”。,白
村边放羊(猜一字),提示：“村边”理解为“村”字的一边，取“木”。“木”与谜面中的“羊”组成字“样”。木+羊=样。,样
孤帆乘风去(猜一字),提示：“孤帆”形状为“虫”。“乘”指的是乘法，符号为“×”；“乘风去”指的是“风”字笔画的“×”去掉，剩下“几”。几+虫=虮。,虮
劫后又相逢(猜一字),提示：“劫后”理解为“劫”字的后面部分，为“力”。“力”与谜面中的“又”相逢，组成字“劝”。力+又=劝。,劝
运动员夺三金(猜一字),提示：“三金”理解为三个“金”字，即“金金金”，组成字“鑫”。金+金+金=鑫。,鑫
残花片片落草中(猜一字),提示：“残花”指的是“花”字笔画残缺，去掉部分，剩下“匕”；“残花片片”指的是两片“匕”，即“匕匕”。“落草中”指的是“草”字笔画的中间部分落掉，去掉，剩下“艹十”。艹+十+匕+匕=荜。,荜
中国开放有奔头(猜一字),提示：“中国开”指的是开掉“国”字的中间部分“玉”，剩下“口”。“奔头”指的是“奔”字的头部，为“大”。大+口=因。,因
皆从二天落(猜一字),提示：“皆从二天落”指的是“从二”二字笔画中的“天”落掉，去掉，剩下“人”。,人
雪落横山梅先开(猜一字),提示：“横山”理解为“山”字横过来，变成字“彐”；“雪落横山”理解为“雪”字的“彐”落掉了，没有了，剩下“雨”。“梅先开”理解为“梅”字的先头部分开除了，没有了，剩下“每”。每+雨=霉。,霉
丹心一点到白头(猜一字),提示：“点”的形状为“、”。“白头”理解为“白”字笔画的头部，为“丿”。“丿”“、”与谜面中的“丹”组成字“舟”。,舟
综合门市(猜一字),提示：谜面中的“门”与“市”组成字“闹”。门+市=闹。,闹
真心不二人可靠(猜一字),提示：“真心”理解为“真”字的中心部分，为“三”；“真心不二”理解为“三”字的“二”不要了，剩下“一”。“一”与谜面中的“人”“可”组成字“奇”。一+人+可=奇。,奇
眼睛底儿长，头上春草长(猜一字),提示：“目”字义为“眼睛”，与谜面中的“眼睛”相扣。“眼睛底儿长”理解为“目”字底部的“一”长一些，变成字“且”。“草”理解为草字头“艹”。艹+且=苴。,苴
半亩方田一鉴开(猜一字),提示：“半亩”指的是“亩”字笔画的一半，取“田”。“方”理解为方格，形状为“口”；“方田一鉴开”指的是“口”字笔画拆开，变成“一凵”。,画
草下藏七刀(猜一字),提示：“草”理解为草字头“艹”。“艹”与谜面中的“七刀”组成字“苆”。艹+七+刀=苆。,苆
心火一上便发愁(猜一字),提示：“心火一上便发愁”反过来理解就是“愁”字没有“心”“火”，剩下“禾”。愁-心-火=禾。,禾
当日恋人又变故(猜一字),提示：“亦”字义为“又”，与谜面中的“又”相扣。“当日恋人又变故”指的是“日恋人”三字笔画中的“亦”亡故，去掉，剩下“日心人”。日+心+人=恩。,恩
借才生财(猜一字),提示：“借才生财”反过来理解就是“财”字没有借到“才”，剩下“贝”。财-才=贝。,贝
各负担一半亏缺(猜一字),提示：“各负担一半亏缺”指的是“各负担”三字笔画的一半亏缺，去掉一半，分别剩下“口贝扌”。口+贝+扌=损。,损
色既是空(猜一字),提示：“赤”字义为“红色”，与谜面中的“色”相扣。“赤”字义为“空”，与谜面中的“空”相扣。所以谜底为“赤”。,赤
不是要开口(猜一字),提示：“不是”即“非”之意。“开口”指的是“口”字笔画开除部分，剩下“匚”。匚+非=匪。,匪
墓草离离人不来(猜一字),提示：“墓草离离人不来”指的是“墓”字笔画的中的“草”离别，“人”不要，去掉，剩下“二”。墓-草-人=二。,二
给力才成功(猜一字),提示：“给力才成功”反过来理解就是“功”字没有给“力”，剩下“工”。功-力=工。,工
花草凋日三春去(猜一字),提示：“草”理解为草字头“艹”；“花草凋”理解为“花”字的“艹”凋谢了，没有了，剩下“化”。“日三春去”理解为“春”字的“日三”去掉了，没有了，剩下“人”。人+化=伦。,伦
更深月色半人家(猜一字),提示：“人”理解为单人旁“亻”。“亻”与谜面中的“半”组成字“伴”。亻+半=伴。,伴
的哥换班(猜一字),提示：“的哥换班”理解为将车子交给对方，扣“车交”，“车”与“交”组成字“较”。车+交=较。,较
七载空山一日游(猜一字),提示：“七”明扣。“空山”指的是“山”字笔画的中间部分（丨）空了，剩下“凵”。“一日游”指的是“日”字笔画中的“一”游走，去掉，剩下“口”。口+凵+七=吨。,吨
百里挑一请前靠(猜一字),提示：“百里挑一”理解为“百”字笔画中的“一”挑出来，去掉，剩下“白”。“前靠”指的是“靠”字笔画的前面部分，为“告”。告+白=皓。,皓
此子一来自称帝(猜一字),提示：“帝”理解为皇帝，古时候皇帝称自己为“孤”，扣“孤”。“此子一来自称帝”反过来理解就是“孤”字的“子”没有来，剩下“瓜”。孤-子=瓜。,瓜
春香连日去听琴(猜一字),提示：“连日”理解为连着的“日”字，即“日日”。“春香连日去”理解为“春香”二字去掉“日日”，剩下“三人”“禾”，“三人”与“禾”组成字“秦”。“听琴”理解为谜底与“琴”谐音，“秦”与“琴”谐音相扣。,秦
活在当下方成仙(猜一字),提示：“当下”指的是“当”字笔画的下面部分，为“彐”；“活在当下”指的是“彐”活动，调整笔画，变成字“山”。“活在当下方成仙”反过来理解就是“仙”字笔画中的“山”没有，去掉，剩下“亻”，“亻”扣“人”。,人
空山曲径蹄痕乱(猜一字),提示：“山”明扣。“曲径”的形状为“乛”。“蹄痕”的形状为“函”字笔画没有“山”“乛”的部分。,函
终不喝酒过一生(猜一字),提示：“终不喝酒”指的是“喝酒”二字笔画的终点部分不要，去掉，剩下“口氵”。“过一生”指的是“生”字笔画中的“一”过去，去掉，剩下“浩”笔画没有“口氵”的部分。,浩
早日独立(猜一字),提示：“早日独立”理解为“早”与“立”组成字“章”。早+立=章。,章
老叶枯木草凋零(猜一字),提示：“老叶”指的是“叶”字的繁体字，为“葉”。“草”理解为草字头“艹”。“老叶枯木草凋零”指的是“葉”字笔画中的“木”枯萎，去掉，“艹”凋零，去掉，剩下“世”。,世
宝玉出游到园中(猜一字),提示：“宝玉出游”理解为“宝”字的“玉”出游了，没有了，剩下“宀”。“园中”理解为“园”字的中间部分，为“元”。元+宀=完。,完
有位叔叔一只眼，大事小事都爱管(猜一字),提示：“目”字义为“眼睛”，与谜面中的“眼”相扣。“目”与谜面中的“叔”组成字“督”。目+叔=督。“大事小事都爱管”说明喜欢监督别人，扣“督”，第二次紧扣谜底。,督
东坡西行(猜一字),提示：“东坡”理解为“坡”字的东面（右边部分），为“皮”。“西行”理解为“行”字的西面（左边部分），为“彳”。彳+皮=彼。,彼
回扣钱(猜一字),提示：“钱”在古时候是用贝壳做货币，扣“贝”。“贝”与谜面中的“回”组成字“圆”。回+贝=圆。,圆
转眼又一日(猜一字),提示：“目”字义为“眼睛”，与谜面中的“眼”相扣；“转眼”指的是“目”字转动，变成字“罒”。“又”明扣。“日”明扣。又+日+罒=曼。,曼
且就洞庭赊月色(猜一字),提示：“且”理解为姑且，扣“姑”。“洞庭”理解为洞庭湖，洞庭湖里面都是水，扣“水”，“水”理解为三点水“氵”。“且就洞庭赊月色”理解为“姑”字赊来了“氵”，变成字“沽”。,沽
秋来叶飘零(猜一字),提示：“秋”指的是金秋，扣“金”，“金”理解为金字旁“钅”。“叶飘零”指的是“叶”笔画飘走部分，剩下“十”。,针
失足之后重新做人(猜一字),提示：“失足之后”理解为“足”字失去了后面部分，剩下“口”。“失足之后重新”理解为“口”字重复，即“口口”。“人”理解为单人旁“亻”。亻+口+口=侣。,侣
残月对残花，雁字共斜风(猜一字),提示：“残月”指的是“月”字笔画残缺，剩下“习”；“残月对”指的是“习”成对，即“习习”。“残花”指的是“花”字笔画残缺，剩下“艹”。“雁”指的是大雁按着“人”字形飞行，扣“人”。“斜风”的形状为“彡”。习习+艹+人+彡=蓼。,蓼
白首入仕有几度(猜一字),提示：“白首”指的是“白”字笔画的首部，为“丿”。“仕”明扣。“几”明扣。丿+仕+几=凭。,凭
春阴秋不暖(猜一字),提示：“日”是太阳，太阳是暖和的。“火”是暖和的。“春阴秋不暖”理解为“春”字没有“日”；“秋”字没有“火”，各自剩下部分组成字“秦”。,秦
刚娶过门的妻子跟人跑了(猜一字),提示：“妻子”说明是女的，扣“女”。“走”字义为“跑”，与谜面中的“跑”相扣。“刚娶过门的妻子跟人跑了”说明现在没有妻子了，即“娶”字没有“女”，剩下“取”，“取”与谜面中的“走”组成字“趣”。走+取=趣。,趣
人须边上走(猜一字),提示：“须边”理解为“须”字的一边，取“彡”。“彡”与谜面中的“人”“走”组成字“趁”。彡+人+走=趁。,趁
山乡水、水乡山，而今处处变了样(猜一字),提示：“山”字变成了“彐”。“乡”字变成了“纟”。“水”字变成了“绿”字没有“纟”“彐”的部分。,绿
改坐旋转木马呜呜叫(猜一字),提示：“呜呜叫”指的是谜底的读音与“呜”相同。“改坐旋转木马”指的是“坐”字调整笔画，变成字“巫”；“巫”字形状就像人坐在旋转木马上。,巫
颠连花影暗香深(猜一字),提示：“花影”指的是“花”与影子“花”，形状为“乘”笔画中没有“禾”的部分。“暗”说明没有日光；“暗香”指的是“香”字笔画中的“日”没有，剩下“禾”。,乘
雪后日出时，高度是八尺(猜一字),提示：“雪后”理解为“雪”字的后面部分，为“彐”。“日出时”理解为“时”字的“日”出去了，剩下“寸”。寸+彐=寻。,寻
蟾宫里面(猜一字),提示：“蟾宫”古代神话里说月中有蟾蜍，后来诗文中就用作月亮的代称，扣“月”。“宫里面”理解为“宫里”二字的里面部分，为“口丨”，“口”与“丨”组成字“中”。中+月=肿。,肿
一人无力旁边站，一人有力上边躺，此事并非不公平，只因受损不健康(猜一字),提示：“一人无力旁边站”理解为“人”字旁边无任何东西，“人”理解为单人旁“亻”。“一人有力上边躺”理解为“人”与“力”组成“伤”字没有“亻”的部分。,伤
人隔千里，相约惠来(猜一字),提示：“人隔千里，相约惠来”指的是“人”“千”与“惠”调整笔画，组成字“穗”。,穗
岂可饥不择食(猜一字),提示：“食”理解为食字旁“饣”。“饥不择食”理解为“饥”字不要“饣”，剩下“几”。“几”与谜面中的“岂”组成字“凯”。几+岂=凯。,凯
一张弓箭(猜一字),提示：“一张弓箭”说明是单一的弓箭，扣“单弓”，“单”与“弓”组成字“弹”。单+弓=弹。当然“一”也可以理解为单数，扣“单”，“单”再与谜面中的“弓”组成字“弹”。,弹
入木三分写米字(猜一字),提示：“入木三分写米字”指的是“米”字的“木”去掉，剩下“丷”，“丷”与“三”组成“兰”。,兰
双“十一”(猜一字),提示：谜面中的“十”与“一”组成字“土”。双“十一”说明是一双“土”字，即“土土”，“土”与“土”组成字“圭”。,圭
女排出手便告捷(猜一字),提示：“手”理解为提手旁“扌”。“出手便告捷”理解为“捷”字的“扌”出去了，剩下“疌”。“疌”与谜面中的“女”组成字“婕”。疌+女=婕。,婕
自己(猜一字),提示：“自己”就是指的“本人”，“人”指的是单人旁（亻），“亻”与“本”组成字“体”。亻+本=体。,体
从左看是一天，从右看才是天一(猜一字),提示：“一天”即“一日”，“一”理解为小写数字“1”。1+日=旧。,旧
八戒入户读何声(猜一字),提示：“八戒”理解为“猪八戒”，扣“猪”，“猪”与十二地支中的“亥”相扣。“户”与“门”都含有“家”的意思，“户”扣“门”。门+亥=阂。“读何声”理解为谜底与“何”读声相同，“何”与“阂”同音相扣。,阂
排没了手，软没了欠(猜一字),提示：“手”理解为提手旁“扌”；“排没了手”指的是“排”笔画没了“扌”，剩下“非”。“软没了欠”指的是“软”笔画“欠”没有了，剩下“车”。车+非=辈。,辈
一一展示要小心(猜一字),提示：“一一”二字明扣。“小心”指的是“小”字笔画的中心部分，为“亅”。亅+一+一=于。,于
一条小河没有水(猜一字),提示：“水”理解为三点水“氵”。“一条小河没有水”理解为“河”字没有“氵”，剩下“可”。河-氵=可。,可
来人还债(猜一字),提示：“人”理解为单人旁“亻”。“来人还债”反过来理解就是“债”字的“亻”没有了，剩下“责”。债-亻=责。,责
每忆当初常追恨(猜一字),提示：“每”明扣。“忆当初”指的是“忆”字笔画的初始部分，为“忄”。忄+每=悔。“常追恨”指的是常常悔恨，扣“悔”。第二次紧扣谜底。,悔
容纳芳草称成都(猜一字),提示：“草”理解为草字头“艹”。“艹”与谜面中的“容”组成字“蓉”。艹+容=蓉。“成都”四川省辖地级市，简称“蓉”，第二次紧扣谜底。,蓉
来生注定恨未了(猜一字),提示：“来生注定恨未了”反过来理解就是“恨未了”笔画的“来”没有，剩下“丨艮了”。,限
采摘几朵送佳人(猜一字),提示：“采摘几朵”理解为“朵”字的“几”采摘了，没有了，剩下“木”。“人”理解为单人旁“亻”。“送佳人”理解为“佳”字的“亻”送走了，没有了，剩下“圭”。圭+木=桂。,桂
出狱言犹念，上蔡重牵犬(猜一字),提示：“言”理解为言字旁“讠”；“出狱言”指的是“狱”字笔画中的“讠”出去，去掉，剩下“犾”。“念”为“廿”的大写，“廿”字义为“二十”，“二十”理解为两个“十”字，即“十十”，“十”与“十”组成字“艹”。艹+犾=获。“上蔡”指的是“蔡”字笔画的上面部分，为“艹”。“重牵犬”指的是“犬”字重复，即“犬犬”，其中一个“犬”理解为反犬旁“犭”。犭+犬+艹=获。第二次紧扣谜底。,获
人赴寒山就伺候(猜一字),提示：“人”理解为单人旁“亻”。“寒山”指的是寒山寺，扣“寺”。寺+亻=侍。“伺候”指的是“侍”的字义。,侍
弟弟带的竹帽子遮住了头(猜一字),提示：“竹”理解为竹字头“⺮”。“弟弟带的竹帽子遮住了头”指的是“弟”字上面的“丷”被“⺮”遮住了，变成了字“第”。,第
不是男孩(猜一字),提示：“不是男孩”理解为不是男孩子，说明是女生，扣“女生”，“女”与“生”组成字“姓”。女+生=姓。,姓
村前溪边三方聚(猜一字),提示：“村前”指的是“村”字笔画的前面部分，为“木”。“溪边”指的是“溪”字笔画的一边，取“氵”。“方”理解为方格，形状为“口”；“三方”指的是三个“口”，即“口口口”，“口口口”组成字“品”。品+木+氵=澡。,澡
火炬手的职责(猜一字),提示：“火炬手的职责”就是手里面“执”着火把，燃烧的火的形状为“灬”，扣“执灬”，执+灬=热。,热
春雨连绵妻独宿(猜一字),提示：“雨”理解为下雨天，看不到太阳（日）。“妻独宿”理解为妻子一个人，丈夫没有在家。“春雨连绵妻独宿”理解为“春”字没有“日”，丈“夫”没有在家，剩下“一”。春-日-夫=一。,一
如此口角，似有醉声(猜一字),提示：谜面中的“此口角”三字组成字“嘴”。此+口+角=嘴。“似有醉声”理解为谜底与“醉”同声，谜底“嘴”与“醉”谐音相扣。,嘴
钟馗赴任(猜一字),提示：“钟馗赴任”理解为委任钟馗捉鬼，扣“委鬼”，“委”与“鬼”组成字“魏”。委+鬼=魏。,魏
学上段，会下段(猜一字),提示：“学上段”指的是“学”笔画的上面部分，为“龸”。“会下段”指的是“会”笔画的下面部分，为“云”。,尝
水满金山闹盈盈，吓得许仙不像人，白蛇娘娘当中坐，小青立在下面听(猜一字),提示：“水”理解为三点水“氵”。“吓得许仙不像人”理解为“人”字看着笔画不像了，变成字“厂”。“氵”“厂”与谜面中的“白”“小”组成字“源”。氵+厂+白+小=源。,源
舍金则是同(猜一字),提示：“舍金则是同”反过来理解就是“同”字增加“金”，组成字“銅”。,銅（铜）
从头开始，小心鉴定(猜一字),提示：“从头开始”指的是“从头”二字笔画的开始部分，分别为“人、”。“小心”指的是“小”字笔画的中心部分，为“亅”；“小心鉴定”指的是“亅”需要调整方向。,以
金字旁边不缺少(猜一字),提示：“金”理解为金字旁“钅”。“金字旁边不缺少”理解为“钅”字旁边有“少”，得到字“钞”。钅+少=钞。,钞
独到趣味中(猜一字),提示：“独”字义为“一个”，扣“一”。“趣味中”指的是“趣味”二字合在一起看，中间部分，为“取口”。取+口+一=最。,最
格格一人抿嘴笑(猜一字),提示：“格”理解为方格，形状为“口”；“格格”扣“口口”。“一人”二字明扣。一+人+口+口=哈。“笑”即“哈”之意，第二次紧扣谜底。,哈
国庆携女游异乡(猜一字),提示：“国庆”时间为“十一”，扣“十一”。“女”指的是男丁女口，扣“口”。“异乡”指的是“乡”字笔画变异，调整笔画，变成字“纟”。纟+口+十+一=结。,结
前对上座不甘心(猜一字),提示：“前对”指的是“对”字笔画的前面部分，为“又”。“上座”指的是“座”字笔画的上面部分，为“广”。“不甘心”指的是“甘”字笔画的中心部分不要，去掉，剩下“廿”。廿+又+广=度。,度
一支秃笔走天下(猜一字),提示：“秃笔”理解为毛“笔”秃了，没有“毛”了，剩下“⺮”。“走天下”理解为“天”字的下面部分走了，剩下“一”。“⺮”“一”与谜面中的“一”组成字“竺”。⺮+一+一=竺。,竺
始终不见有客来(猜一字),提示：“始终不见”指的是“始”字笔画的终点部分（后面部分）不见，去掉，剩下“女”。“客”指的是古时候客人的座位在西面，扣“西”。西+女=要。,要
残月屋下友情长(猜一字),提示：“残月”理解为“月”字笔画残缺了，右边的“亅”没有了，剩下左边部分，在旋转一下方向，得到“爫”。“屋下”理解为屋顶的形状，为“冖”。“冖”“爫”与谜面中的“友”组成字“爱”。爫+冖+友=爱。,爱
十加十不等于二十(猜一字),提示：“十”与“十”组成字“艹”。“艹”与谜面中的“加”组成字“茄”。艹+加=茄。“不等于二十”排除了谜底为“二十”的可能性。,茄
此人横竖要相见(猜一字),提示：“人”理解为单人旁“亻”。“横竖”的形状为“一丨”，“一”与“丨”组成字“十”。亻+十=什。,什
残花浮波顺水流(猜一字),提示：“残花”指的是“花”字笔画残缺，剩下“匕”。“浮波”指的是河川，河流，扣“川”；“浮波顺水流”指的是“顺水”笔画中的“川”流走，去掉，剩下“页水”。页+水+匕=颍。,颍
开头(猜一字),提示：“开头”理解为“开”字的头部，为“一”。,一
人生转变是非清(猜一字),提示：“是非”的符号为“+-”，“+”与“-”组成字“土”。“人生转变是非清”指的是“人生”与“土”调整笔画，组成字“珠”。,珠
儿将远行到台北(猜一字),提示：“儿将远行”理解为“远”字的“儿”行走了，剩下“辶二”。“台北”理解为“台”字的北面（上面部分），为“厶”。“辶二”与“厶”组成字“运”。,运
两只狗儿不一样，并肩在那草下躺(猜一字),提示：“犬”字义为“狗”，与谜面中的“狗”相扣。“两只狗儿”理解为两个“犬”字，即“犬犬”。“两只狗儿不一样”理解为一个为“犬”字，另外一个“犬”字为反犬旁“犭”。“草”理解为草字头“艹”。艹+犬+犭=获。,获
为妻扶你下公交(猜一字),提示：“为妻扶你下公交”指的是妻子扶丈夫下公交车，扣“扶夫车”。扶+夫+车=撵。,撵
前前后后都要放在心上(猜一字),提示：“前前”理解为“前”字的前面部分，为“丷”。“后后”理解为“后”字的后面部分，为“口”。“丷”“口”与谜面中的“心”组成字“总”。丷+口+心=总。,总
二度重阳连夜归(猜一字),提示：“重阳”理解为九九重阳节，扣“九九”，“九”与“九”相加等于“十八”，“十”与“八”组成字“木”。“二度重阳”理解为两个“木”字，即“木木”。“夕”字义为“晚上，夜晚”，与谜面中的“夜”相扣。夕+木+木=梦。,梦
一点相会心上人(猜一字),提示：“一”“心”“人”明扣。“点”形状为“、”。,态
有眼看得准，有口咬得紧，有金钻劲大，有火放光明(猜一字),提示：“目”字义为“眼睛”，与谜面中的“眼”相扣。“看得准”说明盯着看，扣“盯”。“有眼看得准”反过来理解就是“盯”字的“目”没有了，剩下“丁”。盯-目=丁。  “咬得紧”理解为叮咬，扣“叮”。“有口咬得紧”反过来理解就是“叮”字的“口”没有了，剩下“丁”。叮-口=丁。 “金”理解为金字旁“钅”。“钻劲大”说明是铁钉，扣“钉”。“有金钻劲大”反过来理解就是“钉”字的“钅”没有了，剩下“丁”。钉-钅=丁。  “放光明”形容的是电灯，扣“灯”。“有火放光明”反过来理解就是“灯”字的“火”没有了，剩下“丁”。灯-火=丁。,丁
白日鬼依在(猜一字),提示：谜面中的“白”与“鬼”组成字“魄”。白+鬼=魄。,魄
心心向党(猜一字),提示：“心心向党”理解为“向党”二字的中心部分，分别为“口口”，“口”与“口”组成字“吕”。口+口=吕。,吕
半里路(猜一字),提示：“半里路”理解为“里路”二字各取一半，分别取“田各”，“田”与“各”组成字“略”。田+各=略。,略
昔日一去站后面(猜一字),提示：“昔日一去”指的是“昔”字笔画中的“日一”去掉，剩下“艹”。“站后”指的是“站”字笔画的后面部分，为“占”。占+艹=苫。,苫
又到集上听南音(猜一字),提示：“集上”理解为“集”字的上面部分，为“隹”。“隹”与谜面中的“又”组成字“难”。隹+又=难。“听南音”理解为谜底与“南”读音相同，谜底“难”与“南”同音相扣。,难
低头不见抬头见(猜一字),提示：“低头不见”理解为“低”字的头部不见了，剩下“氐”。“抬头”理解为“抬”字的头部（前面部分），为“扌”。扌+氐=抵。,抵
人去即可(猜一字),提示：“人”理解为单人旁“亻”。“人去即可”反过来理解就是“可”字增加“亻”，组成字“何”。可+亻=何。,何
阶下草(猜一字),提示：“阶下”指的是“阶”字笔画的末尾部分，为“介”。“草”理解为草字头“艹”。艹+介=芥。,芥
四方团结添后劲(猜一字),提示：“方”理解为方格，形状为“口”。“四方团结”理解为四个“口”，即“口口口口”团结在一起，组成字“田”。“后劲”理解为“劲”字的后面部分，为“力”。力+田=男。,男
上朝(猜一字),提示：“上朝”理解为文武百官上朝，扣“文武”二字，“文”与“武”组成字“斌”。文+武=斌。,斌
前引上台观西江(猜一字),提示：“前引”指的是“引”字笔画的前面部分，为“弓”。“上台”指的是“台”字笔画的上面部分，为“厶”。“西江”指的是“江”字笔画的西面（左边部分），为“氵”。氵+弓+厶=泓。,泓
秋前隐后最可靠(猜一字),提示：“秋前”指的是“秋”字笔画的前面部分，为“禾”。“隐后”指的是“隐”字笔画的后面部分，为“急”。急+禾=稳。“最可靠”指的是做事稳妥，扣“稳”，第二次紧扣谜底。,稳
落草为王(猜一字),提示：“草”理解为草字头“艹”。“艹”与谜面中的“王”组成字“弄”。艹+王=弄。,弄
枝节纵横(猜一字),提示：“纵横”理解为竖横，即符号“丨一”。“枝节纵横”理解为“枝”字节省了“丨一”，剩下“权”。,权
厂长点子好，建厂自有方(猜一字),提示：“点”理解为符号“、”。“厂长点子好”理解为“厂”与“、”组成字“广”。“方”理解为方格，形状为“口”。“建厂自有方”理解为“厂”与“口”组成字“石”。“厂长点子好，建厂自有方”理解为“广”与“石”组成字“矿”。石+广=矿。,矿
话说洪武帝元璋(猜一字),提示：“话说”即言语，扣“言”，“言”理解为言字旁“讠”。“洪武帝元璋”指的是朱元璋，扣“朱”。朱+讠=诛。,诛
没有夸大损失(猜一字),提示：“没有夸大”理解为“夸”字的“大”没有了，剩下“亏”。夸-大=亏。“损失”说明亏损了，扣“亏”，第二次紧扣谜底。,亏
生员与和尚口角，和尚不成和尚，生员不成生员(猜一字),提示：谜面中的“员”与“尚”的“口”共同使用，组成字“赏”。,赏
为人在世需方正(猜一字),提示：“人”“世”二字明扣。“方”理解为方格，形状为“口”。“正”指的是正号，符号为“+”。“为人在世需方正”指的是“人”“世”“口”与“+”组成字“喋”。,喋
竹落方三叶，月斜恰半林(猜一字),提示：“竹落”理解为竹叶飘落的形状，为“彡”。“三叶”理解为三片叶子，形状为“、、、”。“月斜”理解为月亮西斜的时候，形状为“丿”。“半林”理解为“林”字的一半，取“木”。,彩
陶朱连夜别西湖(猜一字),提示：“陶朱”指的是历史人物“范蠡”，扣“范”。“夕”字义为“晚上”，与谜面中的“夜”相扣。“西湖”指的是“湖”字笔画的西面（左边部分），为“氵”。“陶朱连夜别西湖”指的是“范”字笔画中的“氵”离别，去掉，剩下部分再与“夕”组成字“苑”。,苑
优先录用令先行(猜一字),提示：“优先”指的是“优”字笔画的先头部分，为“亻”。“用”明扣。“令先行”指的是“令”字笔画的先头部分行走，去掉，剩下“乛、”。,俑
好男儿走四方(猜一字),提示：“男儿”理解为男子，扣“子”；“好男儿走”理解为“好”字的“子”走了，剩下“女”。“四方”理解为四方形，形状为“口”。口+女=如。,如
抛锚前后(猜一字),提示：“抛锚前后”指的是“抛”字笔画的前面部分“扌”；“锚”字笔画的后面部分“苗”。扌+苗=描。,描
一箭射入卧山中(猜一字),提示：“箭”即“矢”之意。“一箭射入卧山中”指的是“山”字卧倒，中间的“一”射掉，去掉，剩下“匚”；“匚”再与“矢”组成字“医”。,医
超前领取(猜一字),提示：“超前”理解为“超”字的前面部分，为“走”。“走”与谜面中的“取”组成字“趣”。走+取=趣。,趣
有一半乞怜(猜一字),提示：“有一半乞怜”指的是“乞怜”二字笔画各取一半，分别取“乙忄”。忄+乙=忆。,忆
双手一挥，说声再见(猜一字),提示：“双手”理解为一双“手”字，即“手手”。手+手=拜。“拜”字义为“再见”，与谜面中的“再见”相扣。,拜
陕西省(猜一字),提示：“陕西省”理解为“陕”字的西面（左边部分）省掉，没有了，剩下“夹”。,夹
又约红颜吊脚楼(猜一字),提示：“又”明扣。“红颜”指容貌美丽的女子，扣“女”。“吊脚”指的是“吊”字笔画的脚，底部，为“巾”。巾+又+女=帑。,帑
白头偕老(猜一字),提示：“白头”理解为“白”字的头部，为“丿”。“老”理解为古老，扣“古”。古+丿=舌。,舌
一生勤劳(猜一字),提示：“一生勤劳”理解为一辈子勤劳，将“辈劳”二字去掉部分，合为一个字，为“荤”。,荤
白玉无瑕(猜一字),提示：“白”明扣。“玉无瑕”说明“玉”字上面没有任何脏点（、），“玉”去掉“、”，剩下“王”字。“王”与“白”组成字“皇”。,皇
两点独自乘扁舟(猜一字),提示：“两点”理解为两点头“丷”。“独”字义为“一个”，扣“一”。“扁舟”的形状为“辶”。“丷”“一”“辶”与谜面中的“自”组成字“道”。丷+一+自+辶=道。,道
开关送谪仙(猜一字),提示：“开关送”指的是“送”字笔画的“关”开除，去掉，剩下“辶”。“谪仙”指的是谪仙人，即李白，扣“白”。白+辶=迫。,迫
赞扬责任制(猜一字),提示：“赞扬责任制”理解为夸奖个人承包，扣“夸包”，“夸”与“包”组成字“匏”。夸+包=匏。,匏
刚才东村有人来(猜一字),提示：“甫”字义为“刚”，与谜面中的“刚”相扣。“东村”理解为“村”字的东面（右边部分），为“寸”。“人”理解为单人旁“亻”。寸+甫+亻=傅。,傅
盘中日月(猜一字),提示：“盘”属于器皿，扣“皿”。“日月”二字明扣。日+月+皿=盟。,盟
到城头，望新月，两处茫茫均不见(猜一字),提示：“城头”指的是“城”字笔画的头部，为“土”。“新月”的形状为“丿”。“到城头，望新月，两处茫茫均不见”指的是“均”字笔画中的“土”“丿”不见了，去掉，剩下“习”。均-土-丿=习。,习
有手有脚，无法逃脱(猜一字),提示：“手”指的是提手旁“扌”。“足”字义为“脚”，与谜面“脚”相扣。“有手有脚”理解为“扌”与“足”，组成字“捉”。扌+足=捉。“无法逃脱”说明被捉住了，扣“捉”，第二次紧扣谜底。,捉
枯水河前人影单(猜一字),提示：“水”理解为三点水“氵”。“枯水河”理解为“河”字的“氵”枯了，没有了，剩下“可”。“人”理解为单人旁“亻”。“枯水河前人影单”理解为“亻”在“可”字的前面，组成字“何”。亻+可=何。,何
短竹长草入目来(猜一字),提示：“短竹”指的是竹字头“⺮”。“草”理解为草字头“艹”；“长草”指的是“艹”笔画拉长，变成字“廾”。“目”明扣。廾+⺮+目=算。,算
杜绝后门(猜一字),提示：“杜绝后”理解为“杜”字的后面部分绝了，没有了，剩下“木”。“木”与谜面中的“门”组成字“闲”。木+门=闲。,闲
半青半黄半收成(猜一字),提示：“半青”理解为“青”字的一半，取“月”。“半黄”理解为“黄”字的一半，取“艹一”。“半收”理解为“收”字的一半，取“攵”。“半青半黄半收成”理解为“月”“艹一”与“攵”组成字“散”。,散
一丝红罗订白首(猜一字),提示：“一”明扣。“丝”理解为绞丝旁“纟”；“丝红罗”指的是“红”字笔画中的“纟”遮拦，去掉，剩下“工”。“订白首”指的是“订”字笔画的首部白白，没有了，剩下“丁”。丁+一+工=玎。,玎
要虚心，不自负(猜一字),提示：“虚心”理解为“虚”字的中心部分，为“七”。“负”理解为负号，负号的形状为“一”。“不自负”理解为“自”字的“一”不要了，剩下“白”。白+七=皂。,皂
读它是第三，用它属老二(猜一字),提示：“乙”的读音为“yǐ”，音调为第三声，与谜面中的“读它是第三”相扣。“用它属老二”理解为“甲乙丙丁...”顺序排列下来，“乙”排在第二。,乙
有耳能听到，有口能请教，有手能摸索，有心就烦恼(猜一字),提示：“门”字有了“耳”，便组成字“闻”，“闻”字义为“听见”。“门”与“口”组成字“问”，“问”字义为“有不知道或不明白的事情或道理请人解答”。“手”指的是提手旁（扌），“扌”与“门”组成字“扪”，“扪”字义为“按；摸”。“心”与“门”组成字“闷”，人闷闷不乐，说明有烦恼。,门
干到白头人退休(猜一字),提示：“白头”理解为“白”字的头部，为“丿”。“人”理解为单人旁“亻”，“人退休”理解为“休”字退掉了“亻”，剩下“木”。“木”“丿”与谜面中的“干”组成字“杵”。木+干+丿=杵。,杵
扎后羊尾翘(猜一字),提示：“扎后”指的是“扎”字笔画的后面部分，为“乚”。“羊”明扣。羊+乚=羌。“羊尾翘”指的是“羊”字笔画的尾部往旁边翘。,羌
昂起头树雄心(猜一字),提示：“昂起头”理解为“昂”字的头部，为“日”。“树”理解为树木，扣“木”。“雄心”理解为“雄”字的中心部分，为“亻”。亻+木+日=倮。,倮
画中细柳见春色(猜一字),提示：“画中”指的是“画”字笔画的中间部分，为“田”。“柳”明扣。柳+田=榴。“春色”指的是石榴花开。,榴
日本一逃无影踪(猜一字),提示：“本一逃无影踪”理解为“本”字的“一”逃跑了，看不见了，剩下“木”。“木”与谜面中的“日”组成字“杳”。木+日=杳。,杳
木水火土(猜一字),提示：五行为“金木水火土”，谜面“木水火土”欠缺“金”，扣“欠金”，“金”理解为金字旁“钅”，“钅”与“欠”组成字“钦”。钅+欠=钦。,钦
左脚占据广大面积(猜一字),提示：“足”字义为“脚”，与谜面中的“脚”相扣，“足”理解为足字旁“⻊”。“⻊”与谜面中的“占”“广”组成字“踮”。⻊+占+广=踮。,踮
牵牛去饮水(猜一字),提示：“牵牛去”指的是“牵”字笔画的“牛”去掉，剩下“大冖”。“水”理解为三点水“氵”。氵+大+冖=泱。,泱
无人不高兴(猜一字),提示：“人”理解为单人旁“亻”。“不高兴”指的是“兴”字笔画的高处不要，去掉，剩下“八”。“无人不高兴”反过来理解就是“亻”有了“八”，组成字“爪”。,爪
灯厂失火重新建(猜一字),提示：“灯厂失火”理解为“灯”字失去了“火”，剩下“丁”。谜面中的“厂”与“丁”组成字“厅”。丁+厂=厅。,厅
不用言语心意到(猜一字),提示：“言”理解为言字旁“讠”；“不用言语”理解为“语”字不用“讠”，剩下“吾”。“心”理解为竖心旁“忄”。忄+吾=悟。,悟
机床厂撤消改组(猜一字),提示：“机床厂撤消改组”指的是“机床”二字笔画中的“厂”撤销，去掉，剩下部分调整笔画，组成字“梵”。,梵
百里挑一，千里挑一(猜一字),提示：“百里挑一”理解为“百”字里面挑出“一”，剩下“白”。“千里挑一”理解为“千”字的“一”挑出来，剩下“亻”。亻+白=伯。,伯
搬运工人一个样(猜一字),提示：谜面中的“工”与“人”搬运一下，组成字“仝”。工+人=仝。“仝”字义为“‘同’的古字。相同;一样”。,仝
千古一绝(猜一字),提示：“千古一绝”指的是“千”字的“一”绝迹了，没有了，剩下“亻”，“亻”再与“古”组成字“估”。亻+古=估。,估
一夜白头心中苦(猜一字),提示：“夕”字义为“晚上”，与谜面中的“夜”相扣。“白头”理解为“白”字的头部，为“丿”。“心中苦”理解为“苦”字的中心部分，为“十”。“十”“丿”“夕”与谜面中的“一”组成字“歼”。一+十+丿+夕=歼。,歼
高桥之下人被扣(猜一字),提示：“桥”的形状为“冖”。“人”明扣。“扣”明扣。扣+人+冖=损。,损
