input,answer
"'쇽'의 초성, 중성, 종성(있는 경우)은 무엇인가요? 쉼표로 구분하세요.","ㅅ, ㅛ, ㄱ"
"'체'의 초성, 중성, 종성(있는 경우)은 무엇인가요? 쉼표로 구분하세요.","ㅊ, ㅔ"
"'썁'의 초성, 중성, 종성(있는 경우)은 무엇인가요? 쉼표로 구분하세요.","ㅆ, ㅑ, ㅂ"
"'뎬'의 초성, 중성, 종성(있는 경우)은 무엇인가요? 쉼표로 구분하세요.","ㄷ, ㅖ, ㄴ"
"'돠'의 초성, 중성, 종성(있는 경우)은 무엇인가요? 쉼표로 구분하세요.","ㄷ, ㅘ"
"'멫'의 초성, 중성, 종성(있는 경우)은 무엇인가요? 쉼표로 구분하세요.","ㅁ, ㅔ, ㅊ"
"'쯸'의 초성, 중성, 종성(있는 경우)은 무엇인가요? 쉼표로 구분하세요.","ㅉ, ㅢ, ㄹ"
"'볨'의 초성, 중성, 종성(있는 경우)은 무엇인가요? 쉼표로 구분하세요.","ㅂ, ㅖ, ㅁ"
"'떤'의 초성, 중성, 종성(있는 경우)은 무엇인가요? 쉼표로 구분하세요.","ㄸ, ㅓ, ㄴ"
"'놔'의 초성, 중성, 종성(있는 경우)은 무엇인가요? 쉼표로 구분하세요.","ㄴ, ㅘ"
"'즌'의 초성, 중성, 종성(있는 경우)은 무엇인가요? 쉼표로 구분하세요.","ㅈ, ㅡ, ㄴ"
"'퐌'의 초성, 중성, 종성(있는 경우)은 무엇인가요? 쉼표로 구분하세요.","ㅍ, ㅘ, ㄴ"
"'쥔'의 초성, 중성, 종성(있는 경우)은 무엇인가요? 쉼표로 구분하세요.","ㅈ, ㅟ, ㄴ"
"'퓽'의 초성, 중성, 종성(있는 경우)은 무엇인가요? 쉼표로 구분하세요.","ㅍ, ㅠ, ㅇ"
"'욍'의 초성, 중성, 종성(있는 경우)은 무엇인가요? 쉼표로 구분하세요.","ㅇ, ㅚ, ㅇ"
"'긻'의 초성, 중성, 종성(있는 경우)은 무엇인가요? 쉼표로 구분하세요.","ㄱ, ㅣ, ㄼ"
"'솓'의 초성, 중성, 종성(있는 경우)은 무엇인가요? 쉼표로 구분하세요.","ㅅ, ㅗ, ㄷ"
"'뉟'의 초성, 중성, 종성(있는 경우)은 무엇인가요? 쉼표로 구분하세요.","ㄴ, ㅟ, ㄷ"
"'륐'의 초성, 중성, 종성(있는 경우)은 무엇인가요? 쉼표로 구분하세요.","ㄹ, ㅟ, ㅆ"
"'릋'의 초성, 중성, 종성(있는 경우)은 무엇인가요? 쉼표로 구분하세요.","ㄹ, ㅡ, ㅊ"
"'뭭'의 초성, 중성, 종성(있는 경우)은 무엇인가요? 쉼표로 구분하세요.","ㅁ, ㅞ, ㄱ"
"'촛'의 초성, 중성, 종성(있는 경우)은 무엇인가요? 쉼표로 구분하세요.","ㅊ, ㅗ, ㅅ"
"'윓'의 초성, 중성, 종성(있는 경우)은 무엇인가요? 쉼표로 구분하세요.","ㅇ, ㅟ, ㅀ"
"'텁'의 초성, 중성, 종성(있는 경우)은 무엇인가요? 쉼표로 구분하세요.","ㅌ, ㅓ, ㅂ"
"'쥼'의 초성, 중성, 종성(있는 경우)은 무엇인가요? 쉼표로 구분하세요.","ㅈ, ㅠ, ㅁ"
"'음'의 초성, 중성, 종성(있는 경우)은 무엇인가요? 쉼표로 구분하세요.","ㅇ, ㅡ, ㅁ"
"'벙'의 초성, 중성, 종성(있는 경우)은 무엇인가요? 쉼표로 구분하세요.","ㅂ, ㅓ, ㅇ"
"'펩'의 초성, 중성, 종성(있는 경우)은 무엇인가요? 쉼표로 구분하세요.","ㅍ, ㅔ, ㅂ"
"'기'의 초성, 중성, 종성(있는 경우)은 무엇인가요? 쉼표로 구분하세요.","ㄱ, ㅣ"
"'쯩'의 초성, 중성, 종성(있는 경우)은 무엇인가요? 쉼표로 구분하세요.","ㅉ, ㅡ, ㅇ"
"'왣'의 초성, 중성, 종성(있는 경우)은 무엇인가요? 쉼표로 구분하세요.","ㅇ, ㅙ, ㄷ"
"'멎'의 초성, 중성, 종성(있는 경우)은 무엇인가요? 쉼표로 구분하세요.","ㅁ, ㅓ, ㅈ"
"'둼'의 초성, 중성, 종성(있는 경우)은 무엇인가요? 쉼표로 구분하세요.","ㄷ, ㅝ, ㅁ"
"'찌'의 초성, 중성, 종성(있는 경우)은 무엇인가요? 쉼표로 구분하세요.","ㅉ, ㅣ"
"'쐰'의 초성, 중성, 종성(있는 경우)은 무엇인가요? 쉼표로 구분하세요.","ㅆ, ㅚ, ㄴ"
"'모'의 초성, 중성, 종성(있는 경우)은 무엇인가요? 쉼표로 구분하세요.","ㅁ, ㅗ"
"'쌤'의 초성, 중성, 종성(있는 경우)은 무엇인가요? 쉼표로 구분하세요.","ㅆ, ㅐ, ㅁ"
"'껸'의 초성, 중성, 종성(있는 경우)은 무엇인가요? 쉼표로 구분하세요.","ㄲ, ㅕ, ㄴ"
"'졤'의 초성, 중성, 종성(있는 경우)은 무엇인가요? 쉼표로 구분하세요.","ㅈ, ㅖ, ㅁ"
"'돱'의 초성, 중성, 종성(있는 경우)은 무엇인가요? 쉼표로 구분하세요.","ㄷ, ㅘ, ㅂ"
"'끎'의 초성, 중성, 종성(있는 경우)은 무엇인가요? 쉼표로 구분하세요.","ㄲ, ㅡ, ㄻ"
"'빋'의 초성, 중성, 종성(있는 경우)은 무엇인가요? 쉼표로 구분하세요.","ㅂ, ㅣ, ㄷ"
"'쑝'의 초성, 중성, 종성(있는 경우)은 무엇인가요? 쉼표로 구분하세요.","ㅆ, ㅛ, ㅇ"
"'뱍'의 초성, 중성, 종성(있는 경우)은 무엇인가요? 쉼표로 구분하세요.","ㅂ, ㅑ, ㄱ"
"'욷'의 초성, 중성, 종성(있는 경우)은 무엇인가요? 쉼표로 구분하세요.","ㅇ, ㅜ, ㄷ"
"'욜'의 초성, 중성, 종성(있는 경우)은 무엇인가요? 쉼표로 구분하세요.","ㅇ, ㅛ, ㄹ"
"'읏'의 초성, 중성, 종성(있는 경우)은 무엇인가요? 쉼표로 구분하세요.","ㅇ, ㅡ, ㅅ"
"'가'의 초성, 중성, 종성(있는 경우)은 무엇인가요? 쉼표로 구분하세요.","ㄱ, ㅏ"
"'뿥'의 초성, 중성, 종성(있는 경우)은 무엇인가요? 쉼표로 구분하세요.","ㅃ, ㅜ, ㅌ"
"'퍈'의 초성, 중성, 종성(있는 경우)은 무엇인가요? 쉼표로 구분하세요.","ㅍ, ㅑ, ㄴ"
"'쫑'의 초성, 중성, 종성(있는 경우)은 무엇인가요? 쉼표로 구분하세요.","ㅉ, ㅗ, ㅇ"
"'턈'의 초성, 중성, 종성(있는 경우)은 무엇인가요? 쉼표로 구분하세요.","ㅌ, ㅑ, ㅁ"
"'붐'의 초성, 중성, 종성(있는 경우)은 무엇인가요? 쉼표로 구분하세요.","ㅂ, ㅜ, ㅁ"
"'텐'의 초성, 중성, 종성(있는 경우)은 무엇인가요? 쉼표로 구분하세요.","ㅌ, ㅔ, ㄴ"
"'왑'의 초성, 중성, 종성(있는 경우)은 무엇인가요? 쉼표로 구분하세요.","ㅇ, ㅘ, ㅂ"
"'쪌'의 초성, 중성, 종성(있는 경우)은 무엇인가요? 쉼표로 구분하세요.","ㅉ, ㅕ, ㄹ"
"'눔'의 초성, 중성, 종성(있는 경우)은 무엇인가요? 쉼표로 구분하세요.","ㄴ, ㅜ, ㅁ"
"'뉫'의 초성, 중성, 종성(있는 경우)은 무엇인가요? 쉼표로 구분하세요.","ㄴ, ㅟ, ㅅ"
"'뫼'의 초성, 중성, 종성(있는 경우)은 무엇인가요? 쉼표로 구분하세요.","ㅁ, ㅚ"
"'읎'의 초성, 중성, 종성(있는 경우)은 무엇인가요? 쉼표로 구분하세요.","ㅇ, ㅡ, ㅄ"
"'맆'의 초성, 중성, 종성(있는 경우)은 무엇인가요? 쉼표로 구분하세요.","ㄹ, ㅣ, ㅍ"
"'꿕'의 초성, 중성, 종성(있는 경우)은 무엇인가요? 쉼표로 구분하세요.","ㄲ, ㅝ, ㄱ"
"'쏨'의 초성, 중성, 종성(있는 경우)은 무엇인가요? 쉼표로 구분하세요.","ㅆ, ㅗ, ㅁ"
"'윅'의 초성, 중성, 종성(있는 경우)은 무엇인가요? 쉼표로 구분하세요.","ㅇ, ㅟ, ㄱ"
"'젤'의 초성, 중성, 종성(있는 경우)은 무엇인가요? 쉼표로 구분하세요.","ㅈ, ㅔ, ㄹ"
"'슰'의 초성, 중성, 종성(있는 경우)은 무엇인가요? 쉼표로 구분하세요.","ㅅ, ㅡ, ㄽ"
"'묌'의 초성, 중성, 종성(있는 경우)은 무엇인가요? 쉼표로 구분하세요.","ㅁ, ㅚ, ㅁ"
"'쮀'의 초성, 중성, 종성(있는 경우)은 무엇인가요? 쉼표로 구분하세요.","ㅉ, ㅞ"
"'짛'의 초성, 중성, 종성(있는 경우)은 무엇인가요? 쉼표로 구분하세요.","ㅈ, ㅣ, ㅎ"
"'멷'의 초성, 중성, 종성(있는 경우)은 무엇인가요? 쉼표로 구분하세요.","ㅁ, ㅕ, ㄷ"
"'쭹'의 초성, 중성, 종성(있는 경우)은 무엇인가요? 쉼표로 구분하세요.","ㅉ, ㅝ, ㅇ"
"'얀'의 초성, 중성, 종성(있는 경우)은 무엇인가요? 쉼표로 구분하세요.","ㅇ, ㅑ, ㄴ"
"'룜'의 초성, 중성, 종성(있는 경우)은 무엇인가요? 쉼표로 구분하세요.","ㄹ, ㅛ, ㅁ"
"'엣'의 초성, 중성, 종성(있는 경우)은 무엇인가요? 쉼표로 구분하세요.","ㅇ, ㅔ, ㅅ"
"'껐'의 초성, 중성, 종성(있는 경우)은 무엇인가요? 쉼표로 구분하세요.","ㄲ, ㅓ, ㅆ"
"'끟'의 초성, 중성, 종성(있는 경우)은 무엇인가요? 쉼표로 구분하세요.","ㄲ, ㅡ, ㅎ"
"'띳'의 초성, 중성, 종성(있는 경우)은 무엇인가요? 쉼표로 구분하세요.","ㄸ, ㅣ, ㅅ"
"'앨'의 초성, 중성, 종성(있는 경우)은 무엇인가요? 쉼표로 구분하세요.","ㅇ, ㅐ, ㄹ"
"'톨'의 초성, 중성, 종성(있는 경우)은 무엇인가요? 쉼표로 구분하세요.","ㅌ, ㅗ, ㄹ"
"'푬'의 초성, 중성, 종성(있는 경우)은 무엇인가요? 쉼표로 구분하세요.","ㅍ, ㅛ, ㅁ"
"'씨'의 초성, 중성, 종성(있는 경우)은 무엇인가요? 쉼표로 구분하세요.","ㅆ, ㅣ"
"'늠'의 초성, 중성, 종성(있는 경우)은 무엇인가요? 쉼표로 구분하세요.","ㄴ, ㅡ, ㅁ"
"'벱'의 초성, 중성, 종성(있는 경우)은 무엇인가요? 쉼표로 구분하세요.","ㅂ, ㅔ, ㅂ"
"'끡'의 초성, 중성, 종성(있는 경우)은 무엇인가요? 쉼표로 구분하세요.","ㄲ, ㅢ, ㄱ"
"'뎔'의 초성, 중성, 종성(있는 경우)은 무엇인가요? 쉼표로 구분하세요.","ㄷ, ㅕ, ㄹ"
"'띡'의 초성, 중성, 종성(있는 경우)은 무엇인가요? 쉼표로 구분하세요.","ㄸ, ㅣ, ㄱ"
"'찡'의 초성, 중성, 종성(있는 경우)은 무엇인가요? 쉼표로 구분하세요.","ㅉ, ㅣ, ㅇ"
"'찰'의 초성, 중성, 종성(있는 경우)은 무엇인가요? 쉼표로 구분하세요.","ㅊ, ㅏ, ㄹ"
"'곽'의 초성, 중성, 종성(있는 경우)은 무엇인가요? 쉼표로 구분하세요.","ㄱ, ㅘ, ㄱ"
"'잆'의 초성, 중성, 종성(있는 경우)은 무엇인가요? 쉼표로 구분하세요.","ㅇ, ㅣ, ㅄ"
"'훔'의 초성, 중성, 종성(있는 경우)은 무엇인가요? 쉼표로 구분하세요.","ㅎ, ㅜ, ㅁ"
"'욉'의 초성, 중성, 종성(있는 경우)은 무엇인가요? 쉼표로 구분하세요.","ㅇ, ㅚ, ㅂ"
"'뺍'의 초성, 중성, 종성(있는 경우)은 무엇인가요? 쉼표로 구분하세요.","ㅃ, ㅐ, ㅂ"
"'왝'의 초성, 중성, 종성(있는 경우)은 무엇인가요? 쉼표로 구분하세요.","ㅇ, ㅙ, ㄱ"
"'돞'의 초성, 중성, 종성(있는 경우)은 무엇인가요? 쉼표로 구분하세요.","ㄷ, ㅗ, ㅍ"
"'녝'의 초성, 중성, 종성(있는 경우)은 무엇인가요? 쉼표로 구분하세요.","ㄴ, ㅖ, ㄱ"
"'돡'의 초성, 중성, 종성(있는 경우)은 무엇인가요? 쉼표로 구분하세요.","ㄷ, ㅘ, ㄱ"
"'욤'의 초성, 중성, 종성(있는 경우)은 무엇인가요? 쉼표로 구분하세요.","ㅇ, ㅛ, ㅁ"
"'꾜'의 초성, 중성, 종성(있는 경우)은 무엇인가요? 쉼표로 구분하세요.","ㄲ, ㅛ"
"'쐉'의 초성, 중성, 종성(있는 경우)은 무엇인가요? 쉼표로 구분하세요.","ㅆ, ㅘ, ㅇ"
"'톺'의 초성, 중성, 종성(있는 경우)은 무엇인가요? 쉼표로 구분하세요.","ㅌ, ㅗ, ㅍ"
"'얠'의 초성, 중성, 종성(있는 경우)은 무엇인가요? 쉼표로 구분하세요.","ㅇ, ㅒ, ㄹ"
"'륻'의 초성, 중성, 종성(있는 경우)은 무엇인가요? 쉼표로 구분하세요.","ㄹ, ㅡ, ㄷ"
"'쭙'의 초성, 중성, 종성(있는 경우)은 무엇인가요? 쉼표로 구분하세요.","ㅉ, ㅜ, ㅂ"
"'쳥'의 초성, 중성, 종성(있는 경우)은 무엇인가요? 쉼표로 구분하세요.","ㅊ, ㅕ, ㅇ"
"'턚'의 초성, 중성, 종성(있는 경우)은 무엇인가요? 쉼표로 구분하세요.","ㅌ, ㅒ, ㄶ"
"'쎰'의 초성, 중성, 종성(있는 경우)은 무엇인가요? 쉼표로 구분하세요.","ㅆ, ㅕ, ㅁ"
"'껑'의 초성, 중성, 종성(있는 경우)은 무엇인가요? 쉼표로 구분하세요.","ㄲ, ㅓ, ㅇ"
"'싈'의 초성, 중성, 종성(있는 경우)은 무엇인가요? 쉼표로 구분하세요.","ㅅ, ㅢ, ㄹ"
"'혻'의 초성, 중성, 종성(있는 경우)은 무엇인가요? 쉼표로 구분하세요.","ㅎ, ㅗ, ㄳ"
"'빎'의 초성, 중성, 종성(있는 경우)은 무엇인가요? 쉼표로 구분하세요.","ㅂ, ㅣ, ㄻ"
"'삷'의 초성, 중성, 종성(있는 경우)은 무엇인가요? 쉼표로 구분하세요.","ㅅ, ㅏ, ㄼ"
"'꿎'의 초성, 중성, 종성(있는 경우)은 무엇인가요? 쉼표로 구분하세요.","ㄲ, ㅜ, ㅈ"
"'쐿'의 초성, 중성, 종성(있는 경우)은 무엇인가요? 쉼표로 구분하세요.","ㅆ, ㅚ, ㅅ"
"'소'의 초성, 중성, 종성(있는 경우)은 무엇인가요? 쉼표로 구분하세요.","ㅅ, ㅗ"
"'잏'의 초성, 중성, 종성(있는 경우)은 무엇인가요? 쉼표로 구분하세요.","ㅇ, ㅣ, ㅎ"
"'렏'의 초성, 중성, 종성(있는 경우)은 무엇인가요? 쉼표로 구분하세요.","ㄹ, ㅔ, ㄷ"
"'엾'의 초성, 중성, 종성(있는 경우)은 무엇인가요? 쉼표로 구분하세요.","ㅇ, ㅕ, ㅄ"
"'겱'의 초성, 중성, 종성(있는 경우)은 무엇인가요? 쉼표로 구분하세요.","ㄱ, ㅕ, ㄺ"
"'롼'의 초성, 중성, 종성(있는 경우)은 무엇인가요? 쉼표로 구분하세요.","ㄹ, ㅘ, ㄴ"
"'뚣'의 초성, 중성, 종성(있는 경우)은 무엇인가요? 쉼표로 구분하세요.","ㄸ, ㅜ, ㄷ"
"'긺'의 초성, 중성, 종성(있는 경우)은 무엇인가요? 쉼표로 구분하세요.","ㄱ, ㅣ, ㄻ"
"'춸'의 초성, 중성, 종성(있는 경우)은 무엇인가요? 쉼표로 구분하세요.","ㅊ, ㅝ, ㄹ"
"'떠'의 초성, 중성, 종성(있는 경우)은 무엇인가요? 쉼표로 구분하세요.","ㄸ, ㅓ"
"'똬'의 초성, 중성, 종성(있는 경우)은 무엇인가요? 쉼표로 구분하세요.","ㄸ, ㅘ"
"'퇬'의 초성, 중성, 종성(있는 경우)은 무엇인가요? 쉼표로 구분하세요.","ㅌ, ㅙ, ㅆ"
"'뎓'의 초성, 중성, 종성(있는 경우)은 무엇인가요? 쉼표로 구분하세요.","ㄷ, ㅕ, ㄷ"
"'폿'의 초성, 중성, 종성(있는 경우)은 무엇인가요? 쉼표로 구분하세요.","ㅍ, ㅗ, ㅅ"
"'떴'의 초성, 중성, 종성(있는 경우)은 무엇인가요? 쉼표로 구분하세요.","ㄸ, ㅓ, ㅆ"
"'단'의 초성, 중성, 종성(있는 경우)은 무엇인가요? 쉼표로 구분하세요.","ㄷ, ㅏ, ㄴ"
"'셔'의 초성, 중성, 종성(있는 경우)은 무엇인가요? 쉼표로 구분하세요.","ㅅ, ㅕ"
"'맙'의 초성, 중성, 종성(있는 경우)은 무엇인가요? 쉼표로 구분하세요.","ㅁ, ㅏ, ㅂ"
"'뵴'의 초성, 중성, 종성(있는 경우)은 무엇인가요? 쉼표로 구분하세요.","ㅂ, ㅛ, ㅁ"
"'냅'의 초성, 중성, 종성(있는 경우)은 무엇인가요? 쉼표로 구분하세요.","ㄴ, ㅐ, ㅂ"
"'쨍'의 초성, 중성, 종성(있는 경우)은 무엇인가요? 쉼표로 구분하세요.","ㅉ, ㅐ, ㅇ"
"'콘'의 초성, 중성, 종성(있는 경우)은 무엇인가요? 쉼표로 구분하세요.","ㅋ, ㅗ, ㄴ"
"'릍'의 초성, 중성, 종성(있는 경우)은 무엇인가요? 쉼표로 구분하세요.","ㄹ, ㅡ, ㅌ"
"'쭊'의 초성, 중성, 종성(있는 경우)은 무엇인가요? 쉼표로 구분하세요.","ㅉ, ㅜ, ㄲ"
"'뽣'의 초성, 중성, 종성(있는 경우)은 무엇인가요? 쉼표로 구분하세요.","ㅃ, ㅘ, ㄷ"
"'깟'의 초성, 중성, 종성(있는 경우)은 무엇인가요? 쉼표로 구분하세요.","ㄲ, ㅏ, ㅅ"
"'뀼'의 초성, 중성, 종성(있는 경우)은 무엇인가요? 쉼표로 구분하세요.","ㄲ, ㅠ, ㅆ"
"'꿘'의 초성, 중성, 종성(있는 경우)은 무엇인가요? 쉼표로 구분하세요.","ㄲ, ㅝ, ㄴ"
"'줄'의 초성, 중성, 종성(있는 경우)은 무엇인가요? 쉼표로 구분하세요.","ㅈ, ㅜ, ㄹ"
"'쑵'의 초성, 중성, 종성(있는 경우)은 무엇인가요? 쉼표로 구분하세요.","ㅆ, ㅜ, ㅂ"
"'뮊'의 초성, 중성, 종성(있는 경우)은 무엇인가요? 쉼표로 구분하세요.","ㅁ, ㅟ, ㄲ"
"'촵'의 초성, 중성, 종성(있는 경우)은 무엇인가요? 쉼표로 구분하세요.","ㅊ, ㅘ, ㅂ"
"'롹'의 초성, 중성, 종성(있는 경우)은 무엇인가요? 쉼표로 구분하세요.","ㄹ, ㅘ, ㄱ"
"'섰'의 초성, 중성, 종성(있는 경우)은 무엇인가요? 쉼표로 구분하세요.","ㅅ, ㅓ, ㅆ"
"'읩'의 초성, 중성, 종성(있는 경우)은 무엇인가요? 쉼표로 구분하세요.","ㅇ, ㅢ, ㅂ"
"'뭿'의 초성, 중성, 종성(있는 경우)은 무엇인가요? 쉼표로 구분하세요.","ㅁ, ㅞ, ㅅ"
"'쏠'의 초성, 중성, 종성(있는 경우)은 무엇인가요? 쉼표로 구분하세요.","ㅆ, ㅗ, ㄹ"
"'촉'의 초성, 중성, 종성(있는 경우)은 무엇인가요? 쉼표로 구분하세요.","ㅊ, ㅗ, ㄱ"
"'뭴'의 초성, 중성, 종성(있는 경우)은 무엇인가요? 쉼표로 구분하세요.","ㅁ, ㅞ, ㄹ"
"'끳'의 초성, 중성, 종성(있는 경우)은 무엇인가요? 쉼표로 구분하세요.","ㄲ, ㅢ, ㅅ"
"'맟'의 초성, 중성, 종성(있는 경우)은 무엇인가요? 쉼표로 구분하세요.","ㅁ, ㅏ, ㅊ"
"'딱'의 초성, 중성, 종성(있는 경우)은 무엇인가요? 쉼표로 구분하세요.","ㄸ, ㅏ, ㄱ"
"'둪'의 초성, 중성, 종성(있는 경우)은 무엇인가요? 쉼표로 구분하세요.","ㄷ, ㅜ, ㅍ"
"'덤'의 초성, 중성, 종성(있는 경우)은 무엇인가요? 쉼표로 구분하세요.","ㄷ, ㅓ, ㅁ"
"'먕'의 초성, 중성, 종성(있는 경우)은 무엇인가요? 쉼표로 구분하세요.","ㅁ, ㅑ, ㅇ"
"'생'의 초성, 중성, 종성(있는 경우)은 무엇인가요? 쉼표로 구분하세요.","ㅅ, ㅐ, ㅇ"
"'봅'의 초성, 중성, 종성(있는 경우)은 무엇인가요? 쉼표로 구분하세요.","ㅂ, ㅗ, ㅂ"
"'턻'의 초성, 중성, 종성(있는 경우)은 무엇인가요? 쉼표로 구분하세요.","ㅌ, ㅓ, ㄼ"
"'윜'의 초성, 중성, 종성(있는 경우)은 무엇인가요? 쉼표로 구분하세요.","ㅇ, ㅟ, ㅋ"
"'쩠'의 초성, 중성, 종성(있는 경우)은 무엇인가요? 쉼표로 구분하세요.","ㅉ, ㅓ, ㅆ"
"'역'의 초성, 중성, 종성(있는 경우)은 무엇인가요? 쉼표로 구분하세요.","ㅇ, ㅕ, ㄱ"
"'곗'의 초성, 중성, 종성(있는 경우)은 무엇인가요? 쉼표로 구분하세요.","ㄱ, ㅖ, ㅅ"
"'돇'의 초성, 중성, 종성(있는 경우)은 무엇인가요? 쉼표로 구분하세요.","ㄷ, ㅗ, ㄳ"
"'콰'의 초성, 중성, 종성(있는 경우)은 무엇인가요? 쉼표로 구분하세요.","ㅋ, ㅘ"
"'덫'의 초성, 중성, 종성(있는 경우)은 무엇인가요? 쉼표로 구분하세요.","ㄷ, ㅓ, ㅊ"
"'깄'의 초성, 중성, 종성(있는 경우)은 무엇인가요? 쉼표로 구분하세요.","ㄱ, ㅣ, ㅆ"
"'밞'의 초성, 중성, 종성(있는 경우)은 무엇인가요? 쉼표로 구분하세요.","ㅂ, ㅏ, ㄻ"
"'쵔'의 초성, 중성, 종성(있는 경우)은 무엇인가요? 쉼표로 구분하세요.","ㅊ, ㅙ, ㅆ"
"'쥡'의 초성, 중성, 종성(있는 경우)은 무엇인가요? 쉼표로 구분하세요.","ㅈ, ㅟ, ㅂ"
"'퓃'의 초성, 중성, 종성(있는 경우)은 무엇인가요? 쉼표로 구분하세요.","ㅍ, ㅞ, ㅅ"
"'끊'의 초성, 중성, 종성(있는 경우)은 무엇인가요? 쉼표로 구분하세요.","ㄲ, ㅡ, ㄶ"
"'곹'의 초성, 중성, 종성(있는 경우)은 무엇인가요? 쉼표로 구분하세요.","ㄱ, ㅗ, ㅌ"
"'츽'의 초성, 중성, 종성(있는 경우)은 무엇인가요? 쉼표로 구분하세요.","ㅊ, ㅢ, ㄱ"
"'뷔'의 초성, 중성, 종성(있는 경우)은 무엇인가요? 쉼표로 구분하세요.","ㅂ, ㅟ"
"'걤'의 초성, 중성, 종성(있는 경우)은 무엇인가요? 쉼표로 구분하세요.","ㄱ, ㅒ, ㅁ"
"'쓛'의 초성, 중성, 종성(있는 경우)은 무엇인가요? 쉼표로 구분하세요.","ㅆ, ㅠ, ㄷ"
"'힏'의 초성, 중성, 종성(있는 경우)은 무엇인가요? 쉼표로 구분하세요.","ㅎ, ㅣ, ㄷ"
"'뀡'의 초성, 중성, 종성(있는 경우)은 무엇인가요? 쉼표로 구분하세요.","ㄲ, ㅟ, ㅇ"
"'퇭'의 초성, 중성, 종성(있는 경우)은 무엇인가요? 쉼표로 구분하세요.","ㅌ, ㅙ, ㅇ"
"'좓'의 초성, 중성, 종성(있는 경우)은 무엇인가요? 쉼표로 구분하세요.","ㅈ, ㅘ, ㄷ"
"'솰'의 초성, 중성, 종성(있는 경우)은 무엇인가요? 쉼표로 구분하세요.","ㅅ, ㅘ, ㄹ"
"'천'의 초성, 중성, 종성(있는 경우)은 무엇인가요? 쉼표로 구분하세요.","ㅊ, ㅓ, ㄴ"
"'픳'의 초성, 중성, 종성(있는 경우)은 무엇인가요? 쉼표로 구분하세요.","ㅍ, ㅢ, ㅅ"
"'졕'의 초성, 중성, 종성(있는 경우)은 무엇인가요? 쉼표로 구분하세요.","ㅈ, ㅖ, ㄱ"
"'쉐'의 초성, 중성, 종성(있는 경우)은 무엇인가요? 쉼표로 구분하세요.","ㅅ, ㅞ"
"'쒜'의 초성, 중성, 종성(있는 경우)은 무엇인가요? 쉼표로 구분하세요.","ㅆ, ㅞ"
"'멉'의 초성, 중성, 종성(있는 경우)은 무엇인가요? 쉼표로 구분하세요.","ㅁ, ㅓ, ㅂ"
"'됭'의 초성, 중성, 종성(있는 경우)은 무엇인가요? 쉼표로 구분하세요.","ㄷ, ㅚ, ㅇ"
"'깡'의 초성, 중성, 종성(있는 경우)은 무엇인가요? 쉼표로 구분하세요.","ㄲ, ㅏ, ㅇ"
"'파'의 초성, 중성, 종성(있는 경우)은 무엇인가요? 쉼표로 구분하세요.","ㅍ, ㅏ"
"'겸'의 초성, 중성, 종성(있는 경우)은 무엇인가요? 쉼표로 구분하세요.","ㄱ, ㅕ, ㅁ"
"'췔'의 초성, 중성, 종성(있는 경우)은 무엇인가요? 쉼표로 구분하세요.","ㅊ, ㅞ, ㄹ"
"'얻'의 초성, 중성, 종성(있는 경우)은 무엇인가요? 쉼표로 구분하세요.","ㅇ, ㅓ, ㄷ"
"'밝'의 초성, 중성, 종성(있는 경우)은 무엇인가요? 쉼표로 구분하세요.","ㅂ, ㅏ, ㄺ"
"'윗'의 초성, 중성, 종성(있는 경우)은 무엇인가요? 쉼표로 구분하세요.","ㅇ, ㅟ, ㅅ"
"'컌'의 초성, 중성, 종성(있는 경우)은 무엇인가요? 쉼표로 구분하세요.","ㅋ, ㅒ, ㄴ"
"'동'의 초성, 중성, 종성(있는 경우)은 무엇인가요? 쉼표로 구분하세요.","ㄷ, ㅗ, ㅇ"
"'쐭'의 초성, 중성, 종성(있는 경우)은 무엇인가요? 쉼표로 구분하세요.","ㅆ, ㅚ, ㄱ"
"'쳬'의 초성, 중성, 종성(있는 경우)은 무엇인가요? 쉼표로 구분하세요.","ㅊ, ㅖ"
"'뺜'의 초성, 중성, 종성(있는 경우)은 무엇인가요? 쉼표로 구분하세요.","ㅃ, ㅑ, ㄴ"
"'헾'의 초성, 중성, 종성(있는 경우)은 무엇인가요? 쉼표로 구분하세요.","ㅎ, ㅔ, ㅍ"
"'쟂'의 초성, 중성, 종성(있는 경우)은 무엇인가요? 쉼표로 구분하세요.","ㅈ, ㅐ, ㅈ"
"'벳'의 초성, 중성, 종성(있는 경우)은 무엇인가요? 쉼표로 구분하세요.","ㅂ, ㅔ, ㅅ"
"'뚯'의 초성, 중성, 종성(있는 경우)은 무엇인가요? 쉼표로 구분하세요.","ㄸ, ㅜ, ㅅ"
"'흫'의 초성, 중성, 종성(있는 경우)은 무엇인가요? 쉼표로 구분하세요.","ㅎ, ㅡ, ㅎ"
"'뿜'의 초성, 중성, 종성(있는 경우)은 무엇인가요? 쉼표로 구분하세요.","ㅃ, ㅜ, ㅁ"
"'뜸'의 초성, 중성, 종성(있는 경우)은 무엇인가요? 쉼표로 구분하세요.","ㄸ, ㅡ, ㅁ"
"'뺏'의 초성, 중성, 종성(있는 경우)은 무엇인가요? 쉼표로 구분하세요.","ㅃ, ㅐ, ㅅ"
"'늋'의 초성, 중성, 종성(있는 경우)은 무엇인가요? 쉼표로 구분하세요.","ㄴ, ㅠ, ㅊ"
"'훜'의 초성, 중성, 종성(있는 경우)은 무엇인가요? 쉼표로 구분하세요.","ㅎ, ㅜ, ㅋ"
"'잽'의 초성, 중성, 종성(있는 경우)은 무엇인가요? 쉼표로 구분하세요.","ㅈ, ㅐ, ㅂ"
"'름'의 초성, 중성, 종성(있는 경우)은 무엇인가요? 쉼표로 구분하세요.","ㄹ, ㅡ, ㅁ"
"'닿'의 초성, 중성, 종성(있는 경우)은 무엇인가요? 쉼표로 구분하세요.","ㄷ, ㅏ, ㅎ"
"'엮'의 초성, 중성, 종성(있는 경우)은 무엇인가요? 쉼표로 구분하세요.","ㅇ, ㅕ, ㄲ"
"'쿳'의 초성, 중성, 종성(있는 경우)은 무엇인가요? 쉼표로 구분하세요.","ㅋ, ㅜ, ㅅ"
"'쑐'의 초성, 중성, 종성(있는 경우)은 무엇인가요? 쉼표로 구분하세요.","ㅆ, ㅛ, ㄹ"
"'낑'의 초성, 중성, 종성(있는 경우)은 무엇인가요? 쉼표로 구분하세요.","ㄲ, ㅣ, ㅇ"
"'흗'의 초성, 중성, 종성(있는 경우)은 무엇인가요? 쉼표로 구분하세요.","ㅎ, ㅡ, ㄷ"
"'쓀'의 초성, 중성, 종성(있는 경우)은 무엇인가요? 쉼표로 구분하세요.","ㅆ, ㅟ, ㄹ"
"'솖'의 초성, 중성, 종성(있는 경우)은 무엇인가요? 쉼표로 구분하세요.","ㅅ, ㅗ, ㄻ"
"'뭋'의 초성, 중성, 종성(있는 경우)은 무엇인가요? 쉼표로 구분하세요.","ㅁ, ㅜ, ㅊ"
"'쫻'의 초성, 중성, 종성(있는 경우)은 무엇인가요? 쉼표로 구분하세요.","ㅉ, ㅙ, ㄷ"
"'쒄'의 초성, 중성, 종성(있는 경우)은 무엇인가요? 쉼표로 구분하세요.","ㅆ, ㅝ, ㄴ"
"'쑸'의 초성, 중성, 종성(있는 경우)은 무엇인가요? 쉼표로 구분하세요.","ㅆ, ㅜ, ㅆ"
"'믭'의 초성, 중성, 종성(있는 경우)은 무엇인가요? 쉼표로 구분하세요.","ㅁ, ㅢ, ㅂ"
"'캇'의 초성, 중성, 종성(있는 경우)은 무엇인가요? 쉼표로 구분하세요.","ㅋ, ㅏ, ㅅ"
"'뉯'의 초성, 중성, 종성(있는 경우)은 무엇인가요? 쉼표로 구분하세요.","ㄴ, ㅟ, ㅊ"
"'렆'의 초성, 중성, 종성(있는 경우)은 무엇인가요? 쉼표로 구분하세요.","ㄹ, ㅓ, ㅍ"
"'카'의 초성, 중성, 종성(있는 경우)은 무엇인가요? 쉼표로 구분하세요.","ㅋ, ㅏ"
"'깣'의 초성, 중성, 종성(있는 경우)은 무엇인가요? 쉼표로 구분하세요.","ㄲ, ㅏ, ㅊ"
"'꽙'의 초성, 중성, 종성(있는 경우)은 무엇인가요? 쉼표로 구분하세요.","ㄲ, ㅘ, ㅂ"
"'랍'의 초성, 중성, 종성(있는 경우)은 무엇인가요? 쉼표로 구분하세요.","ㄹ, ㅏ, ㅂ"
"'숲'의 초성, 중성, 종성(있는 경우)은 무엇인가요? 쉼표로 구분하세요.","ㅅ, ㅜ, ㅍ"
"'욹'의 초성, 중성, 종성(있는 경우)은 무엇인가요? 쉼표로 구분하세요.","ㅇ, ㅜ, ㄺ"
"'뭤'의 초성, 중성, 종성(있는 경우)은 무엇인가요? 쉼표로 구분하세요.","ㅁ, ㅝ, ㅆ"
"'맴'의 초성, 중성, 종성(있는 경우)은 무엇인가요? 쉼표로 구분하세요.","ㅁ, ㅐ, ㅁ"
"'핰'의 초성, 중성, 종성(있는 경우)은 무엇인가요? 쉼표로 구분하세요.","ㅎ, ㅏ, ㅋ"
"'즘'의 초성, 중성, 종성(있는 경우)은 무엇인가요? 쉼표로 구분하세요.","ㅈ, ㅡ, ㅁ"
"'륩'의 초성, 중성, 종성(있는 경우)은 무엇인가요? 쉼표로 구분하세요.","ㄹ, ㅠ, ㅂ"
"'랠'의 초성, 중성, 종성(있는 경우)은 무엇인가요? 쉼표로 구분하세요.","ㄹ, ㅐ, ㄹ"
"'꽤'의 초성, 중성, 종성(있는 경우)은 무엇인가요? 쉼표로 구분하세요.","ㄲ, ㅙ"
"'틀'의 초성, 중성, 종성(있는 경우)은 무엇인가요? 쉼표로 구분하세요.","ㅌ, ㅡ, ㄹ"
"'윘'의 초성, 중성, 종성(있는 경우)은 무엇인가요? 쉼표로 구분하세요.","ㅇ, ㅟ, ㅆ"
"'첻'의 초성, 중성, 종성(있는 경우)은 무엇인가요? 쉼표로 구분하세요.","ㅊ, ㅔ, ㄷ"
"'워'의 초성, 중성, 종성(있는 경우)은 무엇인가요? 쉼표로 구분하세요.","ㅇ, ㅝ"
"'잗'의 초성, 중성, 종성(있는 경우)은 무엇인가요? 쉼표로 구분하세요.","ㅈ, ㅏ, ㄷ"
"'줼'의 초성, 중성, 종성(있는 경우)은 무엇인가요? 쉼표로 구분하세요.","ㅈ, ㅞ, ㄹ"
"'읖'의 초성, 중성, 종성(있는 경우)은 무엇인가요? 쉼표로 구분하세요.","ㅇ, ㅡ, ㅍ"
"'딲'의 초성, 중성, 종성(있는 경우)은 무엇인가요? 쉼표로 구분하세요.","ㄸ, ㅏ, ㄲ"
"'눐'의 초성, 중성, 종성(있는 경우)은 무엇인가요? 쉼표로 구분하세요.","ㄴ, ㅜ, ㄽ"
"'땩'의 초성, 중성, 종성(있는 경우)은 무엇인가요? 쉼표로 구분하세요.","ㄸ, ㅑ, ㄱ"
"'붪'의 초성, 중성, 종성(있는 경우)은 무엇인가요? 쉼표로 구분하세요.","ㅂ, ㅝ, ㄿ"
"'쁑'의 초성, 중성, 종성(있는 경우)은 무엇인가요? 쉼표로 구분하세요.","ㅃ, ㅠ, ㅇ"
"'뎟'의 초성, 중성, 종성(있는 경우)은 무엇인가요? 쉼표로 구분하세요.","ㄷ, ㅕ, ㅅ"
"'풧'의 초성, 중성, 종성(있는 경우)은 무엇인가요? 쉼표로 구분하세요.","ㅍ, ㅝ, ㅅ"
"'쵣'의 초성, 중성, 종성(있는 경우)은 무엇인가요? 쉼표로 구분하세요.","ㅊ, ㅚ, ㄷ"
"'왰'의 초성, 중성, 종성(있는 경우)은 무엇인가요? 쉼표로 구분하세요.","ㅇ, ㅙ, ㅆ"
"'툣'의 초성, 중성, 종성(있는 경우)은 무엇인가요? 쉼표로 구분하세요.","ㅌ, ㅛ, ㅅ"
"'좸'의 초성, 중성, 종성(있는 경우)은 무엇인가요? 쉼표로 구분하세요.","ㅈ, ㅙ, ㅁ"
"'뫌'의 초성, 중성, 종성(있는 경우)은 무엇인가요? 쉼표로 구분하세요.","ㅁ, ㅘ, ㄹ"
"'뭔'의 초성, 중성, 종성(있는 경우)은 무엇인가요? 쉼표로 구분하세요.","ㅁ, ㅝ, ㄴ"
"'끽'의 초성, 중성, 종성(있는 경우)은 무엇인가요? 쉼표로 구분하세요.","ㄲ, ㅣ, ㄱ"
"'눼'의 초성, 중성, 종성(있는 경우)은 무엇인가요? 쉼표로 구분하세요.","ㄴ, ㅞ"
"'슬'의 초성, 중성, 종성(있는 경우)은 무엇인가요? 쉼표로 구분하세요.","ㅅ, ㅡ, ㄹ"
"'삠'의 초성, 중성, 종성(있는 경우)은 무엇인가요? 쉼표로 구분하세요.","ㅃ, ㅣ, ㅁ"
"'국'의 초성, 중성, 종성(있는 경우)은 무엇인가요? 쉼표로 구분하세요.","ㄱ, ㅜ, ㄱ"
"'뽄'의 초성, 중성, 종성(있는 경우)은 무엇인가요? 쉼표로 구분하세요.","ㅃ, ㅗ, ㄴ"
"'녜'의 초성, 중성, 종성(있는 경우)은 무엇인가요? 쉼표로 구분하세요.","ㄴ, ㅖ"
"'쒈'의 초성, 중성, 종성(있는 경우)은 무엇인가요? 쉼표로 구분하세요.","ㅆ, ㅝ, ㄹ"
"'뎍'의 초성, 중성, 종성(있는 경우)은 무엇인가요? 쉼표로 구분하세요.","ㄷ, ㅕ, ㄱ"
"'쌔'의 초성, 중성, 종성(있는 경우)은 무엇인가요? 쉼표로 구분하세요.","ㅆ, ㅐ"
"'눍'의 초성, 중성, 종성(있는 경우)은 무엇인가요? 쉼표로 구분하세요.","ㄴ, ㅜ, ㄺ"
"'릔'의 초성, 중성, 종성(있는 경우)은 무엇인가요? 쉼표로 구분하세요.","ㄹ, ㅢ, ㄴ"
"'멏'의 초성, 중성, 종성(있는 경우)은 무엇인가요? 쉼표로 구분하세요.","ㅁ, ㅓ, ㅊ"
"'십'의 초성, 중성, 종성(있는 경우)은 무엇인가요? 쉼표로 구분하세요.","ㅅ, ㅣ, ㅂ"
"'방'의 초성, 중성, 종성(있는 경우)은 무엇인가요? 쉼표로 구분하세요.","ㅂ, ㅏ, ㅇ"
"'됴'의 초성, 중성, 종성(있는 경우)은 무엇인가요? 쉼표로 구분하세요.","ㄷ, ㅛ"
"'뜬'의 초성, 중성, 종성(있는 경우)은 무엇인가요? 쉼표로 구분하세요.","ㄸ, ㅡ, ㄴ"
"'옪'의 초성, 중성, 종성(있는 경우)은 무엇인가요? 쉼표로 구분하세요.","ㅇ, ㅗ, ㄶ"
"'혔'의 초성, 중성, 종성(있는 경우)은 무엇인가요? 쉼표로 구분하세요.","ㅎ, ㅕ, ㅆ"
"'괄'의 초성, 중성, 종성(있는 경우)은 무엇인가요? 쉼표로 구분하세요.","ㄱ, ㅘ, ㄹ"
"'띅'의 초성, 중성, 종성(있는 경우)은 무엇인가요? 쉼표로 구분하세요.","ㄸ, ㅢ, ㄱ"
"'븛'의 초성, 중성, 종성(있는 경우)은 무엇인가요? 쉼표로 구분하세요.","ㅂ, ㅡ, ㅀ"
"'뇝'의 초성, 중성, 종성(있는 경우)은 무엇인가요? 쉼표로 구분하세요.","ㄴ, ㅚ, ㅂ"
"'눧'의 초성, 중성, 종성(있는 경우)은 무엇인가요? 쉼표로 구분하세요.","ㄴ, ㅝ, ㄷ"
"'빢'의 초성, 중성, 종성(있는 경우)은 무엇인가요? 쉼표로 구분하세요.","ㅃ, ㅏ, ㄲ"
"'빴'의 초성, 중성, 종성(있는 경우)은 무엇인가요? 쉼표로 구분하세요.","ㅃ, ㅏ, ㅆ"
"'짲'의 초성, 중성, 종성(있는 경우)은 무엇인가요? 쉼표로 구분하세요.","ㅉ, ㅏ, ㅈ"
"'담'의 초성, 중성, 종성(있는 경우)은 무엇인가요? 쉼표로 구분하세요.","ㄷ, ㅏ, ㅁ"
"'뇃'의 초성, 중성, 종성(있는 경우)은 무엇인가요? 쉼표로 구분하세요.","ㄴ, ㅙ, ㅅ"
"'휭'의 초성, 중성, 종성(있는 경우)은 무엇인가요? 쉼표로 구분하세요.","ㅎ, ㅟ, ㅇ"
"'떔'의 초성, 중성, 종성(있는 경우)은 무엇인가요? 쉼표로 구분하세요.","ㄸ, ㅒ, ㅁ"
"'볼'의 초성, 중성, 종성(있는 경우)은 무엇인가요? 쉼표로 구분하세요.","ㅂ, ㅗ, ㄹ"
"'밨'의 초성, 중성, 종성(있는 경우)은 무엇인가요? 쉼표로 구분하세요.","ㅂ, ㅏ, ㅆ"
"'닺'의 초성, 중성, 종성(있는 경우)은 무엇인가요? 쉼표로 구분하세요.","ㄷ, ㅏ, ㅈ"
"'측'의 초성, 중성, 종성(있는 경우)은 무엇인가요? 쉼표로 구분하세요.","ㅊ, ㅡ, ㄱ"
"'퓀'의 초성, 중성, 종성(있는 경우)은 무엇인가요? 쉼표로 구분하세요.","ㅍ, ㅞ, ㅁ"
"'꽛'의 초성, 중성, 종성(있는 경우)은 무엇인가요? 쉼표로 구분하세요.","ㄲ, ㅘ, ㅅ"
"'룍'의 초성, 중성, 종성(있는 경우)은 무엇인가요? 쉼표로 구분하세요.","ㄹ, ㅛ, ㄱ"
"'냩'의 초성, 중성, 종성(있는 경우)은 무엇인가요? 쉼표로 구분하세요.","ㄴ, ㅑ, ㅌ"
"'쥈'의 초성, 중성, 종성(있는 경우)은 무엇인가요? 쉼표로 구분하세요.","ㅈ, ㅞ, ㅆ"
"'믇'의 초성, 중성, 종성(있는 경우)은 무엇인가요? 쉼표로 구분하세요.","ㅁ, ㅡ, ㄷ"
"'읜'의 초성, 중성, 종성(있는 경우)은 무엇인가요? 쉼표로 구분하세요.","ㅇ, ㅢ, ㄴ"
"'딴'의 초성, 중성, 종성(있는 경우)은 무엇인가요? 쉼표로 구분하세요.","ㄸ, ㅏ, ㄴ"
"'븩'의 초성, 중성, 종성(있는 경우)은 무엇인가요? 쉼표로 구분하세요.","ㅂ, ㅢ, ㄱ"
"'넏'의 초성, 중성, 종성(있는 경우)은 무엇인가요? 쉼표로 구분하세요.","ㄴ, ㅓ, ㄷ"
"'붘'의 초성, 중성, 종성(있는 경우)은 무엇인가요? 쉼표로 구분하세요.","ㅂ, ㅜ, ㅋ"
"'틧'의 초성, 중성, 종성(있는 경우)은 무엇인가요? 쉼표로 구분하세요.","ㅌ, ㅢ, ㅅ"
"'훼'의 초성, 중성, 종성(있는 경우)은 무엇인가요? 쉼표로 구분하세요.","ㅎ, ㅞ"
"'꿥'의 초성, 중성, 종성(있는 경우)은 무엇인가요? 쉼표로 구분하세요.","ㄲ, ㅝ, ㅂ"
"'얗'의 초성, 중성, 종성(있는 경우)은 무엇인가요? 쉼표로 구분하세요.","ㅇ, ㅑ, ㅎ"
"'줨'의 초성, 중성, 종성(있는 경우)은 무엇인가요? 쉼표로 구분하세요.","ㅈ, ㅝ, ㅁ"
"'숱'의 초성, 중성, 종성(있는 경우)은 무엇인가요? 쉼표로 구분하세요.","ㅅ, ㅜ, ㅌ"
"'눋'의 초성, 중성, 종성(있는 경우)은 무엇인가요? 쉼표로 구분하세요.","ㄴ, ㅜ, ㄷ"
"'헿'의 초성, 중성, 종성(있는 경우)은 무엇인가요? 쉼표로 구분하세요.","ㅎ, ㅔ, ㅎ"
"'탕'의 초성, 중성, 종성(있는 경우)은 무엇인가요? 쉼표로 구분하세요.","ㅌ, ㅏ, ㅇ"
"'문'의 초성, 중성, 종성(있는 경우)은 무엇인가요? 쉼표로 구분하세요.","ㅁ, ㅜ, ㄴ"
"'쬬'의 초성, 중성, 종성(있는 경우)은 무엇인가요? 쉼표로 구분하세요.","ㅉ, ㅛ"
"'챰'의 초성, 중성, 종성(있는 경우)은 무엇인가요? 쉼표로 구분하세요.","ㅊ, ㅑ, ㅁ"
"'옆'의 초성, 중성, 종성(있는 경우)은 무엇인가요? 쉼표로 구분하세요.","ㅇ, ㅕ, ㅍ"
"'뷥'의 초성, 중성, 종성(있는 경우)은 무엇인가요? 쉼표로 구분하세요.","ㅂ, ㅟ, ㅂ"
"'곔'의 초성, 중성, 종성(있는 경우)은 무엇인가요? 쉼표로 구분하세요.","ㄱ, ㅖ, ㅁ"
"'걀'의 초성, 중성, 종성(있는 경우)은 무엇인가요? 쉼표로 구분하세요.","ㄱ, ㅑ, ㄹ"
"'쬘'의 초성, 중성, 종성(있는 경우)은 무엇인가요? 쉼표로 구분하세요.","ㅉ, ㅚ, ㄹ"
"'닮'의 초성, 중성, 종성(있는 경우)은 무엇인가요? 쉼표로 구분하세요.","ㄷ, ㅏ, ㄻ"
"'댔'의 초성, 중성, 종성(있는 경우)은 무엇인가요? 쉼표로 구분하세요.","ㄷ, ㅐ, ㅆ"
"'땧'의 초성, 중성, 종성(있는 경우)은 무엇인가요? 쉼표로 구분하세요.","ㄸ, ㅐ, ㅎ"
"'푓'의 초성, 중성, 종성(있는 경우)은 무엇인가요? 쉼표로 구분하세요.","ㅍ, ㅚ, ㅅ"
"'쭵'의 초성, 중성, 종성(있는 경우)은 무엇인가요? 쉼표로 구분하세요.","ㅉ, ㅝ, ㅂ"
"'쓰'의 초성, 중성, 종성(있는 경우)은 무엇인가요? 쉼표로 구분하세요.","ㅆ, ㅡ"
"'펃'의 초성, 중성, 종성(있는 경우)은 무엇인가요? 쉼표로 구분하세요.","ㅍ, ㅓ, ㄷ"
"'풘'의 초성, 중성, 종성(있는 경우)은 무엇인가요? 쉼표로 구분하세요.","ㅍ, ㅝ, ㄴ"
"'몫'의 초성, 중성, 종성(있는 경우)은 무엇인가요? 쉼표로 구분하세요.","ㅁ, ㅗ, ㄳ"
"'뛤'의 초성, 중성, 종성(있는 경우)은 무엇인가요? 쉼표로 구분하세요.","ㄸ, ㅞ, ㅁ"
"'닣'의 초성, 중성, 종성(있는 경우)은 무엇인가요? 쉼표로 구분하세요.","ㄴ, ㅣ, ㅎ"
"'숙'의 초성, 중성, 종성(있는 경우)은 무엇인가요? 쉼표로 구분하세요.","ㅅ, ㅜ, ㄱ"
"'숴'의 초성, 중성, 종성(있는 경우)은 무엇인가요? 쉼표로 구분하세요.","ㅅ, ㅝ"
"'압'의 초성, 중성, 종성(있는 경우)은 무엇인가요? 쉼표로 구분하세요.","ㅇ, ㅏ, ㅂ"
"'쫗'의 초성, 중성, 종성(있는 경우)은 무엇인가요? 쉼표로 구분하세요.","ㅉ, ㅗ, ㅎ"
"'뵛'의 초성, 중성, 종성(있는 경우)은 무엇인가요? 쉼표로 구분하세요.","ㅂ, ㅚ, ㅅ"
"'릾'의 초성, 중성, 종성(있는 경우)은 무엇인가요? 쉼표로 구분하세요.","ㄹ, ㅣ, ㅄ"
"'뉠'의 초성, 중성, 종성(있는 경우)은 무엇인가요? 쉼표로 구분하세요.","ㄴ, ㅟ, ㄹ"
"'렁'의 초성, 중성, 종성(있는 경우)은 무엇인가요? 쉼표로 구분하세요.","ㄹ, ㅓ, ㅇ"
"'첨'의 초성, 중성, 종성(있는 경우)은 무엇인가요? 쉼표로 구분하세요.","ㅊ, ㅓ, ㅁ"
"'햐'의 초성, 중성, 종성(있는 경우)은 무엇인가요? 쉼표로 구분하세요.","ㅎ, ㅑ"
"'뺑'의 초성, 중성, 종성(있는 경우)은 무엇인가요? 쉼표로 구분하세요.","ㅃ, ㅐ, ㅇ"
"'뜜'의 초성, 중성, 종성(있는 경우)은 무엇인가요? 쉼표로 구분하세요.","ㄸ, ㅠ, ㅁ"
"'쎂'의 초성, 중성, 종성(있는 경우)은 무엇인가요? 쉼표로 구분하세요.","ㅆ, ㅓ, ㅍ"
"'늊'의 초성, 중성, 종성(있는 경우)은 무엇인가요? 쉼표로 구분하세요.","ㄴ, ㅠ, ㅈ"
"'욂'의 초성, 중성, 종성(있는 경우)은 무엇인가요? 쉼표로 구분하세요.","ㅇ, ㅚ, ㄻ"
"'튐'의 초성, 중성, 종성(있는 경우)은 무엇인가요? 쉼표로 구분하세요.","ㅌ, ㅟ, ㅁ"
"'알'의 초성, 중성, 종성(있는 경우)은 무엇인가요? 쉼표로 구분하세요.","ㅇ, ㅏ, ㄹ"
"'좼'의 초성, 중성, 종성(있는 경우)은 무엇인가요? 쉼표로 구분하세요.","ㅈ, ㅙ, ㅆ"
"'뛥'의 초성, 중성, 종성(있는 경우)은 무엇인가요? 쉼표로 구분하세요.","ㄸ, ㅞ, ㅂ"
"'꾭'의 초성, 중성, 종성(있는 경우)은 무엇인가요? 쉼표로 구분하세요.","ㄲ, ㅛ, ㅂ"
"'붎'의 초성, 중성, 종성(있는 경우)은 무엇인가요? 쉼표로 구분하세요.","ㅂ, ㅜ, ㄿ"
"'꿉'의 초성, 중성, 종성(있는 경우)은 무엇인가요? 쉼표로 구분하세요.","ㄲ, ㅜ, ㅂ"
"'툡'의 초성, 중성, 종성(있는 경우)은 무엇인가요? 쉼표로 구분하세요.","ㅌ, ㅛ, ㅂ"
"'느'의 초성, 중성, 종성(있는 경우)은 무엇인가요? 쉼표로 구분하세요.","ㄴ, ㅡ"
"'쿅'의 초성, 중성, 종성(있는 경우)은 무엇인가요? 쉼표로 구분하세요.","ㅋ, ㅛ, ㄱ"
"'첵'의 초성, 중성, 종성(있는 경우)은 무엇인가요? 쉼표로 구분하세요.","ㅊ, ㅔ, ㄱ"
"'슮'의 초성, 중성, 종성(있는 경우)은 무엇인가요? 쉼표로 구분하세요.","ㅅ, ㅡ, ㄻ"
"'씝'의 초성, 중성, 종성(있는 경우)은 무엇인가요? 쉼표로 구분하세요.","ㅆ, ㅢ, ㅂ"
"'섹'의 초성, 중성, 종성(있는 경우)은 무엇인가요? 쉼표로 구분하세요.","ㅅ, ㅔ, ㄱ"
"'앴'의 초성, 중성, 종성(있는 경우)은 무엇인가요? 쉼표로 구분하세요.","ㅇ, ㅐ, ㅆ"
"'쾐'의 초성, 중성, 종성(있는 경우)은 무엇인가요? 쉼표로 구분하세요.","ㅋ, ㅙ, ㄴ"
"'에'의 초성, 중성, 종성(있는 경우)은 무엇인가요? 쉼표로 구분하세요.","ㅇ, ㅔ"
"'봑'의 초성, 중성, 종성(있는 경우)은 무엇인가요? 쉼표로 구분하세요.","ㅂ, ㅘ, ㄱ"
"'뿓'의 초성, 중성, 종성(있는 경우)은 무엇인가요? 쉼표로 구분하세요.","ㅃ, ㅜ, ㄷ"
"'눅'의 초성, 중성, 종성(있는 경우)은 무엇인가요? 쉼표로 구분하세요.","ㄴ, ㅜ, ㄱ"
"'곤'의 초성, 중성, 종성(있는 경우)은 무엇인가요? 쉼표로 구분하세요.","ㄱ, ㅗ, ㄴ"
"'칸'의 초성, 중성, 종성(있는 경우)은 무엇인가요? 쉼표로 구분하세요.","ㅋ, ㅏ, ㄴ"
"'낼'의 초성, 중성, 종성(있는 경우)은 무엇인가요? 쉼표로 구분하세요.","ㄴ, ㅐ, ㄹ"
"'빨'의 초성, 중성, 종성(있는 경우)은 무엇인가요? 쉼표로 구분하세요.","ㅃ, ㅏ, ㄹ"
"'핕'의 초성, 중성, 종성(있는 경우)은 무엇인가요? 쉼표로 구분하세요.","ㅍ, ㅣ, ㅌ"
"'쩓'의 초성, 중성, 종성(있는 경우)은 무엇인가요? 쉼표로 구분하세요.","ㅉ, ㅓ, ㄷ"
"'뷩'의 초성, 중성, 종성(있는 경우)은 무엇인가요? 쉼표로 구분하세요.","ㅂ, ㅟ, ㅇ"
"'띱'의 초성, 중성, 종성(있는 경우)은 무엇인가요? 쉼표로 구분하세요.","ㄸ, ㅣ, ㅂ"
"'뉄'의 초성, 중성, 종성(있는 경우)은 무엇인가요? 쉼표로 구분하세요.","ㄴ, ㅞ, ㄹ"
"'슛'의 초성, 중성, 종성(있는 경우)은 무엇인가요? 쉼표로 구분하세요.","ㅅ, ㅠ, ㅅ"
"'렇'의 초성, 중성, 종성(있는 경우)은 무엇인가요? 쉼표로 구분하세요.","ㄹ, ㅓ, ㅎ"
"'쫜'의 초성, 중성, 종성(있는 경우)은 무엇인가요? 쉼표로 구분하세요.","ㅉ, ㅘ, ㄴ"
"'덱'의 초성, 중성, 종성(있는 경우)은 무엇인가요? 쉼표로 구분하세요.","ㄷ, ㅔ, ㄱ"
"'욀'의 초성, 중성, 종성(있는 경우)은 무엇인가요? 쉼표로 구분하세요.","ㅇ, ㅚ, ㄹ"
"'좽'의 초성, 중성, 종성(있는 경우)은 무엇인가요? 쉼표로 구분하세요.","ㅈ, ㅙ, ㅇ"
"'뼉'의 초성, 중성, 종성(있는 경우)은 무엇인가요? 쉼표로 구분하세요.","ㅃ, ㅕ, ㄱ"
"'뙸'의 초성, 중성, 종성(있는 경우)은 무엇인가요? 쉼표로 구분하세요.","ㄸ, ㅚ, ㅆ"
"'짞'의 초성, 중성, 종성(있는 경우)은 무엇인가요? 쉼표로 구분하세요.","ㅉ, ㅏ, ㄲ"
"'늅'의 초성, 중성, 종성(있는 경우)은 무엇인가요? 쉼표로 구분하세요.","ㄴ, ㅠ, ㅂ"
"'딷'의 초성, 중성, 종성(있는 경우)은 무엇인가요? 쉼표로 구분하세요.","ㄸ, ㅏ, ㄷ"
"'귊'의 초성, 중성, 종성(있는 경우)은 무엇인가요? 쉼표로 구분하세요.","ㄱ, ㅟ, ㄻ"
"'퍁'의 초성, 중성, 종성(있는 경우)은 무엇인가요? 쉼표로 구분하세요.","ㅍ, ㅐ, ㅌ"
"'뱽'의 초성, 중성, 종성(있는 경우)은 무엇인가요? 쉼표로 구분하세요.","ㅂ, ㅒ, ㅇ"
"'빘'의 초성, 중성, 종성(있는 경우)은 무엇인가요? 쉼표로 구분하세요.","ㅂ, ㅣ, ㅆ"
"'뫄'의 초성, 중성, 종성(있는 경우)은 무엇인가요? 쉼표로 구분하세요.","ㅁ, ㅘ"
"'쐇'의 초성, 중성, 종성(있는 경우)은 무엇인가요? 쉼표로 구분하세요.","ㅆ, ㅘ, ㅅ"
"'곯'의 초성, 중성, 종성(있는 경우)은 무엇인가요? 쉼표로 구분하세요.","ㄱ, ㅗ, ㅀ"
"'죤'의 초성, 중성, 종성(있는 경우)은 무엇인가요? 쉼표로 구분하세요.","ㅈ, ㅛ, ㄴ"
"'록'의 초성, 중성, 종성(있는 경우)은 무엇인가요? 쉼표로 구분하세요.","ㄹ, ㅗ, ㄱ"
"'였'의 초성, 중성, 종성(있는 경우)은 무엇인가요? 쉼표로 구분하세요.","ㅇ, ㅕ, ㅆ"
"'쌂'의 초성, 중성, 종성(있는 경우)은 무엇인가요? 쉼표로 구분하세요.","ㅆ, ㅏ, ㄻ"
"'낲'의 초성, 중성, 종성(있는 경우)은 무엇인가요? 쉼표로 구분하세요.","ㄴ, ㅏ, ㅍ"
"'뷸'의 초성, 중성, 종성(있는 경우)은 무엇인가요? 쉼표로 구분하세요.","ㅂ, ㅠ, ㄹ"
"'녾'의 초성, 중성, 종성(있는 경우)은 무엇인가요? 쉼표로 구분하세요.","ㄴ, ㅗ, ㄶ"
"'봍'의 초성, 중성, 종성(있는 경우)은 무엇인가요? 쉼표로 구분하세요.","ㅂ, ㅗ, ㅌ"
"'룻'의 초성, 중성, 종성(있는 경우)은 무엇인가요? 쉼표로 구분하세요.","ㄹ, ㅜ, ㅅ"
"'넣'의 초성, 중성, 종성(있는 경우)은 무엇인가요? 쉼표로 구분하세요.","ㄴ, ㅓ, ㅎ"
"'랈'의 초성, 중성, 종성(있는 경우)은 무엇인가요? 쉼표로 구분하세요.","ㄹ, ㅏ, ㄽ"
"'쬣'의 초성, 중성, 종성(있는 경우)은 무엇인가요? 쉼표로 구분하세요.","ㅉ, ㅚ, ㅅ"
"'벼'의 초성, 중성, 종성(있는 경우)은 무엇인가요? 쉼표로 구분하세요.","ㅂ, ㅕ"
"'뒵'의 초성, 중성, 종성(있는 경우)은 무엇인가요? 쉼표로 구분하세요.","ㄷ, ㅟ, ㅂ"
"'쎴'의 초성, 중성, 종성(있는 경우)은 무엇인가요? 쉼표로 구분하세요.","ㅆ, ㅕ, ㅆ"
"'쾰'의 초성, 중성, 종성(있는 경우)은 무엇인가요? 쉼표로 구분하세요.","ㅋ, ㅚ, ㄹ"
"'쬭'의 초성, 중성, 종성(있는 경우)은 무엇인가요? 쉼표로 구분하세요.","ㅉ, ㅛ, ㄱ"
"'샆'의 초성, 중성, 종성(있는 경우)은 무엇인가요? 쉼표로 구분하세요.","ㅅ, ㅏ, ㅍ"
"'꼸'의 초성, 중성, 종성(있는 경우)은 무엇인가요? 쉼표로 구분하세요.","ㄲ, ㅗ, ㄽ"
"'컾'의 초성, 중성, 종성(있는 경우)은 무엇인가요? 쉼표로 구분하세요.","ㅋ, ㅓ, ㅍ"
"'튻'의 초성, 중성, 종성(있는 경우)은 무엇인가요? 쉼표로 구분하세요.","ㅌ, ㅡ, ㄳ"
"'챌'의 초성, 중성, 종성(있는 경우)은 무엇인가요? 쉼표로 구분하세요.","ㅊ, ㅐ, ㄹ"
"'땰'의 초성, 중성, 종성(있는 경우)은 무엇인가요? 쉼표로 구분하세요.","ㄸ, ㅑ, ㄹ"
"'쪠'의 초성, 중성, 종성(있는 경우)은 무엇인가요? 쉼표로 구분하세요.","ㅉ, ㅖ"
"'켜'의 초성, 중성, 종성(있는 경우)은 무엇인가요? 쉼표로 구분하세요.","ㅋ, ㅕ"
"'쑈'의 초성, 중성, 종성(있는 경우)은 무엇인가요? 쉼표로 구분하세요.","ㅆ, ㅛ"
"'쨤'의 초성, 중성, 종성(있는 경우)은 무엇인가요? 쉼표로 구분하세요.","ㅉ, ㅑ, ㅁ"
"'놘'의 초성, 중성, 종성(있는 경우)은 무엇인가요? 쉼표로 구분하세요.","ㄴ, ㅘ, ㄴ"
"'숡'의 초성, 중성, 종성(있는 경우)은 무엇인가요? 쉼표로 구분하세요.","ㅅ, ㅜ, ㄺ"
"'뱨'의 초성, 중성, 종성(있는 경우)은 무엇인가요? 쉼표로 구분하세요.","ㅂ, ㅒ"
"'왇'의 초성, 중성, 종성(있는 경우)은 무엇인가요? 쉼표로 구분하세요.","ㅇ, ㅘ, ㄷ"
"'뙬'의 초성, 중성, 종성(있는 경우)은 무엇인가요? 쉼표로 구분하세요.","ㄸ, ㅚ, ㄹ"
"'톌'의 초성, 중성, 종성(있는 경우)은 무엇인가요? 쉼표로 구분하세요.","ㅌ, ㅖ, ㄹ"
"'닀'의 초성, 중성, 종성(있는 경우)은 무엇인가요? 쉼표로 구분하세요.","ㄴ, ㅢ, ㅆ"
"'잩'의 초성, 중성, 종성(있는 경우)은 무엇인가요? 쉼표로 구분하세요.","ㅈ, ㅏ, ㅌ"
"'땽'의 초성, 중성, 종성(있는 경우)은 무엇인가요? 쉼표로 구분하세요.","ㄸ, ㅑ, ㅇ"
"'낍'의 초성, 중성, 종성(있는 경우)은 무엇인가요? 쉼표로 구분하세요.","ㄲ, ㅣ, ㅂ"
"'술'의 초성, 중성, 종성(있는 경우)은 무엇인가요? 쉼표로 구분하세요.","ㅅ, ㅜ, ㄹ"
"'딻'의 초성, 중성, 종성(있는 경우)은 무엇인가요? 쉼표로 구분하세요.","ㄸ, ㅏ, ㄼ"
"'꾑'의 초성, 중성, 종성(있는 경우)은 무엇인가요? 쉼표로 구분하세요.","ㄲ, ㅚ, ㅂ"
"'슨'의 초성, 중성, 종성(있는 경우)은 무엇인가요? 쉼표로 구분하세요.","ㅅ, ㅡ, ㄴ"
"'땁'의 초성, 중성, 종성(있는 경우)은 무엇인가요? 쉼표로 구분하세요.","ㄸ, ㅏ, ㅂ"
"'흅'의 초성, 중성, 종성(있는 경우)은 무엇인가요? 쉼표로 구분하세요.","ㅎ, ㅠ, ㅂ"
"'얿'의 초성, 중성, 종성(있는 경우)은 무엇인가요? 쉼표로 구분하세요.","ㅇ, ㅓ, ㄼ"
"'뚝'의 초성, 중성, 종성(있는 경우)은 무엇인가요? 쉼표로 구분하세요.","ㄸ, ㅜ, ㄱ"
"'뢘'의 초성, 중성, 종성(있는 경우)은 무엇인가요? 쉼표로 구분하세요.","ㄹ, ㅙ, ㄴ"
"'틄'의 초성, 중성, 종성(있는 경우)은 무엇인가요? 쉼표로 구분하세요.","ㅌ, ㅡ, ㄽ"
"'믿'의 초성, 중성, 종성(있는 경우)은 무엇인가요? 쉼표로 구분하세요.","ㅁ, ㅣ, ㄷ"
"'씅'의 초성, 중성, 종성(있는 경우)은 무엇인가요? 쉼표로 구분하세요.","ㅆ, ㅡ, ㅇ"
"'뗐'의 초성, 중성, 종성(있는 경우)은 무엇인가요? 쉼표로 구분하세요.","ㄸ, ㅔ, ㅆ"
"'씁'의 초성, 중성, 종성(있는 경우)은 무엇인가요? 쉼표로 구분하세요.","ㅆ, ㅡ, ㅂ"
"'팽'의 초성, 중성, 종성(있는 경우)은 무엇인가요? 쉼표로 구분하세요.","ㅍ, ㅐ, ㅇ"
"'줵'의 초성, 중성, 종성(있는 경우)은 무엇인가요? 쉼표로 구분하세요.","ㅈ, ㅞ, ㄱ"
"'촘'의 초성, 중성, 종성(있는 경우)은 무엇인가요? 쉼표로 구분하세요.","ㅊ, ㅗ, ㅁ"
"'겴'의 초성, 중성, 종성(있는 경우)은 무엇인가요? 쉼표로 구분하세요.","ㄱ, ㅕ, ㄽ"
"'콸'의 초성, 중성, 종성(있는 경우)은 무엇인가요? 쉼표로 구분하세요.","ㅋ, ㅘ, ㄹ"
"'쇤'의 초성, 중성, 종성(있는 경우)은 무엇인가요? 쉼표로 구분하세요.","ㅅ, ㅚ, ㄴ"
"'뗘'의 초성, 중성, 종성(있는 경우)은 무엇인가요? 쉼표로 구분하세요.","ㄸ, ㅕ"
"'쩍'의 초성, 중성, 종성(있는 경우)은 무엇인가요? 쉼표로 구분하세요.","ㅉ, ㅓ, ㄱ"
"'뎜'의 초성, 중성, 종성(있는 경우)은 무엇인가요? 쉼표로 구분하세요.","ㄷ, ㅕ, ㅁ"
"'짗'의 초성, 중성, 종성(있는 경우)은 무엇인가요? 쉼표로 구분하세요.","ㅈ, ㅣ, ㅊ"
"'짚'의 초성, 중성, 종성(있는 경우)은 무엇인가요? 쉼표로 구분하세요.","ㅈ, ㅣ, ㅍ"
"'쐼'의 초성, 중성, 종성(있는 경우)은 무엇인가요? 쉼표로 구분하세요.","ㅆ, ㅚ, ㅁ"
"'섁'의 초성, 중성, 종성(있는 경우)은 무엇인가요? 쉼표로 구분하세요.","ㅅ, ㅒ, ㄱ"
"'톹'의 초성, 중성, 종성(있는 경우)은 무엇인가요? 쉼표로 구분하세요.","ㅌ, ㅗ, ㅌ"
"'굣'의 초성, 중성, 종성(있는 경우)은 무엇인가요? 쉼표로 구분하세요.","ㄱ, ㅛ, ㅅ"
"'봴'의 초성, 중성, 종성(있는 경우)은 무엇인가요? 쉼표로 구분하세요.","ㅂ, ㅙ, ㄹ"
"'쥗'의 초성, 중성, 종성(있는 경우)은 무엇인가요? 쉼표로 구분하세요.","ㅈ, ㅟ, ㄷ"
"'맏'의 초성, 중성, 종성(있는 경우)은 무엇인가요? 쉼표로 구분하세요.","ㅁ, ㅏ, ㄷ"
"'뼹'의 초성, 중성, 종성(있는 경우)은 무엇인가요? 쉼표로 구분하세요.","ㅃ, ㅖ, ㅇ"
"'츧'의 초성, 중성, 종성(있는 경우)은 무엇인가요? 쉼표로 구분하세요.","ㅊ, ㅡ, ㄷ"
"'쓧'의 초성, 중성, 종성(있는 경우)은 무엇인가요? 쉼표로 구분하세요.","ㅆ, ㅠ, ㅅ"
"'렉'의 초성, 중성, 종성(있는 경우)은 무엇인가요? 쉼표로 구분하세요.","ㄹ, ㅔ, ㄱ"
"'뇽'의 초성, 중성, 종성(있는 경우)은 무엇인가요? 쉼표로 구분하세요.","ㄴ, ㅛ, ㅇ"
"'실'의 초성, 중성, 종성(있는 경우)은 무엇인가요? 쉼표로 구분하세요.","ㅅ, ㅣ, ㄹ"
"'쟘'의 초성, 중성, 종성(있는 경우)은 무엇인가요? 쉼표로 구분하세요.","ㅈ, ㅑ, ㅁ"
"'깃'의 초성, 중성, 종성(있는 경우)은 무엇인가요? 쉼표로 구분하세요.","ㄱ, ㅣ, ㅅ"
"'슌'의 초성, 중성, 종성(있는 경우)은 무엇인가요? 쉼표로 구분하세요.","ㅅ, ㅠ, ㄴ"
"'놂'의 초성, 중성, 종성(있는 경우)은 무엇인가요? 쉼표로 구분하세요.","ㄴ, ㅗ, ㄻ"
"'뫃'의 초성, 중성, 종성(있는 경우)은 무엇인가요? 쉼표로 구분하세요.","ㅁ, ㅗ, ㅎ"
"'윋'의 초성, 중성, 종성(있는 경우)은 무엇인가요? 쉼표로 구분하세요.","ㅇ, ㅟ, ㄷ"
"'쉑'의 초성, 중성, 종성(있는 경우)은 무엇인가요? 쉼표로 구분하세요.","ㅅ, ㅞ, ㄱ"
"'쮔'의 초성, 중성, 종성(있는 경우)은 무엇인가요? 쉼표로 구분하세요.","ㅉ, ㅞ, ㅆ"
"'쟌'의 초성, 중성, 종성(있는 경우)은 무엇인가요? 쉼표로 구분하세요.","ㅈ, ㅑ, ㄴ"
"'랓'의 초성, 중성, 종성(있는 경우)은 무엇인가요? 쉼표로 구분하세요.","ㄹ, ㅏ, ㅊ"
"'놜'의 초성, 중성, 종성(있는 경우)은 무엇인가요? 쉼표로 구분하세요.","ㄴ, ㅘ, ㄹ"
"'갂'의 초성, 중성, 종성(있는 경우)은 무엇인가요? 쉼표로 구분하세요.","ㄱ, ㅏ, ㄲ"
"'숖'의 초성, 중성, 종성(있는 경우)은 무엇인가요? 쉼표로 구분하세요.","ㅅ, ㅛ, ㅍ"
"'건'의 초성, 중성, 종성(있는 경우)은 무엇인가요? 쉼표로 구분하세요.","ㄱ, ㅓ, ㄴ"
"'댖'의 초성, 중성, 종성(있는 경우)은 무엇인가요? 쉼표로 구분하세요.","ㄷ, ㅐ, ㅈ"
"'뮨'의 초성, 중성, 종성(있는 경우)은 무엇인가요? 쉼표로 구분하세요.","ㅁ, ㅠ, ㄴ"
"'갗'의 초성, 중성, 종성(있는 경우)은 무엇인가요? 쉼표로 구분하세요.","ㄱ, ㅏ, ㅊ"
"'렛'의 초성, 중성, 종성(있는 경우)은 무엇인가요? 쉼표로 구분하세요.","ㄹ, ㅔ, ㅅ"
"'엷'의 초성, 중성, 종성(있는 경우)은 무엇인가요? 쉼표로 구분하세요.","ㅇ, ㅕ, ㄼ"
"'헙'의 초성, 중성, 종성(있는 경우)은 무엇인가요? 쉼표로 구분하세요.","ㅎ, ㅓ, ㅂ"
"'썻'의 초성, 중성, 종성(있는 경우)은 무엇인가요? 쉼표로 구분하세요.","ㅆ, ㅓ, ㅅ"
"'셧'의 초성, 중성, 종성(있는 경우)은 무엇인가요? 쉼표로 구분하세요.","ㅅ, ㅕ, ㅅ"
"'릡'의 초성, 중성, 종성(있는 경우)은 무엇인가요? 쉼표로 구분하세요.","ㄹ, ㅢ, ㅂ"
"'긷'의 초성, 중성, 종성(있는 경우)은 무엇인가요? 쉼표로 구분하세요.","ㄱ, ㅣ, ㄷ"
"'걔'의 초성, 중성, 종성(있는 경우)은 무엇인가요? 쉼표로 구분하세요.","ㄱ, ㅒ"
"'갋'의 초성, 중성, 종성(있는 경우)은 무엇인가요? 쉼표로 구분하세요.","ㄱ, ㅏ, ㄼ"
"'엸'의 초성, 중성, 종성(있는 경우)은 무엇인가요? 쉼표로 구분하세요.","ㅇ, ㅕ, ㄽ"
"'뮥'의 초성, 중성, 종성(있는 경우)은 무엇인가요? 쉼표로 구분하세요.","ㅁ, ㅠ, ㄱ"
"'칭'의 초성, 중성, 종성(있는 경우)은 무엇인가요? 쉼표로 구분하세요.","ㅊ, ㅣ, ㅇ"
"'붔'의 초성, 중성, 종성(있는 경우)은 무엇인가요? 쉼표로 구분하세요.","ㅂ, ㅜ, ㅆ"
"'쉽'의 초성, 중성, 종성(있는 경우)은 무엇인가요? 쉼표로 구분하세요.","ㅅ, ㅟ, ㅂ"
"'줩'의 초성, 중성, 종성(있는 경우)은 무엇인가요? 쉼표로 구분하세요.","ㅈ, ㅝ, ㅂ"
"'딜'의 초성, 중성, 종성(있는 경우)은 무엇인가요? 쉼표로 구분하세요.","ㄷ, ㅣ, ㄹ"
"'쥰'의 초성, 중성, 종성(있는 경우)은 무엇인가요? 쉼표로 구분하세요.","ㅈ, ㅠ, ㄴ"
"'훤'의 초성, 중성, 종성(있는 경우)은 무엇인가요? 쉼표로 구분하세요.","ㅎ, ㅝ, ㄴ"
"'늗'의 초성, 중성, 종성(있는 경우)은 무엇인가요? 쉼표로 구분하세요.","ㄴ, ㅡ, ㄷ"
"'탊'의 초성, 중성, 종성(있는 경우)은 무엇인가요? 쉼표로 구분하세요.","ㅌ, ㅏ, ㄻ"
"'툇'의 초성, 중성, 종성(있는 경우)은 무엇인가요? 쉼표로 구분하세요.","ㅌ, ㅚ, ㅅ"
"'퓻'의 초성, 중성, 종성(있는 경우)은 무엇인가요? 쉼표로 구분하세요.","ㅍ, ㅠ, ㅅ"
"'귯'의 초성, 중성, 종성(있는 경우)은 무엇인가요? 쉼표로 구분하세요.","ㄱ, ㅠ, ㅅ"
"'쨰'의 초성, 중성, 종성(있는 경우)은 무엇인가요? 쉼표로 구분하세요.","ㅉ, ㅒ"
"'쮕'의 초성, 중성, 종성(있는 경우)은 무엇인가요? 쉼표로 구분하세요.","ㅉ, ㅞ, ㅇ"
"'뎃'의 초성, 중성, 종성(있는 경우)은 무엇인가요? 쉼표로 구분하세요.","ㄷ, ㅔ, ㅅ"
"'븻'의 초성, 중성, 종성(있는 경우)은 무엇인가요? 쉼표로 구분하세요.","ㅂ, ㅢ, ㅅ"
"'뉜'의 초성, 중성, 종성(있는 경우)은 무엇인가요? 쉼표로 구분하세요.","ㄴ, ㅟ, ㄴ"
"'영'의 초성, 중성, 종성(있는 경우)은 무엇인가요? 쉼표로 구분하세요.","ㅇ, ㅕ, ㅇ"
"'흭'의 초성, 중성, 종성(있는 경우)은 무엇인가요? 쉼표로 구분하세요.","ㅎ, ㅢ, ㄱ"
"'앜'의 초성, 중성, 종성(있는 경우)은 무엇인가요? 쉼표로 구분하세요.","ㅇ, ㅏ, ㅋ"
"'짨'의 초성, 중성, 종성(있는 경우)은 무엇인가요? 쉼표로 구분하세요.","ㅉ, ㅏ, ㄽ"
"'좋'의 초성, 중성, 종성(있는 경우)은 무엇인가요? 쉼표로 구분하세요.","ㅈ, ㅗ, ㅎ"
"'쮁'의 초성, 중성, 종성(있는 경우)은 무엇인가요? 쉼표로 구분하세요.","ㅉ, ㅞ, ㄱ"
"'또'의 초성, 중성, 종성(있는 경우)은 무엇인가요? 쉼표로 구분하세요.","ㄸ, ㅗ"
"'캪'의 초성, 중성, 종성(있는 경우)은 무엇인가요? 쉼표로 구분하세요.","ㅋ, ㅐ, ㅍ"
"'챛'의 초성, 중성, 종성(있는 경우)은 무엇인가요? 쉼표로 구분하세요.","ㅊ, ㅐ, ㅊ"
"'쁨'의 초성, 중성, 종성(있는 경우)은 무엇인가요? 쉼표로 구분하세요.","ㅃ, ㅡ, ㅁ"
"'쇵'의 초성, 중성, 종성(있는 경우)은 무엇인가요? 쉼표로 구분하세요.","ㅅ, ㅚ, ㅇ"
"'돝'의 초성, 중성, 종성(있는 경우)은 무엇인가요? 쉼표로 구분하세요.","ㄷ, ㅗ, ㅌ"
"'뱧'의 초성, 중성, 종성(있는 경우)은 무엇인가요? 쉼표로 구분하세요.","ㅂ, ㅑ, ㅎ"
"'짠'의 초성, 중성, 종성(있는 경우)은 무엇인가요? 쉼표로 구분하세요.","ㅉ, ㅏ, ㄴ"
"'맘'의 초성, 중성, 종성(있는 경우)은 무엇인가요? 쉼표로 구분하세요.","ㅁ, ㅏ, ㅁ"
"'슫'의 초성, 중성, 종성(있는 경우)은 무엇인가요? 쉼표로 구분하세요.","ㅅ, ㅡ, ㄷ"
"'르'의 초성, 중성, 종성(있는 경우)은 무엇인가요? 쉼표로 구분하세요.","ㄹ, ㅡ"
"'뫈'의 초성, 중성, 종성(있는 경우)은 무엇인가요? 쉼표로 구분하세요.","ㅁ, ㅘ, ㄴ"
"'잊'의 초성, 중성, 종성(있는 경우)은 무엇인가요? 쉼표로 구분하세요.","ㅇ, ㅣ, ㅈ"
"'인'의 초성, 중성, 종성(있는 경우)은 무엇인가요? 쉼표로 구분하세요.","ㅇ, ㅣ, ㄴ"
"'텩'의 초성, 중성, 종성(있는 경우)은 무엇인가요? 쉼표로 구분하세요.","ㅌ, ㅕ, ㄱ"
"'너'의 초성, 중성, 종성(있는 경우)은 무엇인가요? 쉼표로 구분하세요.","ㄴ, ㅓ"
"'뫤'의 초성, 중성, 종성(있는 경우)은 무엇인가요? 쉼표로 구분하세요.","ㅁ, ㅙ, ㄴ"
"'깐'의 초성, 중성, 종성(있는 경우)은 무엇인가요? 쉼표로 구분하세요.","ㄲ, ㅏ, ㄴ"
"'꽥'의 초성, 중성, 종성(있는 경우)은 무엇인가요? 쉼표로 구분하세요.","ㄲ, ㅙ, ㄱ"
"'랄'의 초성, 중성, 종성(있는 경우)은 무엇인가요? 쉼표로 구분하세요.","ㄹ, ㅏ, ㄹ"
"'삭'의 초성, 중성, 종성(있는 경우)은 무엇인가요? 쉼표로 구분하세요.","ㅅ, ㅏ, ㄱ"
"'빟'의 초성, 중성, 종성(있는 경우)은 무엇인가요? 쉼표로 구분하세요.","ㅂ, ㅣ, ㅎ"
"'햘'의 초성, 중성, 종성(있는 경우)은 무엇인가요? 쉼표로 구분하세요.","ㅎ, ㅑ, ㄹ"
"'뇓'의 초성, 중성, 종성(있는 경우)은 무엇인가요? 쉼표로 구분하세요.","ㄴ, ㅚ, ㄷ"
"'괐'의 초성, 중성, 종성(있는 경우)은 무엇인가요? 쉼표로 구분하세요.","ㄱ, ㅘ, ㅆ"
"'샌'의 초성, 중성, 종성(있는 경우)은 무엇인가요? 쉼표로 구분하세요.","ㅅ, ㅐ, ㄴ"
"'옰'의 초성, 중성, 종성(있는 경우)은 무엇인가요? 쉼표로 구분하세요.","ㅇ, ㅗ, ㄽ"
"'윁'의 초성, 중성, 종성(있는 경우)은 무엇인가요? 쉼표로 구분하세요.","ㅇ, ㅞ, ㅌ"
"'홈'의 초성, 중성, 종성(있는 경우)은 무엇인가요? 쉼표로 구분하세요.","ㅎ, ㅗ, ㅁ"
"'싸'의 초성, 중성, 종성(있는 경우)은 무엇인가요? 쉼표로 구분하세요.","ㅆ, ㅏ"
"'명'의 초성, 중성, 종성(있는 경우)은 무엇인가요? 쉼표로 구분하세요.","ㅁ, ㅕ, ㅇ"
"'최'의 초성, 중성, 종성(있는 경우)은 무엇인가요? 쉼표로 구분하세요.","ㅊ, ㅚ"
"'녬'의 초성, 중성, 종성(있는 경우)은 무엇인가요? 쉼표로 구분하세요.","ㄴ, ㅖ, ㅁ"
"'냣'의 초성, 중성, 종성(있는 경우)은 무엇인가요? 쉼표로 구분하세요.","ㄴ, ㅑ, ㅅ"
"'색'의 초성, 중성, 종성(있는 경우)은 무엇인가요? 쉼표로 구분하세요.","ㅅ, ㅐ, ㄱ"
"'꼱'의 초성, 중성, 종성(있는 경우)은 무엇인가요? 쉼표로 구분하세요.","ㄲ, ㅗ, ㄵ"
"'쨈'의 초성, 중성, 종성(있는 경우)은 무엇인가요? 쉼표로 구분하세요.","ㅉ, ㅐ, ㅁ"
"'떯'의 초성, 중성, 종성(있는 경우)은 무엇인가요? 쉼표로 구분하세요.","ㄸ, ㅓ, ㅀ"
"'관'의 초성, 중성, 종성(있는 경우)은 무엇인가요? 쉼표로 구분하세요.","ㄱ, ㅘ, ㄴ"
"'쁙'의 초성, 중성, 종성(있는 경우)은 무엇인가요? 쉼표로 구분하세요.","ㅃ, ㅡ, ㄱ"
"'싦'의 초성, 중성, 종성(있는 경우)은 무엇인가요? 쉼표로 구분하세요.","ㅅ, ㅣ, ㄻ"
"'줭'의 초성, 중성, 종성(있는 경우)은 무엇인가요? 쉼표로 구분하세요.","ㅈ, ㅝ, ㅇ"
"'컄'의 초성, 중성, 종성(있는 경우)은 무엇인가요? 쉼표로 구분하세요.","ㅋ, ㅑ, ㅋ"
"'쾬'의 초성, 중성, 종성(있는 경우)은 무엇인가요? 쉼표로 구분하세요.","ㅋ, ㅚ, ㄴ"
"'헛'의 초성, 중성, 종성(있는 경우)은 무엇인가요? 쉼표로 구분하세요.","ㅎ, ㅓ, ㅅ"
"'즉'의 초성, 중성, 종성(있는 경우)은 무엇인가요? 쉼표로 구분하세요.","ㅈ, ㅡ, ㄱ"
"'쏑'의 초성, 중성, 종성(있는 경우)은 무엇인가요? 쉼표로 구분하세요.","ㅆ, ㅖ, ㅇ"
"'졘'의 초성, 중성, 종성(있는 경우)은 무엇인가요? 쉼표로 구분하세요.","ㅈ, ㅖ, ㄴ"
"'꺽'의 초성, 중성, 종성(있는 경우)은 무엇인가요? 쉼표로 구분하세요.","ㄲ, ㅓ, ㄱ"
"'묀'의 초성, 중성, 종성(있는 경우)은 무엇인가요? 쉼표로 구분하세요.","ㅁ, ㅚ, ㄴ"
"'퉏'의 초성, 중성, 종성(있는 경우)은 무엇인가요? 쉼표로 구분하세요.","ㅌ, ㅝ, ㄷ"
"'극'의 초성, 중성, 종성(있는 경우)은 무엇인가요? 쉼표로 구분하세요.","ㄱ, ㅡ, ㄱ"
"'썪'의 초성, 중성, 종성(있는 경우)은 무엇인가요? 쉼표로 구분하세요.","ㅆ, ㅓ, ㄲ"
"'멥'의 초성, 중성, 종성(있는 경우)은 무엇인가요? 쉼표로 구분하세요.","ㅁ, ㅔ, ㅂ"
"'뎐'의 초성, 중성, 종성(있는 경우)은 무엇인가요? 쉼표로 구분하세요.","ㄷ, ㅕ, ㄴ"
"'뜰'의 초성, 중성, 종성(있는 경우)은 무엇인가요? 쉼표로 구분하세요.","ㄸ, ㅡ, ㄹ"
"'뉼'의 초성, 중성, 종성(있는 경우)은 무엇인가요? 쉼표로 구분하세요.","ㄴ, ㅠ, ㄹ"
"'툥'의 초성, 중성, 종성(있는 경우)은 무엇인가요? 쉼표로 구분하세요.","ㅌ, ㅛ, ㅇ"
"'쳽'의 초성, 중성, 종성(있는 경우)은 무엇인가요? 쉼표로 구분하세요.","ㅊ, ㅖ, ㅂ"
"'삔'의 초성, 중성, 종성(있는 경우)은 무엇인가요? 쉼표로 구분하세요.","ㅃ, ㅣ, ㄴ"
"'펵'의 초성, 중성, 종성(있는 경우)은 무엇인가요? 쉼표로 구분하세요.","ㅍ, ㅕ, ㄱ"
"'호'의 초성, 중성, 종성(있는 경우)은 무엇인가요? 쉼표로 구분하세요.","ㅎ, ㅗ"
"'쫬'의 초성, 중성, 종성(있는 경우)은 무엇인가요? 쉼표로 구분하세요.","ㅉ, ㅘ, ㅆ"
"'퓍'의 초성, 중성, 종성(있는 경우)은 무엇인가요? 쉼표로 구분하세요.","ㅍ, ㅟ, ㄱ"
"'벆'의 초성, 중성, 종성(있는 경우)은 무엇인가요? 쉼표로 구분하세요.","ㅂ, ㅓ, ㄲ"
"'갔'의 초성, 중성, 종성(있는 경우)은 무엇인가요? 쉼표로 구분하세요.","ㄱ, ㅏ, ㅆ"
"'귱'의 초성, 중성, 종성(있는 경우)은 무엇인가요? 쉼표로 구분하세요.","ㄱ, ㅠ, ㅇ"
"'먹'의 초성, 중성, 종성(있는 경우)은 무엇인가요? 쉼표로 구분하세요.","ㅁ, ㅓ, ㄱ"
"'걥'의 초성, 중성, 종성(있는 경우)은 무엇인가요? 쉼표로 구분하세요.","ㄱ, ㅒ, ㅂ"
"'튯'의 초성, 중성, 종성(있는 경우)은 무엇인가요? 쉼표로 구분하세요.","ㅌ, ㅠ, ㅅ"
"'쭁'의 초성, 중성, 종성(있는 경우)은 무엇인가요? 쉼표로 구분하세요.","ㅉ, ㅛ, ㅇ"
"'주'의 초성, 중성, 종성(있는 경우)은 무엇인가요? 쉼표로 구분하세요.","ㅈ, ㅜ"
"'겿'의 초성, 중성, 종성(있는 경우)은 무엇인가요? 쉼표로 구분하세요.","ㄱ, ㅕ, ㅊ"
"'껩'의 초성, 중성, 종성(있는 경우)은 무엇인가요? 쉼표로 구분하세요.","ㄲ, ㅔ, ㅂ"
"'휐'의 초성, 중성, 종성(있는 경우)은 무엇인가요? 쉼표로 구분하세요.","ㅎ, ㅞ, ㅆ"
"'녃'의 초성, 중성, 종성(있는 경우)은 무엇인가요? 쉼표로 구분하세요.","ㄴ, ㅕ, ㄳ"
"'질'의 초성, 중성, 종성(있는 경우)은 무엇인가요? 쉼표로 구분하세요.","ㅈ, ㅣ, ㄹ"
"'렙'의 초성, 중성, 종성(있는 경우)은 무엇인가요? 쉼표로 구분하세요.","ㄹ, ㅔ, ㅂ"
"'센'의 초성, 중성, 종성(있는 경우)은 무엇인가요? 쉼표로 구분하세요.","ㅅ, ㅔ, ㄴ"
"'읇'의 초성, 중성, 종성(있는 경우)은 무엇인가요? 쉼표로 구분하세요.","ㅇ, ㅡ, ㄼ"
"'뇡'의 초성, 중성, 종성(있는 경우)은 무엇인가요? 쉼표로 구분하세요.","ㄴ, ㅚ, ㅇ"
"'퉈'의 초성, 중성, 종성(있는 경우)은 무엇인가요? 쉼표로 구분하세요.","ㅌ, ㅝ"
"'옾'의 초성, 중성, 종성(있는 경우)은 무엇인가요? 쉼표로 구분하세요.","ㅇ, ㅗ, ㅍ"
"'룽'의 초성, 중성, 종성(있는 경우)은 무엇인가요? 쉼표로 구분하세요.","ㄹ, ㅜ, ㅇ"
"'춧'의 초성, 중성, 종성(있는 경우)은 무엇인가요? 쉼표로 구분하세요.","ㅊ, ㅜ, ㅅ"
"'쫆'의 초성, 중성, 종성(있는 경우)은 무엇인가요? 쉼표로 구분하세요.","ㅉ, ㅗ, ㄻ"
"'쮣'의 초성, 중성, 종성(있는 경우)은 무엇인가요? 쉼표로 구분하세요.","ㅉ, ㅟ, ㄷ"
"'을'의 초성, 중성, 종성(있는 경우)은 무엇인가요? 쉼표로 구분하세요.","ㅇ, ㅡ, ㄹ"
"'뀨'의 초성, 중성, 종성(있는 경우)은 무엇인가요? 쉼표로 구분하세요.","ㄲ, ㅠ"
"'얏'의 초성, 중성, 종성(있는 경우)은 무엇인가요? 쉼표로 구분하세요.","ㅇ, ㅑ, ㅅ"
"'칑'의 초성, 중성, 종성(있는 경우)은 무엇인가요? 쉼표로 구분하세요.","ㅊ, ㅢ, ㅇ"
"'뇄'의 초성, 중성, 종성(있는 경우)은 무엇인가요? 쉼표로 구분하세요.","ㄴ, ㅙ, ㅆ"
"'핟'의 초성, 중성, 종성(있는 경우)은 무엇인가요? 쉼표로 구분하세요.","ㅎ, ㅏ, ㄷ"
"'혈'의 초성, 중성, 종성(있는 경우)은 무엇인가요? 쉼표로 구분하세요.","ㅎ, ㅕ, ㄹ"
"'괒'의 초성, 중성, 종성(있는 경우)은 무엇인가요? 쉼표로 구분하세요.","ㄱ, ㅘ, ㅈ"
"'켐'의 초성, 중성, 종성(있는 경우)은 무엇인가요? 쉼표로 구분하세요.","ㅋ, ㅔ, ㅁ"
"'렢'의 초성, 중성, 종성(있는 경우)은 무엇인가요? 쉼표로 구분하세요.","ㄹ, ㅔ, ㅍ"
"'딀'의 초성, 중성, 종성(있는 경우)은 무엇인가요? 쉼표로 구분하세요.","ㄷ, ㅢ, ㄹ"
"'핤'의 초성, 중성, 종성(있는 경우)은 무엇인가요? 쉼표로 구분하세요.","ㅎ, ㅏ, ㄽ"
"'얺'의 초성, 중성, 종성(있는 경우)은 무엇인가요? 쉼표로 구분하세요.","ㅇ, ㅓ, ㄶ"
"'뀰'의 초성, 중성, 종성(있는 경우)은 무엇인가요? 쉼표로 구분하세요.","ㄲ, ㅠ, ㄹ"
"'슾'의 초성, 중성, 종성(있는 경우)은 무엇인가요? 쉼표로 구분하세요.","ㅅ, ㅡ, ㅍ"
"'괴'의 초성, 중성, 종성(있는 경우)은 무엇인가요? 쉼표로 구분하세요.","ㄱ, ㅚ"
"'꿤'의 초성, 중성, 종성(있는 경우)은 무엇인가요? 쉼표로 구분하세요.","ㄲ, ㅝ, ㅁ"
"'팃'의 초성, 중성, 종성(있는 경우)은 무엇인가요? 쉼표로 구분하세요.","ㅌ, ㅣ, ㅅ"
"'뱃'의 초성, 중성, 종성(있는 경우)은 무엇인가요? 쉼표로 구분하세요.","ㅂ, ㅐ, ㅅ"
"'변'의 초성, 중성, 종성(있는 경우)은 무엇인가요? 쉼표로 구분하세요.","ㅂ, ㅕ, ㄴ"
"'릊'의 초성, 중성, 종성(있는 경우)은 무엇인가요? 쉼표로 구분하세요.","ㄹ, ㅡ, ㅈ"
"'쵓'의 초성, 중성, 종성(있는 경우)은 무엇인가요? 쉼표로 구분하세요.","ㅊ, ㅙ, ㅅ"
"'휀'의 초성, 중성, 종성(있는 경우)은 무엇인가요? 쉼표로 구분하세요.","ㅎ, ㅞ, ㄴ"
"'죌'의 초성, 중성, 종성(있는 경우)은 무엇인가요? 쉼표로 구분하세요.","ㅈ, ㅚ, ㄹ"
"'웍'의 초성, 중성, 종성(있는 경우)은 무엇인가요? 쉼표로 구분하세요.","ㅇ, ㅝ, ㄱ"
"'퀄'의 초성, 중성, 종성(있는 경우)은 무엇인가요? 쉼표로 구분하세요.","ㅋ, ㅝ, ㄹ"
"'쭘'의 초성, 중성, 종성(있는 경우)은 무엇인가요? 쉼표로 구분하세요.","ㅉ, ㅜ, ㅁ"
"'슁'의 초성, 중성, 종성(있는 경우)은 무엇인가요? 쉼표로 구분하세요.","ㅅ, ㅟ, ㅇ"
"'쐋'의 초성, 중성, 종성(있는 경우)은 무엇인가요? 쉼표로 구분하세요.","ㅆ, ㅘ, ㅊ"
"'럾'의 초성, 중성, 종성(있는 경우)은 무엇인가요? 쉼표로 구분하세요.","ㄹ, ㅓ, ㅄ"
"'므'의 초성, 중성, 종성(있는 경우)은 무엇인가요? 쉼표로 구분하세요.","ㅁ, ㅡ"
"'퓯'의 초성, 중성, 종성(있는 경우)은 무엇인가요? 쉼표로 구분하세요.","ㅍ, ㅠ, ㄷ"
"'넗'의 초성, 중성, 종성(있는 경우)은 무엇인가요? 쉼표로 구분하세요.","ㄴ, ㅓ, ㅀ"
"'핖'의 초성, 중성, 종성(있는 경우)은 무엇인가요? 쉼표로 구분하세요.","ㅍ, ㅣ, ㅍ"
"'뇸'의 초성, 중성, 종성(있는 경우)은 무엇인가요? 쉼표로 구분하세요.","ㄴ, ㅛ, ㅁ"
"'찹'의 초성, 중성, 종성(있는 경우)은 무엇인가요? 쉼표로 구분하세요.","ㅊ, ㅏ, ㅂ"
"'어'의 초성, 중성, 종성(있는 경우)은 무엇인가요? 쉼표로 구분하세요.","ㅇ, ㅓ"
"'컻'의 초성, 중성, 종성(있는 경우)은 무엇인가요? 쉼표로 구분하세요.","ㅋ, ㅓ, ㅊ"
"'뚭'의 초성, 중성, 종성(있는 경우)은 무엇인가요? 쉼표로 구분하세요.","ㄸ, ㅜ, ㅂ"
"'꽂'의 초성, 중성, 종성(있는 경우)은 무엇인가요? 쉼표로 구분하세요.","ㄲ, ㅗ, ㅈ"
"'씔'의 초성, 중성, 종성(있는 경우)은 무엇인가요? 쉼표로 구분하세요.","ㅆ, ㅢ, ㄹ"
"'컽'의 초성, 중성, 종성(있는 경우)은 무엇인가요? 쉼표로 구분하세요.","ㅋ, ㅓ, ㅌ"
"'퓡'의 초성, 중성, 종성(있는 경우)은 무엇인가요? 쉼표로 구분하세요.","ㅍ, ㅟ, ㅇ"
"'켈'의 초성, 중성, 종성(있는 경우)은 무엇인가요? 쉼표로 구분하세요.","ㅋ, ㅔ, ㄹ"
"'륜'의 초성, 중성, 종성(있는 경우)은 무엇인가요? 쉼표로 구분하세요.","ㄹ, ㅠ, ㄴ"
"'캑'의 초성, 중성, 종성(있는 경우)은 무엇인가요? 쉼표로 구분하세요.","ㅋ, ㅐ, ㄱ"
"'헴'의 초성, 중성, 종성(있는 경우)은 무엇인가요? 쉼표로 구분하세요.","ㅎ, ㅔ, ㅁ"
"'솩'의 초성, 중성, 종성(있는 경우)은 무엇인가요? 쉼표로 구분하세요.","ㅅ, ㅘ, ㄱ"
"'굵'의 초성, 중성, 종성(있는 경우)은 무엇인가요? 쉼표로 구분하세요.","ㄱ, ㅜ, ㄺ"
"'삧'의 초성, 중성, 종성(있는 경우)은 무엇인가요? 쉼표로 구분하세요.","ㅃ, ㅣ, ㅊ"
"'퐈'의 초성, 중성, 종성(있는 경우)은 무엇인가요? 쉼표로 구분하세요.","ㅍ, ㅘ"
"'폅'의 초성, 중성, 종성(있는 경우)은 무엇인가요? 쉼표로 구분하세요.","ㅍ, ㅕ, ㅂ"
"'꽝'의 초성, 중성, 종성(있는 경우)은 무엇인가요? 쉼표로 구분하세요.","ㄲ, ㅘ, ㅇ"
"'틴'의 초성, 중성, 종성(있는 경우)은 무엇인가요? 쉼표로 구분하세요.","ㅌ, ㅣ, ㄴ"
"'탼'의 초성, 중성, 종성(있는 경우)은 무엇인가요? 쉼표로 구분하세요.","ㅌ, ㅑ, ㄴ"
"'횜'의 초성, 중성, 종성(있는 경우)은 무엇인가요? 쉼표로 구분하세요.","ㅎ, ㅚ, ㅁ"
"'쐣'의 초성, 중성, 종성(있는 경우)은 무엇인가요? 쉼표로 구분하세요.","ㅆ, ㅙ, ㅅ"
"'샛'의 초성, 중성, 종성(있는 경우)은 무엇인가요? 쉼표로 구분하세요.","ㅅ, ㅐ, ㅅ"
"'슴'의 초성, 중성, 종성(있는 경우)은 무엇인가요? 쉼표로 구분하세요.","ㅅ, ㅡ, ㅁ"
"'댁'의 초성, 중성, 종성(있는 경우)은 무엇인가요? 쉼표로 구분하세요.","ㄷ, ㅐ, ㄱ"
"'츕'의 초성, 중성, 종성(있는 경우)은 무엇인가요? 쉼표로 구분하세요.","ㅊ, ㅠ, ㅂ"
"'뺨'의 초성, 중성, 종성(있는 경우)은 무엇인가요? 쉼표로 구분하세요.","ㅃ, ㅑ, ㅁ"
"'딫'의 초성, 중성, 종성(있는 경우)은 무엇인가요? 쉼표로 구분하세요.","ㄷ, ㅣ, ㅊ"
"'뱜'의 초성, 중성, 종성(있는 경우)은 무엇인가요? 쉼표로 구분하세요.","ㅂ, ㅑ, ㅁ"
"'캐'의 초성, 중성, 종성(있는 경우)은 무엇인가요? 쉼표로 구분하세요.","ㅋ, ㅐ"
"'궷'의 초성, 중성, 종성(있는 경우)은 무엇인가요? 쉼표로 구분하세요.","ㄱ, ㅞ, ㅅ"
"'좝'의 초성, 중성, 종성(있는 경우)은 무엇인가요? 쉼표로 구분하세요.","ㅈ, ㅘ, ㅂ"
"'볠'의 초성, 중성, 종성(있는 경우)은 무엇인가요? 쉼표로 구분하세요.","ㅂ, ㅖ, ㄹ"
"'붑'의 초성, 중성, 종성(있는 경우)은 무엇인가요? 쉼표로 구분하세요.","ㅂ, ㅜ, ㅂ"
"'앋'의 초성, 중성, 종성(있는 경우)은 무엇인가요? 쉼표로 구분하세요.","ㅇ, ㅏ, ㄷ"
"'키'의 초성, 중성, 종성(있는 경우)은 무엇인가요? 쉼표로 구분하세요.","ㅋ, ㅣ"
"'싄'의 초성, 중성, 종성(있는 경우)은 무엇인가요? 쉼표로 구분하세요.","ㅅ, ㅢ, ㄴ"
"'뷜'의 초성, 중성, 종성(있는 경우)은 무엇인가요? 쉼표로 구분하세요.","ㅂ, ㅟ, ㄹ"
"'캴'의 초성, 중성, 종성(있는 경우)은 무엇인가요? 쉼표로 구분하세요.","ㅋ, ㅑ, ㄹ"
"'팍'의 초성, 중성, 종성(있는 경우)은 무엇인가요? 쉼표로 구분하세요.","ㅍ, ㅏ, ㄱ"
"'젯'의 초성, 중성, 종성(있는 경우)은 무엇인가요? 쉼표로 구분하세요.","ㅈ, ㅔ, ㅅ"
"'쒀'의 초성, 중성, 종성(있는 경우)은 무엇인가요? 쉼표로 구분하세요.","ㅆ, ㅝ"
"'러'의 초성, 중성, 종성(있는 경우)은 무엇인가요? 쉼표로 구분하세요.","ㄹ, ㅓ"
"'햡'의 초성, 중성, 종성(있는 경우)은 무엇인가요? 쉼표로 구분하세요.","ㅎ, ㅑ, ㅂ"
"'쨴'의 초성, 중성, 종성(있는 경우)은 무엇인가요? 쉼표로 구분하세요.","ㅉ, ㅒ, ㄴ"
"'롐'의 초성, 중성, 종성(있는 경우)은 무엇인가요? 쉼표로 구분하세요.","ㄹ, ㅖ, ㅁ"
"'섄'의 초성, 중성, 종성(있는 경우)은 무엇인가요? 쉼표로 구분하세요.","ㅅ, ㅒ, ㄴ"
"'흣'의 초성, 중성, 종성(있는 경우)은 무엇인가요? 쉼표로 구분하세요.","ㅎ, ㅡ, ㅅ"
"'쏏'의 초성, 중성, 종성(있는 경우)은 무엇인가요? 쉼표로 구분하세요.","ㅆ, ㅖ, ㅅ"
"'촁'의 초성, 중성, 종성(있는 경우)은 무엇인가요? 쉼표로 구분하세요.","ㅊ, ㅖ, ㅇ"
"'삳'의 초성, 중성, 종성(있는 경우)은 무엇인가요? 쉼표로 구분하세요.","ㅅ, ㅏ, ㄷ"
"'챵'의 초성, 중성, 종성(있는 경우)은 무엇인가요? 쉼표로 구분하세요.","ㅊ, ㅑ, ㅇ"
"'츄'의 초성, 중성, 종성(있는 경우)은 무엇인가요? 쉼표로 구분하세요.","ㅊ, ㅠ"
"'옹'의 초성, 중성, 종성(있는 경우)은 무엇인가요? 쉼표로 구분하세요.","ㅇ, ㅗ, ㅇ"
"'믬'의 초성, 중성, 종성(있는 경우)은 무엇인가요? 쉼표로 구분하세요.","ㅁ, ㅢ, ㅁ"
"'껏'의 초성, 중성, 종성(있는 경우)은 무엇인가요? 쉼표로 구분하세요.","ㄲ, ㅓ, ㅅ"
"'쌌'의 초성, 중성, 종성(있는 경우)은 무엇인가요? 쉼표로 구분하세요.","ㅆ, ㅏ, ㅆ"
"'뗭'의 초성, 중성, 종성(있는 경우)은 무엇인가요? 쉼표로 구분하세요.","ㄸ, ㅕ, ㅇ"
"'숄'의 초성, 중성, 종성(있는 경우)은 무엇인가요? 쉼표로 구분하세요.","ㅅ, ㅛ, ㄹ"
"'캗'의 초성, 중성, 종성(있는 경우)은 무엇인가요? 쉼표로 구분하세요.","ㅋ, ㅐ, ㄷ"
"'렴'의 초성, 중성, 종성(있는 경우)은 무엇인가요? 쉼표로 구분하세요.","ㄹ, ㅕ, ㅁ"
"'틂'의 초성, 중성, 종성(있는 경우)은 무엇인가요? 쉼표로 구분하세요.","ㅌ, ㅡ, ㄻ"
"'띕'의 초성, 중성, 종성(있는 경우)은 무엇인가요? 쉼표로 구분하세요.","ㄸ, ㅢ, ㅂ"
"'믯'의 초성, 중성, 종성(있는 경우)은 무엇인가요? 쉼표로 구분하세요.","ㅁ, ㅢ, ㅅ"
"'맷'의 초성, 중성, 종성(있는 경우)은 무엇인가요? 쉼표로 구분하세요.","ㅁ, ㅐ, ㅅ"
"'셤'의 초성, 중성, 종성(있는 경우)은 무엇인가요? 쉼표로 구분하세요.","ㅅ, ㅕ, ㅁ"
"'왙'의 초성, 중성, 종성(있는 경우)은 무엇인가요? 쉼표로 구분하세요.","ㅇ, ㅘ, ㅌ"
"'왓'의 초성, 중성, 종성(있는 경우)은 무엇인가요? 쉼표로 구분하세요.","ㅇ, ㅘ, ㅅ"
"'뎄'의 초성, 중성, 종성(있는 경우)은 무엇인가요? 쉼표로 구분하세요.","ㄷ, ㅔ, ㅆ"
"'둑'의 초성, 중성, 종성(있는 경우)은 무엇인가요? 쉼표로 구분하세요.","ㄷ, ㅜ, ㄱ"
"'뤱'의 초성, 중성, 종성(있는 경우)은 무엇인가요? 쉼표로 구분하세요.","ㄹ, ㅞ, ㅂ"
"'붸'의 초성, 중성, 종성(있는 경우)은 무엇인가요? 쉼표로 구분하세요.","ㅂ, ㅞ"
"'땄'의 초성, 중성, 종성(있는 경우)은 무엇인가요? 쉼표로 구분하세요.","ㄸ, ㅏ, ㅆ"
"'푣'의 초성, 중성, 종성(있는 경우)은 무엇인가요? 쉼표로 구분하세요.","ㅍ, ㅛ, ㄷ"
"'똴'의 초성, 중성, 종성(있는 경우)은 무엇인가요? 쉼표로 구분하세요.","ㄸ, ㅘ, ㄹ"
"'죻'의 초성, 중성, 종성(있는 경우)은 무엇인가요? 쉼표로 구분하세요.","ㅈ, ㅛ, ㅎ"
"'쑁'의 초성, 중성, 종성(있는 경우)은 무엇인가요? 쉼표로 구분하세요.","ㅆ, ㅚ, ㅇ"
"'잼'의 초성, 중성, 종성(있는 경우)은 무엇인가요? 쉼표로 구분하세요.","ㅈ, ㅐ, ㅁ"
"'쁜'의 초성, 중성, 종성(있는 경우)은 무엇인가요? 쉼표로 구분하세요.","ㅃ, ㅡ, ㄴ"
"'젆'의 초성, 중성, 종성(있는 경우)은 무엇인가요? 쉼표로 구분하세요.","ㅈ, ㅓ, ㄶ"
"'놓'의 초성, 중성, 종성(있는 경우)은 무엇인가요? 쉼표로 구분하세요.","ㄴ, ㅗ, ㅎ"
"'떡'의 초성, 중성, 종성(있는 경우)은 무엇인가요? 쉼표로 구분하세요.","ㄸ, ㅓ, ㄱ"
"'뛛'의 초성, 중성, 종성(있는 경우)은 무엇인가요? 쉼표로 구분하세요.","ㄸ, ㅞ, ㄷ"
"'팓'의 초성, 중성, 종성(있는 경우)은 무엇인가요? 쉼표로 구분하세요.","ㅍ, ㅏ, ㄷ"
"'쿠'의 초성, 중성, 종성(있는 경우)은 무엇인가요? 쉼표로 구분하세요.","ㅋ, ㅜ"
"'궃'의 초성, 중성, 종성(있는 경우)은 무엇인가요? 쉼표로 구분하세요.","ㄱ, ㅜ, ㅊ"
"'룳'의 초성, 중성, 종성(있는 경우)은 무엇인가요? 쉼표로 구분하세요.","ㄹ, ㅜ, ㄼ"
"'뿐'의 초성, 중성, 종성(있는 경우)은 무엇인가요? 쉼표로 구분하세요.","ㅃ, ㅜ, ㄴ"
"'랏'의 초성, 중성, 종성(있는 경우)은 무엇인가요? 쉼표로 구분하세요.","ㄹ, ㅏ, ㅅ"
"'쫘'의 초성, 중성, 종성(있는 경우)은 무엇인가요? 쉼표로 구분하세요.","ㅉ, ㅘ"
"'끤'의 초성, 중성, 종성(있는 경우)은 무엇인가요? 쉼표로 구분하세요.","ㄲ, ㅢ, ㄴ"
"'흇'의 초성, 중성, 종성(있는 경우)은 무엇인가요? 쉼표로 구분하세요.","ㅎ, ㅠ, ㅅ"
"'긘'의 초성, 중성, 종성(있는 경우)은 무엇인가요? 쉼표로 구분하세요.","ㄱ, ㅢ, ㄴ"
"'았'의 초성, 중성, 종성(있는 경우)은 무엇인가요? 쉼표로 구분하세요.","ㅇ, ㅏ, ㅆ"
"'뵥'의 초성, 중성, 종성(있는 경우)은 무엇인가요? 쉼표로 구분하세요.","ㅂ, ㅛ, ㄱ"
"'킉'의 초성, 중성, 종성(있는 경우)은 무엇인가요? 쉼표로 구분하세요.","ㅋ, ㅢ, ㄱ"
"'입'의 초성, 중성, 종성(있는 경우)은 무엇인가요? 쉼표로 구분하세요.","ㅇ, ㅣ, ㅂ"
"'찓'의 초성, 중성, 종성(있는 경우)은 무엇인가요? 쉼표로 구분하세요.","ㅉ, ㅣ, ㄷ"
"'팔'의 초성, 중성, 종성(있는 경우)은 무엇인가요? 쉼표로 구분하세요.","ㅍ, ㅏ, ㄹ"
"'릿'의 초성, 중성, 종성(있는 경우)은 무엇인가요? 쉼표로 구분하세요.","ㄹ, ㅣ, ㅅ"
"'툭'의 초성, 중성, 종성(있는 경우)은 무엇인가요? 쉼표로 구분하세요.","ㅌ, ㅜ, ㄱ"
"'고'의 초성, 중성, 종성(있는 경우)은 무엇인가요? 쉼표로 구분하세요.","ㄱ, ㅗ"
"'쎽'의 초성, 중성, 종성(있는 경우)은 무엇인가요? 쉼표로 구분하세요.","ㅆ, ㅖ, ㄱ"
"'픙'의 초성, 중성, 종성(있는 경우)은 무엇인가요? 쉼표로 구분하세요.","ㅍ, ㅡ, ㅇ"
"'찐'의 초성, 중성, 종성(있는 경우)은 무엇인가요? 쉼표로 구분하세요.","ㅉ, ㅣ, ㄴ"
"'뭬'의 초성, 중성, 종성(있는 경우)은 무엇인가요? 쉼표로 구분하세요.","ㅁ, ㅞ"
"'청'의 초성, 중성, 종성(있는 경우)은 무엇인가요? 쉼표로 구분하세요.","ㅊ, ㅓ, ㅇ"
"'펕'의 초성, 중성, 종성(있는 경우)은 무엇인가요? 쉼표로 구분하세요.","ㅍ, ㅓ, ㅌ"
"'붤'의 초성, 중성, 종성(있는 경우)은 무엇인가요? 쉼표로 구분하세요.","ㅂ, ㅝ, ㄹ"
"'푼'의 초성, 중성, 종성(있는 경우)은 무엇인가요? 쉼표로 구분하세요.","ㅍ, ㅜ, ㄴ"
"'뷍'의 초성, 중성, 종성(있는 경우)은 무엇인가요? 쉼표로 구분하세요.","ㅂ, ㅞ, ㅇ"
"'앟'의 초성, 중성, 종성(있는 경우)은 무엇인가요? 쉼표로 구분하세요.","ㅇ, ㅏ, ㅎ"
"'넸'의 초성, 중성, 종성(있는 경우)은 무엇인가요? 쉼표로 구분하세요.","ㄴ, ㅔ, ㅆ"
"'턔'의 초성, 중성, 종성(있는 경우)은 무엇인가요? 쉼표로 구분하세요.","ㅌ, ㅒ"
"'첲'의 초성, 중성, 종성(있는 경우)은 무엇인가요? 쉼표로 구분하세요.","ㅊ, ㅓ, ㅍ"
"'띄'의 초성, 중성, 종성(있는 경우)은 무엇인가요? 쉼표로 구분하세요.","ㄸ, ㅢ"
"'궐'의 초성, 중성, 종성(있는 경우)은 무엇인가요? 쉼표로 구분하세요.","ㄱ, ㅝ, ㄹ"
"'핐'의 초성, 중성, 종성(있는 경우)은 무엇인가요? 쉼표로 구분하세요.","ㅍ, ㅣ, ㅆ"
"'녓'의 초성, 중성, 종성(있는 경우)은 무엇인가요? 쉼표로 구분하세요.","ㄴ, ㅕ, ㅅ"
"'꾕'의 초성, 중성, 종성(있는 경우)은 무엇인가요? 쉼표로 구분하세요.","ㄲ, ㅚ, ㅇ"
"'붿'의 초성, 중성, 종성(있는 경우)은 무엇인가요? 쉼표로 구분하세요.","ㅂ, ㅞ, ㄷ"
"'댕'의 초성, 중성, 종성(있는 경우)은 무엇인가요? 쉼표로 구분하세요.","ㄷ, ㅐ, ㅇ"
"'낸'의 초성, 중성, 종성(있는 경우)은 무엇인가요? 쉼표로 구분하세요.","ㄴ, ㅐ, ㄴ"
"'썡'의 초성, 중성, 종성(있는 경우)은 무엇인가요? 쉼표로 구분하세요.","ㅆ, ㅒ, ㅇ"
"'뎨'의 초성, 중성, 종성(있는 경우)은 무엇인가요? 쉼표로 구분하세요.","ㄷ, ㅖ"
"'펖'의 초성, 중성, 종성(있는 경우)은 무엇인가요? 쉼표로 구분하세요.","ㅍ, ㅓ, ㅍ"
"'릭'의 초성, 중성, 종성(있는 경우)은 무엇인가요? 쉼표로 구분하세요.","ㄹ, ㅣ, ㄱ"
"'룡'의 초성, 중성, 종성(있는 경우)은 무엇인가요? 쉼표로 구분하세요.","ㄹ, ㅛ, ㅇ"
"'침'의 초성, 중성, 종성(있는 경우)은 무엇인가요? 쉼표로 구분하세요.","ㅊ, ㅣ, ㅁ"
"'잿'의 초성, 중성, 종성(있는 경우)은 무엇인가요? 쉼표로 구분하세요.","ㅈ, ㅐ, ㅅ"
"'볾'의 초성, 중성, 종성(있는 경우)은 무엇인가요? 쉼표로 구분하세요.","ㅂ, ㅗ, ㄻ"
"'쒐'의 초성, 중성, 종성(있는 경우)은 무엇인가요? 쉼표로 구분하세요.","ㅆ, ㅝ, ㅁ"
"'텟'의 초성, 중성, 종성(있는 경우)은 무엇인가요? 쉼표로 구분하세요.","ㅌ, ㅔ, ㅅ"
"'잌'의 초성, 중성, 종성(있는 경우)은 무엇인가요? 쉼표로 구분하세요.","ㅇ, ㅣ, ㅋ"
"'켑'의 초성, 중성, 종성(있는 경우)은 무엇인가요? 쉼표로 구분하세요.","ㅋ, ㅔ, ㅂ"
"'븃'의 초성, 중성, 종성(있는 경우)은 무엇인가요? 쉼표로 구분하세요.","ㅂ, ㅠ, ㅅ"
"'턀'의 초성, 중성, 종성(있는 경우)은 무엇인가요? 쉼표로 구분하세요.","ㅌ, ㅑ, ㄹ"
"'깨'의 초성, 중성, 종성(있는 경우)은 무엇인가요? 쉼표로 구분하세요.","ㄲ, ㅐ"
"'얐'의 초성, 중성, 종성(있는 경우)은 무엇인가요? 쉼표로 구분하세요.","ㅇ, ㅑ, ㅆ"
"'녛'의 초성, 중성, 종성(있는 경우)은 무엇인가요? 쉼표로 구분하세요.","ㄴ, ㅕ, ㅎ"
"'쎔'의 초성, 중성, 종성(있는 경우)은 무엇인가요? 쉼표로 구분하세요.","ㅆ, ㅔ, ㅁ"
"'쌛'의 초성, 중성, 종성(있는 경우)은 무엇인가요? 쉼표로 구분하세요.","ㅆ, ㅐ, ㄷ"
"'홥'의 초성, 중성, 종성(있는 경우)은 무엇인가요? 쉼표로 구분하세요.","ㅎ, ㅘ, ㅂ"
"'벨'의 초성, 중성, 종성(있는 경우)은 무엇인가요? 쉼표로 구분하세요.","ㅂ, ㅔ, ㄹ"
"'덩'의 초성, 중성, 종성(있는 경우)은 무엇인가요? 쉼표로 구분하세요.","ㄷ, ㅓ, ㅇ"
"'몀'의 초성, 중성, 종성(있는 경우)은 무엇인가요? 쉼표로 구분하세요.","ㅁ, ㅕ, ㅁ"
"'른'의 초성, 중성, 종성(있는 경우)은 무엇인가요? 쉼표로 구분하세요.","ㄹ, ㅡ, ㄴ"
"'뭑'의 초성, 중성, 종성(있는 경우)은 무엇인가요? 쉼표로 구분하세요.","ㅁ, ㅝ, ㄱ"
"'걵'의 초성, 중성, 종성(있는 경우)은 무엇인가요? 쉼표로 구분하세요.","ㄱ, ㅓ, ㄵ"
"'캠'의 초성, 중성, 종성(있는 경우)은 무엇인가요? 쉼표로 구분하세요.","ㅋ, ㅐ, ㅁ"
"'땎'의 초성, 중성, 종성(있는 경우)은 무엇인가요? 쉼표로 구분하세요.","ㄸ, ㅐ, ㄲ"
"'맭'의 초성, 중성, 종성(있는 경우)은 무엇인가요? 쉼표로 구분하세요.","ㅁ, ㅐ, ㄺ"
"'얟'의 초성, 중성, 종성(있는 경우)은 무엇인가요? 쉼표로 구분하세요.","ㅇ, ㅒ, ㄷ"
"'젱'의 초성, 중성, 종성(있는 경우)은 무엇인가요? 쉼표로 구분하세요.","ㅈ, ㅔ, ㅇ"
"'쉼'의 초성, 중성, 종성(있는 경우)은 무엇인가요? 쉼표로 구분하세요.","ㅅ, ㅟ, ㅁ"
"'넽'의 초성, 중성, 종성(있는 경우)은 무엇인가요? 쉼표로 구분하세요.","ㄴ, ㅔ, ㅌ"
"'듯'의 초성, 중성, 종성(있는 경우)은 무엇인가요? 쉼표로 구분하세요.","ㄷ, ㅡ, ㅅ"
"'밈'의 초성, 중성, 종성(있는 경우)은 무엇인가요? 쉼표로 구분하세요.","ㅁ, ㅣ, ㅁ"
"'쎈'의 초성, 중성, 종성(있는 경우)은 무엇인가요? 쉼표로 구분하세요.","ㅆ, ㅔ, ㄴ"
"'팯'의 초성, 중성, 종성(있는 경우)은 무엇인가요? 쉼표로 구분하세요.","ㅍ, ㅐ, ㄷ"
"'다'의 초성, 중성, 종성(있는 경우)은 무엇인가요? 쉼표로 구분하세요.","ㄷ, ㅏ"
"'덙'의 초성, 중성, 종성(있는 경우)은 무엇인가요? 쉼표로 구분하세요.","ㄷ, ㅓ, ㄵ"
"'촴'의 초성, 중성, 종성(있는 경우)은 무엇인가요? 쉼표로 구분하세요.","ㅊ, ㅘ, ㅁ"
"'좍'의 초성, 중성, 종성(있는 경우)은 무엇인가요? 쉼표로 구분하세요.","ㅈ, ㅘ, ㄱ"
"'곷'의 초성, 중성, 종성(있는 경우)은 무엇인가요? 쉼표로 구분하세요.","ㄱ, ㅗ, ㅊ"
"'슺'의 초성, 중성, 종성(있는 경우)은 무엇인가요? 쉼표로 구분하세요.","ㅅ, ㅡ, ㅈ"
"'냡'의 초성, 중성, 종성(있는 경우)은 무엇인가요? 쉼표로 구분하세요.","ㄴ, ㅑ, ㅂ"
"'션'의 초성, 중성, 종성(있는 경우)은 무엇인가요? 쉼표로 구분하세요.","ㅅ, ㅕ, ㄴ"
"'픐'의 초성, 중성, 종성(있는 경우)은 무엇인가요? 쉼표로 구분하세요.","ㅍ, ㅡ, ㄽ"
"'냈'의 초성, 중성, 종성(있는 경우)은 무엇인가요? 쉼표로 구분하세요.","ㄴ, ㅐ, ㅆ"
"'싥'의 초성, 중성, 종성(있는 경우)은 무엇인가요? 쉼표로 구분하세요.","ㅅ, ㅣ, ㄺ"
"'핡'의 초성, 중성, 종성(있는 경우)은 무엇인가요? 쉼표로 구분하세요.","ㅎ, ㅏ, ㄺ"
"'쒣'의 초성, 중성, 종성(있는 경우)은 무엇인가요? 쉼표로 구분하세요.","ㅆ, ㅞ, ㄷ"
"'큘'의 초성, 중성, 종성(있는 경우)은 무엇인가요? 쉼표로 구분하세요.","ㅋ, ㅠ, ㄹ"
"'툰'의 초성, 중성, 종성(있는 경우)은 무엇인가요? 쉼표로 구분하세요.","ㅌ, ㅜ, ㄴ"
"'쑤'의 초성, 중성, 종성(있는 경우)은 무엇인가요? 쉼표로 구분하세요.","ㅆ, ㅜ"
"'맨'의 초성, 중성, 종성(있는 경우)은 무엇인가요? 쉼표로 구분하세요.","ㅁ, ㅐ, ㄴ"
"'힠'의 초성, 중성, 종성(있는 경우)은 무엇인가요? 쉼표로 구분하세요.","ㅎ, ㅣ, ㅋ"
"'쓕'의 초성, 중성, 종성(있는 경우)은 무엇인가요? 쉼표로 구분하세요.","ㅆ, ㅠ, ㄱ"
"'첫'의 초성, 중성, 종성(있는 경우)은 무엇인가요? 쉼표로 구분하세요.","ㅊ, ㅓ, ㅅ"
"'델'의 초성, 중성, 종성(있는 경우)은 무엇인가요? 쉼표로 구분하세요.","ㄷ, ㅔ, ㄹ"
"'휙'의 초성, 중성, 종성(있는 경우)은 무엇인가요? 쉼표로 구분하세요.","ㅎ, ㅟ, ㄱ"
"'좩'의 초성, 중성, 종성(있는 경우)은 무엇인가요? 쉼표로 구분하세요.","ㅈ, ㅙ, ㄱ"
"'꼅'의 초성, 중성, 종성(있는 경우)은 무엇인가요? 쉼표로 구분하세요.","ㄲ, ㅕ, ㅂ"
"'닰'의 초성, 중성, 종성(있는 경우)은 무엇인가요? 쉼표로 구분하세요.","ㄷ, ㅏ, ㄽ"
"'삺'의 초성, 중성, 종성(있는 경우)은 무엇인가요? 쉼표로 구분하세요.","ㅅ, ㅏ, ㄿ"
"'뎅'의 초성, 중성, 종성(있는 경우)은 무엇인가요? 쉼표로 구분하세요.","ㄷ, ㅔ, ㅇ"
"'켹'의 초성, 중성, 종성(있는 경우)은 무엇인가요? 쉼표로 구분하세요.","ㅋ, ㅖ, ㄱ"
"'믄'의 초성, 중성, 종성(있는 경우)은 무엇인가요? 쉼표로 구분하세요.","ㅁ, ㅡ, ㄴ"
"'릀'의 초성, 중성, 종성(있는 경우)은 무엇인가요? 쉼표로 구분하세요.","ㄹ, ㅡ, ㄽ"
"'쵸'의 초성, 중성, 종성(있는 경우)은 무엇인가요? 쉼표로 구분하세요.","ㅊ, ㅛ"
"'뾥'의 초성, 중성, 종성(있는 경우)은 무엇인가요? 쉼표로 구분하세요.","ㅃ, ㅚ, ㅂ"
"'줆'의 초성, 중성, 종성(있는 경우)은 무엇인가요? 쉼표로 구분하세요.","ㅈ, ㅜ, ㄻ"
"'티'의 초성, 중성, 종성(있는 경우)은 무엇인가요? 쉼표로 구분하세요.","ㅌ, ㅣ"
"'앃'의 초성, 중성, 종성(있는 경우)은 무엇인가요? 쉼표로 구분하세요.","ㅆ, ㅣ, ㅎ"
"'뻬'의 초성, 중성, 종성(있는 경우)은 무엇인가요? 쉼표로 구분하세요.","ㅃ, ㅔ"
"'틸'의 초성, 중성, 종성(있는 경우)은 무엇인가요? 쉼표로 구분하세요.","ㅌ, ㅣ, ㄹ"
"'퀨'의 초성, 중성, 종성(있는 경우)은 무엇인가요? 쉼표로 구분하세요.","ㅋ, ㅞ, ㅁ"
"'푐'의 초성, 중성, 종성(있는 경우)은 무엇인가요? 쉼표로 구분하세요.","ㅍ, ㅚ, ㅁ"
"'쳄'의 초성, 중성, 종성(있는 경우)은 무엇인가요? 쉼표로 구분하세요.","ㅊ, ㅔ, ㅁ"
"'퀩'의 초성, 중성, 종성(있는 경우)은 무엇인가요? 쉼표로 구분하세요.","ㅋ, ㅞ, ㅂ"
"'뭇'의 초성, 중성, 종성(있는 경우)은 무엇인가요? 쉼표로 구분하세요.","ㅁ, ㅜ, ㅅ"
"'섦'의 초성, 중성, 종성(있는 경우)은 무엇인가요? 쉼표로 구분하세요.","ㅅ, ㅓ, ㄻ"
"'롑'의 초성, 중성, 종성(있는 경우)은 무엇인가요? 쉼표로 구분하세요.","ㄹ, ㅖ, ㅂ"
"'갇'의 초성, 중성, 종성(있는 경우)은 무엇인가요? 쉼표로 구분하세요.","ㄱ, ㅏ, ㄷ"
"'멜'의 초성, 중성, 종성(있는 경우)은 무엇인가요? 쉼표로 구분하세요.","ㅁ, ㅔ, ㄹ"
"'퉉'의 초성, 중성, 종성(있는 경우)은 무엇인가요? 쉼표로 구분하세요.","ㅌ, ㅝ, ㄱ"
"'긒'의 초성, 중성, 종성(있는 경우)은 무엇인가요? 쉼표로 구분하세요.","ㄱ, ㅡ, ㅍ"
"'펠'의 초성, 중성, 종성(있는 경우)은 무엇인가요? 쉼표로 구분하세요.","ㅍ, ㅔ, ㄹ"
"'광'의 초성, 중성, 종성(있는 경우)은 무엇인가요? 쉼표로 구분하세요.","ㄱ, ㅘ, ㅇ"
"'뗜'의 초성, 중성, 종성(있는 경우)은 무엇인가요? 쉼표로 구분하세요.","ㄸ, ㅕ, ㄴ"
"'뫔'의 초성, 중성, 종성(있는 경우)은 무엇인가요? 쉼표로 구분하세요.","ㅁ, ㅘ, ㅁ"
"'짯'의 초성, 중성, 종성(있는 경우)은 무엇인가요? 쉼표로 구분하세요.","ㅉ, ㅏ, ㅅ"
"'등'의 초성, 중성, 종성(있는 경우)은 무엇인가요? 쉼표로 구분하세요.","ㄷ, ㅡ, ㅇ"
"'듕'의 초성, 중성, 종성(있는 경우)은 무엇인가요? 쉼표로 구분하세요.","ㄷ, ㅠ, ㅇ"
"'땔'의 초성, 중성, 종성(있는 경우)은 무엇인가요? 쉼표로 구분하세요.","ㄸ, ㅐ, ㄹ"
"'쐘'의 초성, 중성, 종성(있는 경우)은 무엇인가요? 쉼표로 구분하세요.","ㅆ, ㅙ, ㄹ"
"'툽'의 초성, 중성, 종성(있는 경우)은 무엇인가요? 쉼표로 구분하세요.","ㅌ, ㅜ, ㅂ"
"'씜'의 초성, 중성, 종성(있는 경우)은 무엇인가요? 쉼표로 구분하세요.","ㅆ, ㅢ, ㅁ"
"'쏙'의 초성, 중성, 종성(있는 경우)은 무엇인가요? 쉼표로 구분하세요.","ㅆ, ㅗ, ㄱ"
"'돕'의 초성, 중성, 종성(있는 경우)은 무엇인가요? 쉼표로 구분하세요.","ㄷ, ㅗ, ㅂ"
"'돨'의 초성, 중성, 종성(있는 경우)은 무엇인가요? 쉼표로 구분하세요.","ㄷ, ㅘ, ㄹ"
"'쿵'의 초성, 중성, 종성(있는 경우)은 무엇인가요? 쉼표로 구분하세요.","ㅋ, ㅜ, ㅇ"
"'뗙'의 초성, 중성, 종성(있는 경우)은 무엇인가요? 쉼표로 구분하세요.","ㄸ, ㅕ, ㄱ"
"'휃'의 초성, 중성, 종성(있는 경우)은 무엇인가요? 쉼표로 구분하세요.","ㅎ, ㅞ, ㄷ"
"'첑'의 초성, 중성, 종성(있는 경우)은 무엇인가요? 쉼표로 구분하세요.","ㅊ, ㅒ, ㅇ"
"'잀'의 초성, 중성, 종성(있는 경우)은 무엇인가요? 쉼표로 구분하세요.","ㅇ, ㅣ, ㄽ"
"'됙'의 초성, 중성, 종성(있는 경우)은 무엇인가요? 쉼표로 구분하세요.","ㄷ, ㅚ, ㄱ"
"'먁'의 초성, 중성, 종성(있는 경우)은 무엇인가요? 쉼표로 구분하세요.","ㅁ, ㅑ, ㄱ"
"'력'의 초성, 중성, 종성(있는 경우)은 무엇인가요? 쉼표로 구분하세요.","ㄹ, ㅕ, ㄱ"
"'뜔'의 초성, 중성, 종성(있는 경우)은 무엇인가요? 쉼표로 구분하세요.","ㄸ, ㅠ, ㄹ"
"'믝'의 초성, 중성, 종성(있는 경우)은 무엇인가요? 쉼표로 구분하세요.","ㅁ, ㅢ, ㄱ"
"'횟'의 초성, 중성, 종성(있는 경우)은 무엇인가요? 쉼표로 구분하세요.","ㅎ, ㅚ, ㅅ"
"'깊'의 초성, 중성, 종성(있는 경우)은 무엇인가요? 쉼표로 구분하세요.","ㄱ, ㅣ, ㅍ"
"'쐄'의 초성, 중성, 종성(있는 경우)은 무엇인가요? 쉼표로 구분하세요.","ㅆ, ㅘ, ㅁ"
"'낮'의 초성, 중성, 종성(있는 경우)은 무엇인가요? 쉼표로 구분하세요.","ㄴ, ㅏ, ㅈ"
"'귓'의 초성, 중성, 종성(있는 경우)은 무엇인가요? 쉼표로 구분하세요.","ㄱ, ㅟ, ㅅ"
"'얹'의 초성, 중성, 종성(있는 경우)은 무엇인가요? 쉼표로 구분하세요.","ㅇ, ㅓ, ㄵ"
"'숤'의 초성, 중성, 종성(있는 경우)은 무엇인가요? 쉼표로 구분하세요.","ㅅ, ㅜ, ㄽ"
"'쓺'의 초성, 중성, 종성(있는 경우)은 무엇인가요? 쉼표로 구분하세요.","ㅆ, ㅡ, ㄻ"
"'임'의 초성, 중성, 종성(있는 경우)은 무엇인가요? 쉼표로 구분하세요.","ㅇ, ㅣ, ㅁ"
"'쯈'의 초성, 중성, 종성(있는 경우)은 무엇인가요? 쉼표로 구분하세요.","ㅉ, ㅠ, ㅁ"
"'싢'의 초성, 중성, 종성(있는 경우)은 무엇인가요? 쉼표로 구분하세요.","ㅅ, ㅣ, ㄶ"
"'풰'의 초성, 중성, 종성(있는 경우)은 무엇인가요? 쉼표로 구분하세요.","ㅍ, ㅞ"
"'뽇'의 초성, 중성, 종성(있는 경우)은 무엇인가요? 쉼표로 구분하세요.","ㅃ, ㅗ, ㄷ"
"'빪'의 초성, 중성, 종성(있는 경우)은 무엇인가요? 쉼표로 구분하세요.","ㅃ, ㅏ, ㄻ"
"'떳'의 초성, 중성, 종성(있는 경우)은 무엇인가요? 쉼표로 구분하세요.","ㄸ, ㅓ, ㅅ"
"'솼'의 초성, 중성, 종성(있는 경우)은 무엇인가요? 쉼표로 구분하세요.","ㅅ, ㅘ, ㅆ"
"'뻿'의 초성, 중성, 종성(있는 경우)은 무엇인가요? 쉼표로 구분하세요.","ㅃ, ㅔ, ㅅ"
"'쎵'의 초성, 중성, 종성(있는 경우)은 무엇인가요? 쉼표로 구분하세요.","ㅆ, ㅕ, ㅇ"
"'쌸'의 초성, 중성, 종성(있는 경우)은 무엇인가요? 쉼표로 구분하세요.","ㅆ, ㅑ, ㄹ"
"'종'의 초성, 중성, 종성(있는 경우)은 무엇인가요? 쉼표로 구분하세요.","ㅈ, ㅗ, ㅇ"
"'련'의 초성, 중성, 종성(있는 경우)은 무엇인가요? 쉼표로 구분하세요.","ㄹ, ㅕ, ㄴ"
"'넘'의 초성, 중성, 종성(있는 경우)은 무엇인가요? 쉼표로 구분하세요.","ㄴ, ㅓ, ㅁ"
"'톳'의 초성, 중성, 종성(있는 경우)은 무엇인가요? 쉼표로 구분하세요.","ㅌ, ㅗ, ㅅ"
"'뵙'의 초성, 중성, 종성(있는 경우)은 무엇인가요? 쉼표로 구분하세요.","ㅂ, ㅚ, ㅂ"
"'뇰'의 초성, 중성, 종성(있는 경우)은 무엇인가요? 쉼표로 구분하세요.","ㄴ, ㅛ, ㄹ"
"'븝'의 초성, 중성, 종성(있는 경우)은 무엇인가요? 쉼표로 구분하세요.","ㅂ, ㅡ, ㅂ"
"'뇠'의 초성, 중성, 종성(있는 경우)은 무엇인가요? 쉼표로 구분하세요.","ㄴ, ㅚ, ㅆ"
"'늽'의 초성, 중성, 종성(있는 경우)은 무엇인가요? 쉼표로 구분하세요.","ㄴ, ㅢ, ㅂ"
"'윝'의 초성, 중성, 종성(있는 경우)은 무엇인가요? 쉼표로 구분하세요.","ㅇ, ㅟ, ㅌ"
"'노'의 초성, 중성, 종성(있는 경우)은 무엇인가요? 쉼표로 구분하세요.","ㄴ, ㅗ"
"'겊'의 초성, 중성, 종성(있는 경우)은 무엇인가요? 쉼표로 구분하세요.","ㄱ, ㅓ, ㅍ"
"'귈'의 초성, 중성, 종성(있는 경우)은 무엇인가요? 쉼표로 구분하세요.","ㄱ, ㅟ, ㄹ"
"'묽'의 초성, 중성, 종성(있는 경우)은 무엇인가요? 쉼표로 구분하세요.","ㅁ, ㅜ, ㄺ"
"'웇'의 초성, 중성, 종성(있는 경우)은 무엇인가요? 쉼표로 구분하세요.","ㅇ, ㅜ, ㅊ"
"'서'의 초성, 중성, 종성(있는 경우)은 무엇인가요? 쉼표로 구분하세요.","ㅅ, ㅓ"
"'돵'의 초성, 중성, 종성(있는 경우)은 무엇인가요? 쉼표로 구분하세요.","ㄷ, ㅘ, ㅇ"
"'뀬'의 초성, 중성, 종성(있는 경우)은 무엇인가요? 쉼표로 구분하세요.","ㄲ, ㅠ, ㄴ"
"'꼳'의 초성, 중성, 종성(있는 경우)은 무엇인가요? 쉼표로 구분하세요.","ㄲ, ㅗ, ㄷ"
"'뙇'의 초성, 중성, 종성(있는 경우)은 무엇인가요? 쉼표로 구분하세요.","ㄸ, ㅘ, ㅎ"
"'빕'의 초성, 중성, 종성(있는 경우)은 무엇인가요? 쉼표로 구분하세요.","ㅂ, ㅣ, ㅂ"
"'폘'의 초성, 중성, 종성(있는 경우)은 무엇인가요? 쉼표로 구분하세요.","ㅍ, ㅖ, ㄹ"
"'언'의 초성, 중성, 종성(있는 경우)은 무엇인가요? 쉼표로 구분하세요.","ㅇ, ㅓ, ㄴ"
"'틱'의 초성, 중성, 종성(있는 경우)은 무엇인가요? 쉼표로 구분하세요.","ㅌ, ㅣ, ㄱ"
"'씰'의 초성, 중성, 종성(있는 경우)은 무엇인가요? 쉼표로 구분하세요.","ㅆ, ㅣ, ㄹ"
"'깪'의 초성, 중성, 종성(있는 경우)은 무엇인가요? 쉼표로 구분하세요.","ㄲ, ㅐ, ㄲ"
"'걘'의 초성, 중성, 종성(있는 경우)은 무엇인가요? 쉼표로 구분하세요.","ㄱ, ㅒ, ㄴ"
"'루'의 초성, 중성, 종성(있는 경우)은 무엇인가요? 쉼표로 구분하세요.","ㄹ, ㅜ"
"'퍠'의 초성, 중성, 종성(있는 경우)은 무엇인가요? 쉼표로 구분하세요.","ㅍ, ㅒ"
"'뮬'의 초성, 중성, 종성(있는 경우)은 무엇인가요? 쉼표로 구분하세요.","ㅁ, ㅠ, ㄹ"
"'뛌'의 초성, 중성, 종성(있는 경우)은 무엇인가요? 쉼표로 구분하세요.","ㄸ, ㅝ, ㅆ"
"'휄'의 초성, 중성, 종성(있는 경우)은 무엇인가요? 쉼표로 구분하세요.","ㅎ, ㅞ, ㄹ"
"'퀠'의 초성, 중성, 종성(있는 경우)은 무엇인가요? 쉼표로 구분하세요.","ㅋ, ㅞ, ㄹ"
"'놀'의 초성, 중성, 종성(있는 경우)은 무엇인가요? 쉼표로 구분하세요.","ㄴ, ㅗ, ㄹ"
"'긄'의 초성, 중성, 종성(있는 경우)은 무엇인가요? 쉼표로 구분하세요.","ㄱ, ㅡ, ㄽ"
"'탸'의 초성, 중성, 종성(있는 경우)은 무엇인가요? 쉼표로 구분하세요.","ㅌ, ㅑ"
"'립'의 초성, 중성, 종성(있는 경우)은 무엇인가요? 쉼표로 구분하세요.","ㄹ, ㅣ, ㅂ"
"'사'의 초성, 중성, 종성(있는 경우)은 무엇인가요? 쉼표로 구분하세요.","ㅅ, ㅏ"
"'잖'의 초성, 중성, 종성(있는 경우)은 무엇인가요? 쉼표로 구분하세요.","ㅈ, ㅏ, ㄶ"
"'맞'의 초성, 중성, 종성(있는 경우)은 무엇인가요? 쉼표로 구분하세요.","ㅁ, ㅏ, ㅈ"
"'옙'의 초성, 중성, 종성(있는 경우)은 무엇인가요? 쉼표로 구분하세요.","ㅇ, ㅖ, ㅂ"
"'굈'의 초성, 중성, 종성(있는 경우)은 무엇인가요? 쉼표로 구분하세요.","ㄱ, ㅚ, ㅆ"
"'긑'의 초성, 중성, 종성(있는 경우)은 무엇인가요? 쉼표로 구분하세요.","ㄱ, ㅡ, ㅌ"
"'뚜'의 초성, 중성, 종성(있는 경우)은 무엇인가요? 쉼표로 구분하세요.","ㄸ, ㅜ"
"'밷'의 초성, 중성, 종성(있는 경우)은 무엇인가요? 쉼표로 구분하세요.","ㅂ, ㅐ, ㄷ"
"'훍'의 초성, 중성, 종성(있는 경우)은 무엇인가요? 쉼표로 구분하세요.","ㅎ, ㅜ, ㄺ"
"'둙'의 초성, 중성, 종성(있는 경우)은 무엇인가요? 쉼표로 구분하세요.","ㄷ, ㅜ, ㄺ"
"'령'의 초성, 중성, 종성(있는 경우)은 무엇인가요? 쉼표로 구분하세요.","ㄹ, ㅕ, ㅇ"
"'낱'의 초성, 중성, 종성(있는 경우)은 무엇인가요? 쉼표로 구분하세요.","ㄴ, ㅏ, ㅌ"
"'뚦'의 초성, 중성, 종성(있는 경우)은 무엇인가요? 쉼표로 구분하세요.","ㄸ, ㅜ, ㄻ"
"'꽫'의 초성, 중성, 종성(있는 경우)은 무엇인가요? 쉼표로 구분하세요.","ㄲ, ㅙ, ㄷ"
"'밎'의 초성, 중성, 종성(있는 경우)은 무엇인가요? 쉼표로 구분하세요.","ㅁ, ㅣ, ㅈ"
"'쨭'의 초성, 중성, 종성(있는 경우)은 무엇인가요? 쉼표로 구분하세요.","ㅉ, ㅑ, ㅌ"
"'윰'의 초성, 중성, 종성(있는 경우)은 무엇인가요? 쉼표로 구분하세요.","ㅇ, ㅠ, ㅁ"
"'뇬'의 초성, 중성, 종성(있는 경우)은 무엇인가요? 쉼표로 구분하세요.","ㄴ, ㅛ, ㄴ"
"'텔'의 초성, 중성, 종성(있는 경우)은 무엇인가요? 쉼표로 구분하세요.","ㅌ, ㅔ, ㄹ"
"'녙'의 초성, 중성, 종성(있는 경우)은 무엇인가요? 쉼표로 구분하세요.","ㄴ, ㅕ, ㅌ"
"'쐑'의 초성, 중성, 종성(있는 경우)은 무엇인가요? 쉼표로 구분하세요.","ㅆ, ㅙ, ㄱ"
"'륌'의 초성, 중성, 종성(있는 경우)은 무엇인가요? 쉼표로 구분하세요.","ㄹ, ㅟ, ㅁ"
"'뵐'의 초성, 중성, 종성(있는 경우)은 무엇인가요? 쉼표로 구분하세요.","ㅂ, ㅚ, ㄹ"
"'팑'의 초성, 중성, 종성(있는 경우)은 무엇인가요? 쉼표로 구분하세요.","ㅍ, ㅏ, ㄵ"
"'붛'의 초성, 중성, 종성(있는 경우)은 무엇인가요? 쉼표로 구분하세요.","ㅂ, ㅜ, ㅎ"
"'뚸'의 초성, 중성, 종성(있는 경우)은 무엇인가요? 쉼표로 구분하세요.","ㄸ, ㅝ"
"'컵'의 초성, 중성, 종성(있는 경우)은 무엇인가요? 쉼표로 구분하세요.","ㅋ, ㅓ, ㅂ"
"'먀'의 초성, 중성, 종성(있는 경우)은 무엇인가요? 쉼표로 구분하세요.","ㅁ, ㅑ"
"'뚿'의 초성, 중성, 종성(있는 경우)은 무엇인가요? 쉼표로 구분하세요.","ㄸ, ㅝ, ㄷ"
"'덦'의 초성, 중성, 종성(있는 경우)은 무엇인가요? 쉼표로 구분하세요.","ㄷ, ㅓ, ㅄ"
"'싁'의 초성, 중성, 종성(있는 경우)은 무엇인가요? 쉼표로 구분하세요.","ㅅ, ㅢ, ㄱ"
"'빛'의 초성, 중성, 종성(있는 경우)은 무엇인가요? 쉼표로 구분하세요.","ㅂ, ㅣ, ㅊ"
"'닏'의 초성, 중성, 종성(있는 경우)은 무엇인가요? 쉼표로 구분하세요.","ㄴ, ㅣ, ㄷ"
"'앚'의 초성, 중성, 종성(있는 경우)은 무엇인가요? 쉼표로 구분하세요.","ㅇ, ㅏ, ㅈ"
"'펻'의 초성, 중성, 종성(있는 경우)은 무엇인가요? 쉼표로 구분하세요.","ㅍ, ㅕ, ㄷ"
"'낻'의 초성, 중성, 종성(있는 경우)은 무엇인가요? 쉼표로 구분하세요.","ㄴ, ㅐ, ㄷ"
"'얃'의 초성, 중성, 종성(있는 경우)은 무엇인가요? 쉼표로 구분하세요.","ㅇ, ㅑ, ㄷ"
"'샋'의 초성, 중성, 종성(있는 경우)은 무엇인가요? 쉼표로 구분하세요.","ㅅ, ㅐ, ㄳ"
"'묃'의 초성, 중성, 종성(있는 경우)은 무엇인가요? 쉼표로 구분하세요.","ㅁ, ㅚ, ㄷ"
"'픰'의 초성, 중성, 종성(있는 경우)은 무엇인가요? 쉼표로 구분하세요.","ㅍ, ㅢ, ㅁ"
"'쯀'의 초성, 중성, 종성(있는 경우)은 무엇인가요? 쉼표로 구분하세요.","ㅉ, ㅠ, ㄹ"
"'껍'의 초성, 중성, 종성(있는 경우)은 무엇인가요? 쉼표로 구분하세요.","ㄲ, ㅓ, ㅂ"
"'줗'의 초성, 중성, 종성(있는 경우)은 무엇인가요? 쉼표로 구분하세요.","ㅈ, ㅜ, ㅎ"
"'됟'의 초성, 중성, 종성(있는 경우)은 무엇인가요? 쉼표로 구분하세요.","ㄷ, ㅚ, ㄷ"
"'삑'의 초성, 중성, 종성(있는 경우)은 무엇인가요? 쉼표로 구분하세요.","ㅃ, ㅣ, ㄱ"
"'횔'의 초성, 중성, 종성(있는 경우)은 무엇인가요? 쉼표로 구분하세요.","ㅎ, ㅚ, ㄹ"
"'퀫'의 초성, 중성, 종성(있는 경우)은 무엇인가요? 쉼표로 구분하세요.","ㅋ, ㅞ, ㅅ"
"'븨'의 초성, 중성, 종성(있는 경우)은 무엇인가요? 쉼표로 구분하세요.","ㅂ, ㅢ"
"'곮'의 초성, 중성, 종성(있는 경우)은 무엇인가요? 쉼표로 구분하세요.","ㄱ, ㅗ, ㄿ"
"'젹'의 초성, 중성, 종성(있는 경우)은 무엇인가요? 쉼표로 구분하세요.","ㅈ, ㅕ, ㄱ"
"'쒼'의 초성, 중성, 종성(있는 경우)은 무엇인가요? 쉼표로 구분하세요.","ㅆ, ㅟ, ㄴ"
"'럔'의 초성, 중성, 종성(있는 경우)은 무엇인가요? 쉼표로 구분하세요.","ㄹ, ㅒ, ㄴ"
"'옇'의 초성, 중성, 종성(있는 경우)은 무엇인가요? 쉼표로 구분하세요.","ㅇ, ㅕ, ㅎ"
"'꼈'의 초성, 중성, 종성(있는 경우)은 무엇인가요? 쉼표로 구분하세요.","ㄲ, ㅕ, ㅆ"
"'솃'의 초성, 중성, 종성(있는 경우)은 무엇인가요? 쉼표로 구분하세요.","ㅅ, ㅖ, ㅅ"
"'텓'의 초성, 중성, 종성(있는 경우)은 무엇인가요? 쉼표로 구분하세요.","ㅌ, ㅔ, ㄷ"
"'뜍'의 초성, 중성, 종성(있는 경우)은 무엇인가요? 쉼표로 구분하세요.","ㄸ, ㅠ, ㄱ"
"'륽'의 초성, 중성, 종성(있는 경우)은 무엇인가요? 쉼표로 구분하세요.","ㄹ, ㅡ, ㄺ"
"'디'의 초성, 중성, 종성(있는 경우)은 무엇인가요? 쉼표로 구분하세요.","ㄷ, ㅣ"
"'뇻'의 초성, 중성, 종성(있는 경우)은 무엇인가요? 쉼표로 구분하세요.","ㄴ, ㅛ, ㅅ"
"'쪵'의 초성, 중성, 종성(있는 경우)은 무엇인가요? 쉼표로 구분하세요.","ㅉ, ㅖ, ㅇ"
"'쫼'의 초성, 중성, 종성(있는 경우)은 무엇인가요? 쉼표로 구분하세요.","ㅉ, ㅙ, ㄹ"
"'접'의 초성, 중성, 종성(있는 경우)은 무엇인가요? 쉼표로 구분하세요.","ㅈ, ㅓ, ㅂ"
