base_letter,variant,variant_name
a,⍺,APL FUNCTIONAL SYMBOL ALPHA
a,ａ,FULLWIDTH LATIN SMALL LETTER A
a,𝐚,MATHEMATICAL BOLD SMALL A
a,𝑎,MATHEMATICAL ITALIC SMALL A
a,𝒂,MATHEMATICAL BOLD ITALIC SMALL A
a,𝒶,MATHEMATICAL SCRIPT SMALL A
a,𝓪,MATHEMATICAL BOLD SCRIPT SMALL A
a,𝔞,MATHEMATICAL FRAKTUR SMALL A
a,𝕒,MATHEMATICAL DOUBLE-STRUCK SMALL A
a,𝖆,MATHEMATICAL BOLD FRAKTUR SMALL A
a,𝖺,MATHEMATICAL SANS-SERIF SMALL A
a,𝗮,MATHEMATICAL SANS-SERIF BOLD SMALL A
a,𝘢,MATHEMATICAL SANS-SERIF ITALIC SMALL A
a,𝙖,MATHEMATICAL SANS-SERIF BOLD ITALIC SMALL A
a,𝚊,MATHEMATICAL MONOSPACE SMALL A
a,ɑ,LATIN SMALL LETTER ALPHA
a,α,GREEK SMALL LETTER ALPHA
a,𝛂,MATHEMATICAL BOLD SMALL ALPHA
a,𝛼,MATHEMATICAL ITALIC SMALL ALPHA
a,𝜶,MATHEMATICAL BOLD ITALIC SMALL ALPHA
a,𝝰,MATHEMATICAL SANS-SERIF BOLD SMALL ALPHA
a,𝞪,MATHEMATICAL SANS-SERIF BOLD ITALIC SMALL ALPHA
a,а,CYRILLIC SMALL LETTER A
A,Ａ,FULLWIDTH LATIN CAPITAL LETTER A
A,𝐀,MATHEMATICAL BOLD CAPITAL A
A,𝐴,MATHEMATICAL ITALIC CAPITAL A
A,𝑨,MATHEMATICAL BOLD ITALIC CAPITAL A
A,𝒜,MATHEMATICAL SCRIPT CAPITAL A
A,𝓐,MATHEMATICAL BOLD SCRIPT CAPITAL A
A,𝔸,MATHEMATICAL DOUBLE-STRUCK CAPITAL A
A,𝖠,MATHEMATICAL SANS-SERIF CAPITAL A
A,𝗔,MATHEMATICAL SANS-SERIF BOLD CAPITAL A
A,𝘈,MATHEMATICAL SANS-SERIF ITALIC CAPITAL A
A,𝘼,MATHEMATICAL SANS-SERIF BOLD ITALIC CAPITAL A
A,𝙰,MATHEMATICAL MONOSPACE CAPITAL A
A,Α,GREEK CAPITAL LETTER ALPHA
A,𝚨,MATHEMATICAL BOLD CAPITAL ALPHA
A,𝛢,MATHEMATICAL ITALIC CAPITAL ALPHA
A,𝜜,MATHEMATICAL BOLD ITALIC CAPITAL ALPHA
A,𝝖,MATHEMATICAL SANS-SERIF BOLD CAPITAL ALPHA
A,𝞐,MATHEMATICAL SANS-SERIF BOLD ITALIC CAPITAL ALPHA
A,А,CYRILLIC CAPITAL LETTER A
A,Ꭺ,CHEROKEE LETTER GO
A,ᗅ,CANADIAN SYLLABICS CARRIER GHO
A,ꓮ,LISU LETTER A
A,𖽀,MIAO LETTER ZZYA
A,𐊠,CARIAN LETTER A
b,𝐛,MATHEMATICAL BOLD SMALL B
b,𝑏,MATHEMATICAL ITALIC SMALL B
b,𝒃,MATHEMATICAL BOLD ITALIC SMALL B
b,𝒷,MATHEMATICAL SCRIPT SMALL B
b,𝓫,MATHEMATICAL BOLD SCRIPT SMALL B
b,𝔟,MATHEMATICAL FRAKTUR SMALL B
b,𝕓,MATHEMATICAL DOUBLE-STRUCK SMALL B
b,𝖇,MATHEMATICAL BOLD FRAKTUR SMALL B
b,𝖻,MATHEMATICAL SANS-SERIF SMALL B
b,𝗯,MATHEMATICAL SANS-SERIF BOLD SMALL B
b,𝘣,MATHEMATICAL SANS-SERIF ITALIC SMALL B
b,𝙗,MATHEMATICAL SANS-SERIF BOLD ITALIC SMALL B
b,𝚋,MATHEMATICAL MONOSPACE SMALL B
b,Ƅ,LATIN CAPITAL LETTER TONE SIX
b,Ь,CYRILLIC CAPITAL LETTER SOFT SIGN
b,Ꮟ,CHEROKEE LETTER SI
b,ᑲ,CANADIAN SYLLABICS KA
b,ᖯ,CANADIAN SYLLABICS AIVILIK B
B,Ｂ,FULLWIDTH LATIN CAPITAL LETTER B
B,ℬ,SCRIPT CAPITAL B
B,𝐁,MATHEMATICAL BOLD CAPITAL B
B,𝐵,MATHEMATICAL ITALIC CAPITAL B
B,𝑩,MATHEMATICAL BOLD ITALIC CAPITAL B
B,𝓑,MATHEMATICAL BOLD SCRIPT CAPITAL B
B,𝔹,MATHEMATICAL DOUBLE-STRUCK CAPITAL B
B,𝖡,MATHEMATICAL SANS-SERIF CAPITAL B
B,𝗕,MATHEMATICAL SANS-SERIF BOLD CAPITAL B
B,𝘉,MATHEMATICAL SANS-SERIF ITALIC CAPITAL B
B,𝘽,MATHEMATICAL SANS-SERIF BOLD ITALIC CAPITAL B
B,𝙱,MATHEMATICAL MONOSPACE CAPITAL B
B,Ꞵ,LATIN CAPITAL LETTER BETA
B,Β,GREEK CAPITAL LETTER BETA
B,𝚩,MATHEMATICAL BOLD CAPITAL BETA
B,𝛣,MATHEMATICAL ITALIC CAPITAL BETA
B,𝜝,MATHEMATICAL BOLD ITALIC CAPITAL BETA
B,𝝗,MATHEMATICAL SANS-SERIF BOLD CAPITAL BETA
B,𝞑,MATHEMATICAL SANS-SERIF BOLD ITALIC CAPITAL BETA
B,В,CYRILLIC CAPITAL LETTER VE
B,Ᏼ,CHEROKEE LETTER YV
B,ᗷ,CANADIAN SYLLABICS CARRIER KHE
B,ꓐ,LISU LETTER BA
B,𐊂,LYCIAN LETTER B
B,𐊡,CARIAN LETTER P2
B,𐌁,OLD ITALIC LETTER BE
c,ｃ,FULLWIDTH LATIN SMALL LETTER C
c,ⅽ,SMALL ROMAN NUMERAL ONE HUNDRED
c,𝐜,MATHEMATICAL BOLD SMALL C
c,𝑐,MATHEMATICAL ITALIC SMALL C
c,𝒄,MATHEMATICAL BOLD ITALIC SMALL C
c,𝒸,MATHEMATICAL SCRIPT SMALL C
c,𝓬,MATHEMATICAL BOLD SCRIPT SMALL C
c,𝔠,MATHEMATICAL FRAKTUR SMALL C
c,𝕔,MATHEMATICAL DOUBLE-STRUCK SMALL C
c,𝖈,MATHEMATICAL BOLD FRAKTUR SMALL C
c,𝖼,MATHEMATICAL SANS-SERIF SMALL C
c,𝗰,MATHEMATICAL SANS-SERIF BOLD SMALL C
c,𝘤,MATHEMATICAL SANS-SERIF ITALIC SMALL C
c,𝙘,MATHEMATICAL SANS-SERIF BOLD ITALIC SMALL C
c,𝚌,MATHEMATICAL MONOSPACE SMALL C
c,ᴄ,LATIN LETTER SMALL CAPITAL C
c,ϲ,GREEK LUNATE SIGMA SYMBOL
c,ⲥ,COPTIC SMALL LETTER SIMA
c,с,CYRILLIC SMALL LETTER ES
c,ꮯ,CHEROKEE SMALL LETTER TLI
c,𐐽,DESERET SMALL LETTER CHEE
C,🝌,ALCHEMICAL SYMBOL FOR CALX
C,𑣲,WARANG CITI NUMBER NINETY
C,𑣩,WARANG CITI DIGIT NINE
C,Ｃ,FULLWIDTH LATIN CAPITAL LETTER C
C,Ⅽ,ROMAN NUMERAL ONE HUNDRED
C,ℂ,DOUBLE-STRUCK CAPITAL C
C,𝐂,MATHEMATICAL BOLD CAPITAL C
C,𝐶,MATHEMATICAL ITALIC CAPITAL C
C,𝑪,MATHEMATICAL BOLD ITALIC CAPITAL C
C,𝒞,MATHEMATICAL SCRIPT CAPITAL C
C,𝓒,MATHEMATICAL BOLD SCRIPT CAPITAL C
C,𝖢,MATHEMATICAL SANS-SERIF CAPITAL C
C,𝗖,MATHEMATICAL SANS-SERIF BOLD CAPITAL C
C,𝘊,MATHEMATICAL SANS-SERIF ITALIC CAPITAL C
C,𝘾,MATHEMATICAL SANS-SERIF BOLD ITALIC CAPITAL C
C,𝙲,MATHEMATICAL MONOSPACE CAPITAL C
C,Ϲ,GREEK CAPITAL LUNATE SIGMA SYMBOL
C,Ⲥ,COPTIC CAPITAL LETTER SIMA
C,С,CYRILLIC CAPITAL LETTER ES
C,Ꮯ,CHEROKEE LETTER TLI
C,ꓚ,LISU LETTER CA
C,𐊢,CARIAN LETTER D
C,𐌂,OLD ITALIC LETTER KE
C,𐐕,DESERET CAPITAL LETTER CHEE
C,𐔜,ELBASAN LETTER SHE
d,ⅾ,SMALL ROMAN NUMERAL FIVE HUNDRED
d,ⅆ,DOUBLE-STRUCK ITALIC SMALL D
d,𝐝,MATHEMATICAL BOLD SMALL D
d,𝑑,MATHEMATICAL ITALIC SMALL D
d,𝒅,MATHEMATICAL BOLD ITALIC SMALL D
d,𝒹,MATHEMATICAL SCRIPT SMALL D
d,𝓭,MATHEMATICAL BOLD SCRIPT SMALL D
d,𝔡,MATHEMATICAL FRAKTUR SMALL D
d,𝕕,MATHEMATICAL DOUBLE-STRUCK SMALL D
d,𝖉,MATHEMATICAL BOLD FRAKTUR SMALL D
d,𝖽,MATHEMATICAL SANS-SERIF SMALL D
d,𝗱,MATHEMATICAL SANS-SERIF BOLD SMALL D
d,𝘥,MATHEMATICAL SANS-SERIF ITALIC SMALL D
d,𝙙,MATHEMATICAL SANS-SERIF BOLD ITALIC SMALL D
d,𝚍,MATHEMATICAL MONOSPACE SMALL D
d,ԁ,CYRILLIC SMALL LETTER KOMI DE
d,Ꮷ,CHEROKEE LETTER TSU
d,ᑯ,CANADIAN SYLLABICS KO
d,ꓒ,LISU LETTER PHA
D,Ⅾ,ROMAN NUMERAL FIVE HUNDRED
D,ⅅ,DOUBLE-STRUCK ITALIC CAPITAL D
D,𝐃,MATHEMATICAL BOLD CAPITAL D
D,𝐷,MATHEMATICAL ITALIC CAPITAL D
D,𝑫,MATHEMATICAL BOLD ITALIC CAPITAL D
D,𝒟,MATHEMATICAL SCRIPT CAPITAL D
D,𝓓,MATHEMATICAL BOLD SCRIPT CAPITAL D
D,𝔻,MATHEMATICAL DOUBLE-STRUCK CAPITAL D
D,𝖣,MATHEMATICAL SANS-SERIF CAPITAL D
D,𝗗,MATHEMATICAL SANS-SERIF BOLD CAPITAL D
D,𝘋,MATHEMATICAL SANS-SERIF ITALIC CAPITAL D
D,𝘿,MATHEMATICAL SANS-SERIF BOLD ITALIC CAPITAL D
D,𝙳,MATHEMATICAL MONOSPACE CAPITAL D
D,Ꭰ,CHEROKEE LETTER A
D,ᗞ,CANADIAN SYLLABICS CARRIER THE
D,ᗪ,CANADIAN SYLLABICS CARRIER PE
D,ꓓ,LISU LETTER DA
e,℮,ESTIMATED SYMBOL
e,ｅ,FULLWIDTH LATIN SMALL LETTER E
e,ℯ,SCRIPT SMALL E
e,ⅇ,DOUBLE-STRUCK ITALIC SMALL E
e,𝐞,MATHEMATICAL BOLD SMALL E
e,𝑒,MATHEMATICAL ITALIC SMALL E
e,𝒆,MATHEMATICAL BOLD ITALIC SMALL E
e,𝓮,MATHEMATICAL BOLD SCRIPT SMALL E
e,𝔢,MATHEMATICAL FRAKTUR SMALL E
e,𝕖,MATHEMATICAL DOUBLE-STRUCK SMALL E
e,𝖊,MATHEMATICAL BOLD FRAKTUR SMALL E
e,𝖾,MATHEMATICAL SANS-SERIF SMALL E
e,𝗲,MATHEMATICAL SANS-SERIF BOLD SMALL E
e,𝘦,MATHEMATICAL SANS-SERIF ITALIC SMALL E
e,𝙚,MATHEMATICAL SANS-SERIF BOLD ITALIC SMALL E
e,𝚎,MATHEMATICAL MONOSPACE SMALL E
e,ꬲ,LATIN SMALL LETTER BLACKLETTER E
e,е,CYRILLIC SMALL LETTER IE
e,ҽ,CYRILLIC SMALL LETTER ABKHASIAN CHE
E,⋿,Z NOTATION BAG MEMBERSHIP
E,Ｅ,FULLWIDTH LATIN CAPITAL LETTER E
E,ℰ,SCRIPT CAPITAL E
E,𝐄,MATHEMATICAL BOLD CAPITAL E
E,𝐸,MATHEMATICAL ITALIC CAPITAL E
E,𝑬,MATHEMATICAL BOLD ITALIC CAPITAL E
E,𝓔,MATHEMATICAL BOLD SCRIPT CAPITAL E
E,𝔼,MATHEMATICAL DOUBLE-STRUCK CAPITAL E
E,𝖤,MATHEMATICAL SANS-SERIF CAPITAL E
E,𝗘,MATHEMATICAL SANS-SERIF BOLD CAPITAL E
E,𝘌,MATHEMATICAL SANS-SERIF ITALIC CAPITAL E
E,𝙀,MATHEMATICAL SANS-SERIF BOLD ITALIC CAPITAL E
E,𝙴,MATHEMATICAL MONOSPACE CAPITAL E
E,Ε,GREEK CAPITAL LETTER EPSILON
E,𝚬,MATHEMATICAL BOLD CAPITAL EPSILON
E,𝛦,MATHEMATICAL ITALIC CAPITAL EPSILON
E,𝜠,MATHEMATICAL BOLD ITALIC CAPITAL EPSILON
E,𝝚,MATHEMATICAL SANS-SERIF BOLD CAPITAL EPSILON
E,𝞔,MATHEMATICAL SANS-SERIF BOLD ITALIC CAPITAL EPSILON
E,Е,CYRILLIC CAPITAL LETTER IE
E,ⴹ,TIFINAGH LETTER YADD
E,Ꭼ,CHEROKEE LETTER GV
E,ꓰ,LISU LETTER E
E,𑢦,WARANG CITI CAPITAL LETTER II
E,𑢮,WARANG CITI CAPITAL LETTER YUJ
E,𐊆,LYCIAN LETTER I
f,𝐟,MATHEMATICAL BOLD SMALL F
f,𝑓,MATHEMATICAL ITALIC SMALL F
f,𝒇,MATHEMATICAL BOLD ITALIC SMALL F
f,𝒻,MATHEMATICAL SCRIPT SMALL F
f,𝓯,MATHEMATICAL BOLD SCRIPT SMALL F
f,𝔣,MATHEMATICAL FRAKTUR SMALL F
f,𝕗,MATHEMATICAL DOUBLE-STRUCK SMALL F
f,𝖋,MATHEMATICAL BOLD FRAKTUR SMALL F
f,𝖿,MATHEMATICAL SANS-SERIF SMALL F
f,𝗳,MATHEMATICAL SANS-SERIF BOLD SMALL F
f,𝘧,MATHEMATICAL SANS-SERIF ITALIC SMALL F
f,𝙛,MATHEMATICAL SANS-SERIF BOLD ITALIC SMALL F
f,𝚏,MATHEMATICAL MONOSPACE SMALL F
f,ꬵ,LATIN SMALL LETTER LENIS F
f,ꞙ,LATIN SMALL LETTER F WITH STROKE
f,ſ,LATIN SMALL LETTER LONG S
f,ẝ,LATIN SMALL LETTER LONG S WITH HIGH STROKE
f,ք,ARMENIAN SMALL LETTER KEH
F,𝈓,GREEK VOCAL NOTATION SYMBOL-20
F,ℱ,SCRIPT CAPITAL F
F,𝐅,MATHEMATICAL BOLD CAPITAL F
F,𝐹,MATHEMATICAL ITALIC CAPITAL F
F,𝑭,MATHEMATICAL BOLD ITALIC CAPITAL F
F,𝓕,MATHEMATICAL BOLD SCRIPT CAPITAL F
F,𝔽,MATHEMATICAL DOUBLE-STRUCK CAPITAL F
F,𝖥,MATHEMATICAL SANS-SERIF CAPITAL F
F,𝗙,MATHEMATICAL SANS-SERIF BOLD CAPITAL F
F,𝘍,MATHEMATICAL SANS-SERIF ITALIC CAPITAL F
F,𝙁,MATHEMATICAL SANS-SERIF BOLD ITALIC CAPITAL F
F,𝙵,MATHEMATICAL MONOSPACE CAPITAL F
F,Ꞙ,LATIN CAPITAL LETTER F WITH STROKE
F,Ϝ,GREEK LETTER DIGAMMA
F,𝟊,MATHEMATICAL BOLD CAPITAL DIGAMMA
F,ᖴ,CANADIAN SYLLABICS BLACKFOOT WE
F,ꓝ,LISU LETTER TSA
F,𑣂,WARANG CITI SMALL LETTER WI
F,𑢢,WARANG CITI CAPITAL LETTER WI
F,𐊇,LYCIAN LETTER W
F,𐊥,CARIAN LETTER R
F,𐔥,ELBASAN LETTER GHE
g,ｇ,FULLWIDTH LATIN SMALL LETTER G
g,ℊ,SCRIPT SMALL G
g,𝐠,MATHEMATICAL BOLD SMALL G
g,𝑔,MATHEMATICAL ITALIC SMALL G
g,𝒈,MATHEMATICAL BOLD ITALIC SMALL G
g,𝓰,MATHEMATICAL BOLD SCRIPT SMALL G
g,𝔤,MATHEMATICAL FRAKTUR SMALL G
g,𝕘,MATHEMATICAL DOUBLE-STRUCK SMALL G
g,𝖌,MATHEMATICAL BOLD FRAKTUR SMALL G
g,𝗀,MATHEMATICAL SANS-SERIF SMALL G
g,𝗴,MATHEMATICAL SANS-SERIF BOLD SMALL G
g,𝘨,MATHEMATICAL SANS-SERIF ITALIC SMALL G
g,𝙜,MATHEMATICAL SANS-SERIF BOLD ITALIC SMALL G
g,𝚐,MATHEMATICAL MONOSPACE SMALL G
g,ɡ,LATIN SMALL LETTER SCRIPT G
g,ᶃ,LATIN SMALL LETTER G WITH PALATAL HOOK
g,ƍ,LATIN SMALL LETTER TURNED DELTA
g,ց,ARMENIAN SMALL LETTER CO
G,𝐆,MATHEMATICAL BOLD CAPITAL G
G,𝐺,MATHEMATICAL ITALIC CAPITAL G
G,𝑮,MATHEMATICAL BOLD ITALIC CAPITAL G
G,𝒢,MATHEMATICAL SCRIPT CAPITAL G
G,𝓖,MATHEMATICAL BOLD SCRIPT CAPITAL G
G,𝔾,MATHEMATICAL DOUBLE-STRUCK CAPITAL G
G,𝖦,MATHEMATICAL SANS-SERIF CAPITAL G
G,𝗚,MATHEMATICAL SANS-SERIF BOLD CAPITAL G
G,𝘎,MATHEMATICAL SANS-SERIF ITALIC CAPITAL G
G,𝙂,MATHEMATICAL SANS-SERIF BOLD ITALIC CAPITAL G
G,𝙶,MATHEMATICAL MONOSPACE CAPITAL G
G,Ԍ,CYRILLIC CAPITAL LETTER KOMI SJE
G,Ꮐ,CHEROKEE LETTER NAH
G,Ᏻ,CHEROKEE LETTER YU
G,ꓖ,LISU LETTER GA
h,ｈ,FULLWIDTH LATIN SMALL LETTER H
h,ℎ,PLANCK CONSTANT
h,𝐡,MATHEMATICAL BOLD SMALL H
h,𝒉,MATHEMATICAL BOLD ITALIC SMALL H
h,𝒽,MATHEMATICAL SCRIPT SMALL H
h,𝓱,MATHEMATICAL BOLD SCRIPT SMALL H
h,𝔥,MATHEMATICAL FRAKTUR SMALL H
h,𝕙,MATHEMATICAL DOUBLE-STRUCK SMALL H
h,𝖍,MATHEMATICAL BOLD FRAKTUR SMALL H
h,𝗁,MATHEMATICAL SANS-SERIF SMALL H
h,𝗵,MATHEMATICAL SANS-SERIF BOLD SMALL H
h,𝘩,MATHEMATICAL SANS-SERIF ITALIC SMALL H
h,𝙝,MATHEMATICAL SANS-SERIF BOLD ITALIC SMALL H
h,𝚑,MATHEMATICAL MONOSPACE SMALL H
h,һ,CYRILLIC SMALL LETTER SHHA
h,հ,ARMENIAN SMALL LETTER HO
h,Ꮒ,CHEROKEE LETTER NI
H,Ｈ,FULLWIDTH LATIN CAPITAL LETTER H
H,ℋ,SCRIPT CAPITAL H
H,ℍ,DOUBLE-STRUCK CAPITAL H
H,𝐇,MATHEMATICAL BOLD CAPITAL H
H,𝐻,MATHEMATICAL ITALIC CAPITAL H
H,𝑯,MATHEMATICAL BOLD ITALIC CAPITAL H
H,𝓗,MATHEMATICAL BOLD SCRIPT CAPITAL H
H,𝖧,MATHEMATICAL SANS-SERIF CAPITAL H
H,𝗛,MATHEMATICAL SANS-SERIF BOLD CAPITAL H
H,𝘏,MATHEMATICAL SANS-SERIF ITALIC CAPITAL H
H,𝙃,MATHEMATICAL SANS-SERIF BOLD ITALIC CAPITAL H
H,𝙷,MATHEMATICAL MONOSPACE CAPITAL H
H,Η,GREEK CAPITAL LETTER ETA
H,𝚮,MATHEMATICAL BOLD CAPITAL ETA
H,𝛨,MATHEMATICAL ITALIC CAPITAL ETA
H,𝜢,MATHEMATICAL BOLD ITALIC CAPITAL ETA
H,𝝜,MATHEMATICAL SANS-SERIF BOLD CAPITAL ETA
H,𝞖,MATHEMATICAL SANS-SERIF BOLD ITALIC CAPITAL ETA
H,Ⲏ,COPTIC CAPITAL LETTER HATE
H,Н,CYRILLIC CAPITAL LETTER EN
H,Ꮋ,CHEROKEE LETTER MI
H,ᕼ,CANADIAN SYLLABICS NUNAVUT H
H,ꓧ,LISU LETTER XA
H,𐋏,CARIAN LETTER E2
i,⍳,APL FUNCTIONAL SYMBOL IOTA
i,ｉ,FULLWIDTH LATIN SMALL LETTER I
i,ⅰ,SMALL ROMAN NUMERAL ONE
i,ℹ,INFORMATION SOURCE
i,ⅈ,DOUBLE-STRUCK ITALIC SMALL I
i,𝐢,MATHEMATICAL BOLD SMALL I
i,𝑖,MATHEMATICAL ITALIC SMALL I
i,𝒊,MATHEMATICAL BOLD ITALIC SMALL I
i,𝒾,MATHEMATICAL SCRIPT SMALL I
i,𝓲,MATHEMATICAL BOLD SCRIPT SMALL I
i,𝔦,MATHEMATICAL FRAKTUR SMALL I
i,𝕚,MATHEMATICAL DOUBLE-STRUCK SMALL I
i,𝖎,MATHEMATICAL BOLD FRAKTUR SMALL I
i,𝗂,MATHEMATICAL SANS-SERIF SMALL I
i,𝗶,MATHEMATICAL SANS-SERIF BOLD SMALL I
i,𝘪,MATHEMATICAL SANS-SERIF ITALIC SMALL I
i,𝙞,MATHEMATICAL SANS-SERIF BOLD ITALIC SMALL I
i,𝚒,MATHEMATICAL MONOSPACE SMALL I
i,ı,LATIN SMALL LETTER DOTLESS I
i,𝚤,MATHEMATICAL ITALIC SMALL DOTLESS I
i,ɪ,LATIN LETTER SMALL CAPITAL I
i,ɩ,LATIN SMALL LETTER IOTA
i,ι,GREEK SMALL LETTER IOTA
i,𝛊,MATHEMATICAL BOLD SMALL IOTA
i,𝜄,MATHEMATICAL ITALIC SMALL IOTA
i,𝜾,MATHEMATICAL BOLD ITALIC SMALL IOTA
i,𝝸,MATHEMATICAL SANS-SERIF BOLD SMALL IOTA
i,𝞲,MATHEMATICAL SANS-SERIF BOLD ITALIC SMALL IOTA
i,і,CYRILLIC SMALL LETTER BYELORUSSIAN-UKRAINIAN I
i,ꙇ,CYRILLIC SMALL LETTER IOTA
i,ӏ,CYRILLIC SMALL LETTER PALOCHKA
i,ꭵ,CHEROKEE SMALL LETTER V
i,Ꭵ,CHEROKEE LETTER V
i,𑣃,WARANG CITI SMALL LETTER YU
j,ｊ,FULLWIDTH LATIN SMALL LETTER J
j,ⅉ,DOUBLE-STRUCK ITALIC SMALL J
j,𝐣,MATHEMATICAL BOLD SMALL J
j,𝑗,MATHEMATICAL ITALIC SMALL J
j,𝒋,MATHEMATICAL BOLD ITALIC SMALL J
j,𝒿,MATHEMATICAL SCRIPT SMALL J
j,𝓳,MATHEMATICAL BOLD SCRIPT SMALL J
j,𝔧,MATHEMATICAL FRAKTUR SMALL J
j,𝕛,MATHEMATICAL DOUBLE-STRUCK SMALL J
j,𝖏,MATHEMATICAL BOLD FRAKTUR SMALL J
j,𝗃,MATHEMATICAL SANS-SERIF SMALL J
j,𝗷,MATHEMATICAL SANS-SERIF BOLD SMALL J
j,𝘫,MATHEMATICAL SANS-SERIF ITALIC SMALL J
j,𝙟,MATHEMATICAL SANS-SERIF BOLD ITALIC SMALL J
j,𝚓,MATHEMATICAL MONOSPACE SMALL J
j,ϳ,GREEK LETTER YOT
j,ј,CYRILLIC SMALL LETTER JE
J,Ｊ,FULLWIDTH LATIN CAPITAL LETTER J
J,𝐉,MATHEMATICAL BOLD CAPITAL J
J,𝐽,MATHEMATICAL ITALIC CAPITAL J
J,𝑱,MATHEMATICAL BOLD ITALIC CAPITAL J
J,𝒥,MATHEMATICAL SCRIPT CAPITAL J
J,𝓙,MATHEMATICAL BOLD SCRIPT CAPITAL J
J,𝕁,MATHEMATICAL DOUBLE-STRUCK CAPITAL J
J,𝖩,MATHEMATICAL SANS-SERIF CAPITAL J
J,𝗝,MATHEMATICAL SANS-SERIF BOLD CAPITAL J
J,𝘑,MATHEMATICAL SANS-SERIF ITALIC CAPITAL J
J,𝙅,MATHEMATICAL SANS-SERIF BOLD ITALIC CAPITAL J
J,𝙹,MATHEMATICAL MONOSPACE CAPITAL J
J,Ʝ,LATIN CAPITAL LETTER J WITH CROSSED-TAIL
J,Ϳ,GREEK CAPITAL LETTER YOT
J,Ј,CYRILLIC CAPITAL LETTER JE
J,Ꭻ,CHEROKEE LETTER GU
J,ᒍ,CANADIAN SYLLABICS CO
J,ꓙ,LISU LETTER JA
k,𝐤,MATHEMATICAL BOLD SMALL K
k,𝑘,MATHEMATICAL ITALIC SMALL K
k,𝒌,MATHEMATICAL BOLD ITALIC SMALL K
k,𝓀,MATHEMATICAL SCRIPT SMALL K
k,𝓴,MATHEMATICAL BOLD SCRIPT SMALL K
k,𝔨,MATHEMATICAL FRAKTUR SMALL K
k,𝕜,MATHEMATICAL DOUBLE-STRUCK SMALL K
k,𝖐,MATHEMATICAL BOLD FRAKTUR SMALL K
k,𝗄,MATHEMATICAL SANS-SERIF SMALL K
k,𝗸,MATHEMATICAL SANS-SERIF BOLD SMALL K
k,𝘬,MATHEMATICAL SANS-SERIF ITALIC SMALL K
k,𝙠,MATHEMATICAL SANS-SERIF BOLD ITALIC SMALL K
k,𝚔,MATHEMATICAL MONOSPACE SMALL K
K,K,LATIN CAPITAL LETTER K
K,K,KELVIN SIGN
K,Ｋ,FULLWIDTH LATIN CAPITAL LETTER K
K,𝐊,MATHEMATICAL BOLD CAPITAL K
K,𝐾,MATHEMATICAL ITALIC CAPITAL K
K,𝑲,MATHEMATICAL BOLD ITALIC CAPITAL K
K,𝒦,MATHEMATICAL SCRIPT CAPITAL K
K,𝓚,MATHEMATICAL BOLD SCRIPT CAPITAL K
K,𝕂,MATHEMATICAL DOUBLE-STRUCK CAPITAL K
K,𝖪,MATHEMATICAL SANS-SERIF CAPITAL K
K,𝗞,MATHEMATICAL SANS-SERIF BOLD CAPITAL K
K,𝘒,MATHEMATICAL SANS-SERIF ITALIC CAPITAL K
K,𝙆,MATHEMATICAL SANS-SERIF BOLD ITALIC CAPITAL K
K,𝙺,MATHEMATICAL MONOSPACE CAPITAL K
K,Κ,GREEK CAPITAL LETTER KAPPA
K,𝚱,MATHEMATICAL BOLD CAPITAL KAPPA
K,𝛫,MATHEMATICAL ITALIC CAPITAL KAPPA
K,𝜥,MATHEMATICAL BOLD ITALIC CAPITAL KAPPA
K,𝝟,MATHEMATICAL SANS-SERIF BOLD CAPITAL KAPPA
K,𝞙,MATHEMATICAL SANS-SERIF BOLD ITALIC CAPITAL KAPPA
K,Ⲕ,COPTIC CAPITAL LETTER KAPA
K,К,CYRILLIC CAPITAL LETTER KA
K,Ꮶ,CHEROKEE LETTER TSO
K,ᛕ,RUNIC LETTER OPEN-P
K,ꓗ,LISU LETTER KA
K,𐔘,ELBASAN LETTER QE
l,|,VERTICAL LINE
l,∣,DIVIDES
l,⏽,POWER ON SYMBOL
l,￨,HALFWIDTH FORMS LIGHT VERTICAL
l,1,DIGIT ONE
l,۱,EXTENDED ARABIC-INDIC DIGIT ONE
l,𐌠,OLD ITALIC NUMERAL ONE
l,𝟏,MATHEMATICAL BOLD DIGIT ONE
l,𝟙,MATHEMATICAL DOUBLE-STRUCK DIGIT ONE
l,𝟣,MATHEMATICAL SANS-SERIF DIGIT ONE
l,𝟭,MATHEMATICAL SANS-SERIF BOLD DIGIT ONE
l,𝟷,MATHEMATICAL MONOSPACE DIGIT ONE
l,I,LATIN CAPITAL LETTER I
l,Ｉ,FULLWIDTH LATIN CAPITAL LETTER I
l,Ⅰ,ROMAN NUMERAL ONE
l,ℐ,SCRIPT CAPITAL I
l,𝐈,MATHEMATICAL BOLD CAPITAL I
l,𝐼,MATHEMATICAL ITALIC CAPITAL I
l,𝑰,MATHEMATICAL BOLD ITALIC CAPITAL I
l,𝓘,MATHEMATICAL BOLD SCRIPT CAPITAL I
l,𝕀,MATHEMATICAL DOUBLE-STRUCK CAPITAL I
l,𝖨,MATHEMATICAL SANS-SERIF CAPITAL I
l,𝗜,MATHEMATICAL SANS-SERIF BOLD CAPITAL I
l,𝘐,MATHEMATICAL SANS-SERIF ITALIC CAPITAL I
l,𝙄,MATHEMATICAL SANS-SERIF BOLD ITALIC CAPITAL I
l,𝙸,MATHEMATICAL MONOSPACE CAPITAL I
l,Ɩ,LATIN CAPITAL LETTER IOTA
l,ｌ,FULLWIDTH LATIN SMALL LETTER L
l,ⅼ,SMALL ROMAN NUMERAL FIFTY
l,ℓ,SCRIPT SMALL L
l,𝐥,MATHEMATICAL BOLD SMALL L
l,𝑙,MATHEMATICAL ITALIC SMALL L
l,𝒍,MATHEMATICAL BOLD ITALIC SMALL L
l,𝓁,MATHEMATICAL SCRIPT SMALL L
l,𝓵,MATHEMATICAL BOLD SCRIPT SMALL L
l,𝔩,MATHEMATICAL FRAKTUR SMALL L
l,𝕝,MATHEMATICAL DOUBLE-STRUCK SMALL L
l,𝖑,MATHEMATICAL BOLD FRAKTUR SMALL L
l,𝗅,MATHEMATICAL SANS-SERIF SMALL L
l,𝗹,MATHEMATICAL SANS-SERIF BOLD SMALL L
l,𝘭,MATHEMATICAL SANS-SERIF ITALIC SMALL L
l,𝙡,MATHEMATICAL SANS-SERIF BOLD ITALIC SMALL L
l,𝚕,MATHEMATICAL MONOSPACE SMALL L
l,ǀ,LATIN LETTER DENTAL CLICK
l,Ι,GREEK CAPITAL LETTER IOTA
l,𝚰,MATHEMATICAL BOLD CAPITAL IOTA
l,𝛪,MATHEMATICAL ITALIC CAPITAL IOTA
l,𝜤,MATHEMATICAL BOLD ITALIC CAPITAL IOTA
l,𝝞,MATHEMATICAL SANS-SERIF BOLD CAPITAL IOTA
l,𝞘,MATHEMATICAL SANS-SERIF BOLD ITALIC CAPITAL IOTA
l,Ⲓ,COPTIC CAPITAL LETTER IAUDA
l,І,CYRILLIC CAPITAL LETTER BYELORUSSIAN-UKRAINIAN I
l,Ӏ,CYRILLIC LETTER PALOCHKA
l,ⵏ,TIFINAGH LETTER YAN
l,ᛁ,RUNIC LETTER ISAZ IS ISS I
l,ꓲ,LISU LETTER I
l,𖼨,MIAO LETTER GHA
l,𐊊,LYCIAN LETTER J
l,𐌉,OLD ITALIC LETTER I
I,l,LATIN SMALL LETTER L
L,𝈪,GREEK INSTRUMENTAL NOTATION SYMBOL-23
L,Ⅼ,ROMAN NUMERAL FIFTY
L,ℒ,SCRIPT CAPITAL L
L,𝐋,MATHEMATICAL BOLD CAPITAL L
L,𝐿,MATHEMATICAL ITALIC CAPITAL L
L,𝑳,MATHEMATICAL BOLD ITALIC CAPITAL L
L,𝓛,MATHEMATICAL BOLD SCRIPT CAPITAL L
L,𝕃,MATHEMATICAL DOUBLE-STRUCK CAPITAL L
L,𝖫,MATHEMATICAL SANS-SERIF CAPITAL L
L,𝗟,MATHEMATICAL SANS-SERIF BOLD CAPITAL L
L,𝘓,MATHEMATICAL SANS-SERIF ITALIC CAPITAL L
L,𝙇,MATHEMATICAL SANS-SERIF BOLD ITALIC CAPITAL L
L,𝙻,MATHEMATICAL MONOSPACE CAPITAL L
L,Ⳑ,COPTIC CAPITAL LETTER L-SHAPED HA
L,Ꮮ,CHEROKEE LETTER TLE
L,ᒪ,CANADIAN SYLLABICS MA
L,ꓡ,LISU LETTER LA
L,𖼖,MIAO LETTER LA
L,𑢣,WARANG CITI CAPITAL LETTER YU
L,𑢲,WARANG CITI CAPITAL LETTER TTE
L,𐐛,DESERET CAPITAL LETTER ETH
L,𐔦,ELBASAN LETTER GHAMMA
M,Ｍ,FULLWIDTH LATIN CAPITAL LETTER M
M,Ⅿ,ROMAN NUMERAL ONE THOUSAND
M,ℳ,SCRIPT CAPITAL M
M,𝐌,MATHEMATICAL BOLD CAPITAL M
M,𝑀,MATHEMATICAL ITALIC CAPITAL M
M,𝑴,MATHEMATICAL BOLD ITALIC CAPITAL M
M,𝓜,MATHEMATICAL BOLD SCRIPT CAPITAL M
M,𝕄,MATHEMATICAL DOUBLE-STRUCK CAPITAL M
M,𝖬,MATHEMATICAL SANS-SERIF CAPITAL M
M,𝗠,MATHEMATICAL SANS-SERIF BOLD CAPITAL M
M,𝘔,MATHEMATICAL SANS-SERIF ITALIC CAPITAL M
M,𝙈,MATHEMATICAL SANS-SERIF BOLD ITALIC CAPITAL M
M,𝙼,MATHEMATICAL MONOSPACE CAPITAL M
M,Μ,GREEK CAPITAL LETTER MU
M,𝚳,MATHEMATICAL BOLD CAPITAL MU
M,𝛭,MATHEMATICAL ITALIC CAPITAL MU
M,𝜧,MATHEMATICAL BOLD ITALIC CAPITAL MU
M,𝝡,MATHEMATICAL SANS-SERIF BOLD CAPITAL MU
M,𝞛,MATHEMATICAL SANS-SERIF BOLD ITALIC CAPITAL MU
M,Ϻ,GREEK CAPITAL LETTER SAN
M,Ⲙ,COPTIC CAPITAL LETTER MI
M,М,CYRILLIC CAPITAL LETTER EM
M,Ꮇ,CHEROKEE LETTER LU
M,ᗰ,CANADIAN SYLLABICS CARRIER GO
M,ᛖ,RUNIC LETTER EHWAZ EH E
M,ꓟ,LISU LETTER MA
M,𐊰,CARIAN LETTER S
M,𐌑,OLD ITALIC LETTER SHE
n,𝐧,MATHEMATICAL BOLD SMALL N
n,𝑛,MATHEMATICAL ITALIC SMALL N
n,𝒏,MATHEMATICAL BOLD ITALIC SMALL N
n,𝓃,MATHEMATICAL SCRIPT SMALL N
n,𝓷,MATHEMATICAL BOLD SCRIPT SMALL N
n,𝔫,MATHEMATICAL FRAKTUR SMALL N
n,𝕟,MATHEMATICAL DOUBLE-STRUCK SMALL N
n,𝖓,MATHEMATICAL BOLD FRAKTUR SMALL N
n,𝗇,MATHEMATICAL SANS-SERIF SMALL N
n,𝗻,MATHEMATICAL SANS-SERIF BOLD SMALL N
n,𝘯,MATHEMATICAL SANS-SERIF ITALIC SMALL N
n,𝙣,MATHEMATICAL SANS-SERIF BOLD ITALIC SMALL N
n,𝚗,MATHEMATICAL MONOSPACE SMALL N
n,ո,ARMENIAN SMALL LETTER VO
n,ռ,ARMENIAN SMALL LETTER RA
N,Ｎ,FULLWIDTH LATIN CAPITAL LETTER N
N,ℕ,DOUBLE-STRUCK CAPITAL N
N,𝐍,MATHEMATICAL BOLD CAPITAL N
N,𝑁,MATHEMATICAL ITALIC CAPITAL N
N,𝑵,MATHEMATICAL BOLD ITALIC CAPITAL N
N,𝒩,MATHEMATICAL SCRIPT CAPITAL N
N,𝓝,MATHEMATICAL BOLD SCRIPT CAPITAL N
N,𝖭,MATHEMATICAL SANS-SERIF CAPITAL N
N,𝗡,MATHEMATICAL SANS-SERIF BOLD CAPITAL N
N,𝘕,MATHEMATICAL SANS-SERIF ITALIC CAPITAL N
N,𝙉,MATHEMATICAL SANS-SERIF BOLD ITALIC CAPITAL N
N,𝙽,MATHEMATICAL MONOSPACE CAPITAL N
N,Ν,GREEK CAPITAL LETTER NU
N,𝚴,MATHEMATICAL BOLD CAPITAL NU
N,𝛮,MATHEMATICAL ITALIC CAPITAL NU
N,𝜨,MATHEMATICAL BOLD ITALIC CAPITAL NU
N,𝝢,MATHEMATICAL SANS-SERIF BOLD CAPITAL NU
N,𝞜,MATHEMATICAL SANS-SERIF BOLD ITALIC CAPITAL NU
N,Ⲛ,COPTIC CAPITAL LETTER NI
N,ꓠ,LISU LETTER NA
N,𐔓,ELBASAN LETTER NE
o,ం,TELUGU SIGN ANUSVARA
o,ಂ,KANNADA SIGN ANUSVARA
o,ം,MALAYALAM SIGN ANUSVARA
o,ං,SINHALA SIGN ANUSVARAYA
o,०,DEVANAGARI DIGIT ZERO
o,੦,GURMUKHI DIGIT ZERO
o,૦,GUJARATI DIGIT ZERO
o,௦,TAMIL DIGIT ZERO
o,౦,TELUGU DIGIT ZERO
o,೦,KANNADA DIGIT ZERO
o,൦,MALAYALAM DIGIT ZERO
o,๐,THAI DIGIT ZERO
o,໐,LAO DIGIT ZERO
o,၀,MYANMAR DIGIT ZERO
o,۵,EXTENDED ARABIC-INDIC DIGIT FIVE
o,ｏ,FULLWIDTH LATIN SMALL LETTER O
o,ℴ,SCRIPT SMALL O
o,𝐨,MATHEMATICAL BOLD SMALL O
o,𝑜,MATHEMATICAL ITALIC SMALL O
o,𝒐,MATHEMATICAL BOLD ITALIC SMALL O
o,𝓸,MATHEMATICAL BOLD SCRIPT SMALL O
o,𝔬,MATHEMATICAL FRAKTUR SMALL O
o,𝕠,MATHEMATICAL DOUBLE-STRUCK SMALL O
o,𝖔,MATHEMATICAL BOLD FRAKTUR SMALL O
o,𝗈,MATHEMATICAL SANS-SERIF SMALL O
o,𝗼,MATHEMATICAL SANS-SERIF BOLD SMALL O
o,𝘰,MATHEMATICAL SANS-SERIF ITALIC SMALL O
o,𝙤,MATHEMATICAL SANS-SERIF BOLD ITALIC SMALL O
o,𝚘,MATHEMATICAL MONOSPACE SMALL O
o,ᴏ,LATIN LETTER SMALL CAPITAL O
o,ᴑ,LATIN SMALL LETTER SIDEWAYS O
o,ꬽ,LATIN SMALL LETTER BLACKLETTER O
o,ο,GREEK SMALL LETTER OMICRON
o,𝛐,MATHEMATICAL BOLD SMALL OMICRON
o,𝜊,MATHEMATICAL ITALIC SMALL OMICRON
o,𝝄,MATHEMATICAL BOLD ITALIC SMALL OMICRON
o,𝝾,MATHEMATICAL SANS-SERIF BOLD SMALL OMICRON
o,𝞸,MATHEMATICAL SANS-SERIF BOLD ITALIC SMALL OMICRON
o,σ,GREEK SMALL LETTER SIGMA
o,𝛔,MATHEMATICAL BOLD SMALL SIGMA
o,𝜎,MATHEMATICAL ITALIC SMALL SIGMA
o,𝝈,MATHEMATICAL BOLD ITALIC SMALL SIGMA
o,𝞂,MATHEMATICAL SANS-SERIF BOLD SMALL SIGMA
o,𝞼,MATHEMATICAL SANS-SERIF BOLD ITALIC SMALL SIGMA
o,ⲟ,COPTIC SMALL LETTER O
o,о,CYRILLIC SMALL LETTER O
o,ჿ,GEORGIAN LETTER LABIAL SIGN
o,օ,ARMENIAN SMALL LETTER OH
o,ഠ,MALAYALAM LETTER TTHA
o,ဝ,MYANMAR LETTER WA
o,𐓪,OSAGE SMALL LETTER O
o,𑣈,WARANG CITI SMALL LETTER E
o,𑣗,WARANG CITI SMALL LETTER BU
o,𐐬,DESERET SMALL LETTER LONG O
O,0,DIGIT ZERO
O,০,BENGALI DIGIT ZERO
O,୦,ORIYA DIGIT ZERO
O,〇,IDEOGRAPHIC NUMBER ZERO
O,𑓐,TIRHUTA DIGIT ZERO
O,𑣠,WARANG CITI DIGIT ZERO
O,𝟎,MATHEMATICAL BOLD DIGIT ZERO
O,𝟘,MATHEMATICAL DOUBLE-STRUCK DIGIT ZERO
O,𝟢,MATHEMATICAL SANS-SERIF DIGIT ZERO
O,𝟬,MATHEMATICAL SANS-SERIF BOLD DIGIT ZERO
O,𝟶,MATHEMATICAL MONOSPACE DIGIT ZERO
O,Ｏ,FULLWIDTH LATIN CAPITAL LETTER O
O,𝐎,MATHEMATICAL BOLD CAPITAL O
O,𝑂,MATHEMATICAL ITALIC CAPITAL O
O,𝑶,MATHEMATICAL BOLD ITALIC CAPITAL O
O,𝒪,MATHEMATICAL SCRIPT CAPITAL O
O,𝓞,MATHEMATICAL BOLD SCRIPT CAPITAL O
O,𝕆,MATHEMATICAL DOUBLE-STRUCK CAPITAL O
O,𝖮,MATHEMATICAL SANS-SERIF CAPITAL O
O,𝗢,MATHEMATICAL SANS-SERIF BOLD CAPITAL O
O,𝘖,MATHEMATICAL SANS-SERIF ITALIC CAPITAL O
O,𝙊,MATHEMATICAL SANS-SERIF BOLD ITALIC CAPITAL O
O,𝙾,MATHEMATICAL MONOSPACE CAPITAL O
O,Ο,GREEK CAPITAL LETTER OMICRON
O,𝚶,MATHEMATICAL BOLD CAPITAL OMICRON
O,𝛰,MATHEMATICAL ITALIC CAPITAL OMICRON
O,𝜪,MATHEMATICAL BOLD ITALIC CAPITAL OMICRON
O,𝝤,MATHEMATICAL SANS-SERIF BOLD CAPITAL OMICRON
O,𝞞,MATHEMATICAL SANS-SERIF BOLD ITALIC CAPITAL OMICRON
O,Ⲟ,COPTIC CAPITAL LETTER O
O,О,CYRILLIC CAPITAL LETTER O
O,Օ,ARMENIAN CAPITAL LETTER OH
O,ⵔ,TIFINAGH LETTER YAR
O,ዐ,ETHIOPIC SYLLABLE PHARYNGEAL A
O,ଠ,ORIYA LETTER TTHA
O,𐓂,OSAGE CAPITAL LETTER O
O,ꓳ,LISU LETTER O
O,𑢵,WARANG CITI CAPITAL LETTER AT
O,𐊒,LYCIAN LETTER U
O,𐊫,CARIAN LETTER O
O,𐐄,DESERET CAPITAL LETTER LONG O
O,𐔖,ELBASAN LETTER O
p,⍴,APL FUNCTIONAL SYMBOL RHO
p,ｐ,FULLWIDTH LATIN SMALL LETTER P
p,𝐩,MATHEMATICAL BOLD SMALL P
p,𝑝,MATHEMATICAL ITALIC SMALL P
p,𝒑,MATHEMATICAL BOLD ITALIC SMALL P
p,𝓅,MATHEMATICAL SCRIPT SMALL P
p,𝓹,MATHEMATICAL BOLD SCRIPT SMALL P
p,𝔭,MATHEMATICAL FRAKTUR SMALL P
p,𝕡,MATHEMATICAL DOUBLE-STRUCK SMALL P
p,𝖕,MATHEMATICAL BOLD FRAKTUR SMALL P
p,𝗉,MATHEMATICAL SANS-SERIF SMALL P
p,𝗽,MATHEMATICAL SANS-SERIF BOLD SMALL P
p,𝘱,MATHEMATICAL SANS-SERIF ITALIC SMALL P
p,𝙥,MATHEMATICAL SANS-SERIF BOLD ITALIC SMALL P
p,𝚙,MATHEMATICAL MONOSPACE SMALL P
p,ρ,GREEK SMALL LETTER RHO
p,ϱ,GREEK RHO SYMBOL
p,𝛒,MATHEMATICAL BOLD SMALL RHO
p,𝛠,MATHEMATICAL BOLD RHO SYMBOL
p,𝜌,MATHEMATICAL ITALIC SMALL RHO
p,𝜚,MATHEMATICAL ITALIC RHO SYMBOL
p,𝝆,MATHEMATICAL BOLD ITALIC SMALL RHO
p,𝝔,MATHEMATICAL BOLD ITALIC RHO SYMBOL
p,𝞀,MATHEMATICAL SANS-SERIF BOLD SMALL RHO
p,𝞎,MATHEMATICAL SANS-SERIF BOLD RHO SYMBOL
p,𝞺,MATHEMATICAL SANS-SERIF BOLD ITALIC SMALL RHO
p,𝟈,MATHEMATICAL SANS-SERIF BOLD ITALIC RHO SYMBOL
p,ⲣ,COPTIC SMALL LETTER RO
p,р,CYRILLIC SMALL LETTER ER
P,Ｐ,FULLWIDTH LATIN CAPITAL LETTER P
P,ℙ,DOUBLE-STRUCK CAPITAL P
P,𝐏,MATHEMATICAL BOLD CAPITAL P
P,𝑃,MATHEMATICAL ITALIC CAPITAL P
P,𝑷,MATHEMATICAL BOLD ITALIC CAPITAL P
P,𝒫,MATHEMATICAL SCRIPT CAPITAL P
P,𝓟,MATHEMATICAL BOLD SCRIPT CAPITAL P
P,𝖯,MATHEMATICAL SANS-SERIF CAPITAL P
P,𝗣,MATHEMATICAL SANS-SERIF BOLD CAPITAL P
P,𝘗,MATHEMATICAL SANS-SERIF ITALIC CAPITAL P
P,𝙋,MATHEMATICAL SANS-SERIF BOLD ITALIC CAPITAL P
P,𝙿,MATHEMATICAL MONOSPACE CAPITAL P
P,Ρ,GREEK CAPITAL LETTER RHO
P,𝚸,MATHEMATICAL BOLD CAPITAL RHO
P,𝛲,MATHEMATICAL ITALIC CAPITAL RHO
P,𝜬,MATHEMATICAL BOLD ITALIC CAPITAL RHO
P,𝝦,MATHEMATICAL SANS-SERIF BOLD CAPITAL RHO
P,𝞠,MATHEMATICAL SANS-SERIF BOLD ITALIC CAPITAL RHO
P,Ⲣ,COPTIC CAPITAL LETTER RO
P,Р,CYRILLIC CAPITAL LETTER ER
P,Ꮲ,CHEROKEE LETTER TLV
P,ᑭ,CANADIAN SYLLABICS KI
P,ꓑ,LISU LETTER PA
P,𐊕,LYCIAN LETTER R
q,𝐪,MATHEMATICAL BOLD SMALL Q
q,𝑞,MATHEMATICAL ITALIC SMALL Q
q,𝒒,MATHEMATICAL BOLD ITALIC SMALL Q
q,𝓆,MATHEMATICAL SCRIPT SMALL Q
q,𝓺,MATHEMATICAL BOLD SCRIPT SMALL Q
q,𝔮,MATHEMATICAL FRAKTUR SMALL Q
q,𝕢,MATHEMATICAL DOUBLE-STRUCK SMALL Q
q,𝖖,MATHEMATICAL BOLD FRAKTUR SMALL Q
q,𝗊,MATHEMATICAL SANS-SERIF SMALL Q
q,𝗾,MATHEMATICAL SANS-SERIF BOLD SMALL Q
q,𝘲,MATHEMATICAL SANS-SERIF ITALIC SMALL Q
q,𝙦,MATHEMATICAL SANS-SERIF BOLD ITALIC SMALL Q
q,𝚚,MATHEMATICAL MONOSPACE SMALL Q
q,ԛ,CYRILLIC SMALL LETTER QA
q,գ,ARMENIAN SMALL LETTER GIM
q,զ,ARMENIAN SMALL LETTER ZA
Q,ℚ,DOUBLE-STRUCK CAPITAL Q
Q,𝐐,MATHEMATICAL BOLD CAPITAL Q
Q,𝑄,MATHEMATICAL ITALIC CAPITAL Q
Q,𝑸,MATHEMATICAL BOLD ITALIC CAPITAL Q
Q,𝒬,MATHEMATICAL SCRIPT CAPITAL Q
Q,𝓠,MATHEMATICAL BOLD SCRIPT CAPITAL Q
Q,𝖰,MATHEMATICAL SANS-SERIF CAPITAL Q
Q,𝗤,MATHEMATICAL SANS-SERIF BOLD CAPITAL Q
Q,𝘘,MATHEMATICAL SANS-SERIF ITALIC CAPITAL Q
Q,𝙌,MATHEMATICAL SANS-SERIF BOLD ITALIC CAPITAL Q
Q,𝚀,MATHEMATICAL MONOSPACE CAPITAL Q
Q,ⵕ,TIFINAGH LETTER YARR
r,𝐫,MATHEMATICAL BOLD SMALL R
r,𝑟,MATHEMATICAL ITALIC SMALL R
r,𝒓,MATHEMATICAL BOLD ITALIC SMALL R
r,𝓇,MATHEMATICAL SCRIPT SMALL R
r,𝓻,MATHEMATICAL BOLD SCRIPT SMALL R
r,𝔯,MATHEMATICAL FRAKTUR SMALL R
r,𝕣,MATHEMATICAL DOUBLE-STRUCK SMALL R
r,𝖗,MATHEMATICAL BOLD FRAKTUR SMALL R
r,𝗋,MATHEMATICAL SANS-SERIF SMALL R
r,𝗿,MATHEMATICAL SANS-SERIF BOLD SMALL R
r,𝘳,MATHEMATICAL SANS-SERIF ITALIC SMALL R
r,𝙧,MATHEMATICAL SANS-SERIF BOLD ITALIC SMALL R
r,𝚛,MATHEMATICAL MONOSPACE SMALL R
r,ꭇ,LATIN SMALL LETTER R WITHOUT HANDLE
r,ꭈ,LATIN SMALL LETTER DOUBLE R
r,ᴦ,GREEK LETTER SMALL CAPITAL GAMMA
r,ⲅ,COPTIC SMALL LETTER GAMMA
r,г,CYRILLIC SMALL LETTER GHE
r,ꮁ,CHEROKEE SMALL LETTER HU
R,𝈖,GREEK VOCAL NOTATION SYMBOL-23
R,ℛ,SCRIPT CAPITAL R
R,ℝ,DOUBLE-STRUCK CAPITAL R
R,𝐑,MATHEMATICAL BOLD CAPITAL R
R,𝑅,MATHEMATICAL ITALIC CAPITAL R
R,𝑹,MATHEMATICAL BOLD ITALIC CAPITAL R
R,𝓡,MATHEMATICAL BOLD SCRIPT CAPITAL R
R,𝖱,MATHEMATICAL SANS-SERIF CAPITAL R
R,𝗥,MATHEMATICAL SANS-SERIF BOLD CAPITAL R
R,𝘙,MATHEMATICAL SANS-SERIF ITALIC CAPITAL R
R,𝙍,MATHEMATICAL SANS-SERIF BOLD ITALIC CAPITAL R
R,𝚁,MATHEMATICAL MONOSPACE CAPITAL R
R,Ʀ,LATIN LETTER YR
R,Ꭱ,CHEROKEE LETTER E
R,Ꮢ,CHEROKEE LETTER SV
R,𐒴,OSAGE CAPITAL LETTER BRA
R,ᖇ,CANADIAN SYLLABICS TLHI
R,ꓣ,LISU LETTER ZHA
R,𖼵,MIAO LETTER ZHA
m,rn,"LATIN SMALL LETTER R, LATIN SMALL LETTER N"
s,ｓ,FULLWIDTH LATIN SMALL LETTER S
s,𝐬,MATHEMATICAL BOLD SMALL S
s,𝑠,MATHEMATICAL ITALIC SMALL S
s,𝒔,MATHEMATICAL BOLD ITALIC SMALL S
s,𝓈,MATHEMATICAL SCRIPT SMALL S
s,𝓼,MATHEMATICAL BOLD SCRIPT SMALL S
s,𝔰,MATHEMATICAL FRAKTUR SMALL S
s,𝕤,MATHEMATICAL DOUBLE-STRUCK SMALL S
s,𝖘,MATHEMATICAL BOLD FRAKTUR SMALL S
s,𝗌,MATHEMATICAL SANS-SERIF SMALL S
s,𝘀,MATHEMATICAL SANS-SERIF BOLD SMALL S
s,𝘴,MATHEMATICAL SANS-SERIF ITALIC SMALL S
s,𝙨,MATHEMATICAL SANS-SERIF BOLD ITALIC SMALL S
s,𝚜,MATHEMATICAL MONOSPACE SMALL S
s,ꜱ,LATIN LETTER SMALL CAPITAL S
s,ƽ,LATIN SMALL LETTER TONE FIVE
s,ѕ,CYRILLIC SMALL LETTER DZE
s,ꮪ,CHEROKEE SMALL LETTER DU
s,𑣁,WARANG CITI SMALL LETTER A
s,𐑈,DESERET SMALL LETTER ZHEE
S,Ｓ,FULLWIDTH LATIN CAPITAL LETTER S
S,𝐒,MATHEMATICAL BOLD CAPITAL S
S,𝑆,MATHEMATICAL ITALIC CAPITAL S
S,𝑺,MATHEMATICAL BOLD ITALIC CAPITAL S
S,𝒮,MATHEMATICAL SCRIPT CAPITAL S
S,𝓢,MATHEMATICAL BOLD SCRIPT CAPITAL S
S,𝕊,MATHEMATICAL DOUBLE-STRUCK CAPITAL S
S,𝖲,MATHEMATICAL SANS-SERIF CAPITAL S
S,𝗦,MATHEMATICAL SANS-SERIF BOLD CAPITAL S
S,𝘚,MATHEMATICAL SANS-SERIF ITALIC CAPITAL S
S,𝙎,MATHEMATICAL SANS-SERIF BOLD ITALIC CAPITAL S
S,𝚂,MATHEMATICAL MONOSPACE CAPITAL S
S,Ѕ,CYRILLIC CAPITAL LETTER DZE
S,Տ,ARMENIAN CAPITAL LETTER TIWN
S,Ꮥ,CHEROKEE LETTER DE
S,Ꮪ,CHEROKEE LETTER DU
S,ꓢ,LISU LETTER SA
S,𖼺,MIAO LETTER SA
S,𐊖,LYCIAN LETTER S
S,𐐠,DESERET CAPITAL LETTER ZHEE
t,𝐭,MATHEMATICAL BOLD SMALL T
t,𝑡,MATHEMATICAL ITALIC SMALL T
t,𝒕,MATHEMATICAL BOLD ITALIC SMALL T
t,𝓉,MATHEMATICAL SCRIPT SMALL T
t,𝓽,MATHEMATICAL BOLD SCRIPT SMALL T
t,𝔱,MATHEMATICAL FRAKTUR SMALL T
t,𝕥,MATHEMATICAL DOUBLE-STRUCK SMALL T
t,𝖙,MATHEMATICAL BOLD FRAKTUR SMALL T
t,𝗍,MATHEMATICAL SANS-SERIF SMALL T
t,𝘁,MATHEMATICAL SANS-SERIF BOLD SMALL T
t,𝘵,MATHEMATICAL SANS-SERIF ITALIC SMALL T
t,𝙩,MATHEMATICAL SANS-SERIF BOLD ITALIC SMALL T
t,𝚝,MATHEMATICAL MONOSPACE SMALL T
T,⊤,DOWN TACK
T,⟙,LARGE DOWN TACK
T,🝨,ALCHEMICAL SYMBOL FOR CRUCIBLE-4
T,Ｔ,FULLWIDTH LATIN CAPITAL LETTER T
T,𝐓,MATHEMATICAL BOLD CAPITAL T
T,𝑇,MATHEMATICAL ITALIC CAPITAL T
T,𝑻,MATHEMATICAL BOLD ITALIC CAPITAL T
T,𝒯,MATHEMATICAL SCRIPT CAPITAL T
T,𝓣,MATHEMATICAL BOLD SCRIPT CAPITAL T
T,𝕋,MATHEMATICAL DOUBLE-STRUCK CAPITAL T
T,𝖳,MATHEMATICAL SANS-SERIF CAPITAL T
T,𝗧,MATHEMATICAL SANS-SERIF BOLD CAPITAL T
T,𝘛,MATHEMATICAL SANS-SERIF ITALIC CAPITAL T
T,𝙏,MATHEMATICAL SANS-SERIF BOLD ITALIC CAPITAL T
T,𝚃,MATHEMATICAL MONOSPACE CAPITAL T
T,Τ,GREEK CAPITAL LETTER TAU
T,𝚻,MATHEMATICAL BOLD CAPITAL TAU
T,𝛵,MATHEMATICAL ITALIC CAPITAL TAU
T,𝜯,MATHEMATICAL BOLD ITALIC CAPITAL TAU
T,𝝩,MATHEMATICAL SANS-SERIF BOLD CAPITAL TAU
T,𝞣,MATHEMATICAL SANS-SERIF BOLD ITALIC CAPITAL TAU
T,Ⲧ,COPTIC CAPITAL LETTER TAU
T,Т,CYRILLIC CAPITAL LETTER TE
T,Ꭲ,CHEROKEE LETTER I
T,ꓔ,LISU LETTER TA
T,𖼊,MIAO LETTER TA
T,𑢼,WARANG CITI CAPITAL LETTER HAR
T,𐊗,LYCIAN LETTER T
T,𐊱,CARIAN LETTER C-18
T,𐌕,OLD ITALIC LETTER TE
u,𝐮,MATHEMATICAL BOLD SMALL U
u,𝑢,MATHEMATICAL ITALIC SMALL U
u,𝒖,MATHEMATICAL BOLD ITALIC SMALL U
u,𝓊,MATHEMATICAL SCRIPT SMALL U
u,𝓾,MATHEMATICAL BOLD SCRIPT SMALL U
u,𝔲,MATHEMATICAL FRAKTUR SMALL U
u,𝕦,MATHEMATICAL DOUBLE-STRUCK SMALL U
u,𝖚,MATHEMATICAL BOLD FRAKTUR SMALL U
u,𝗎,MATHEMATICAL SANS-SERIF SMALL U
u,𝘂,MATHEMATICAL SANS-SERIF BOLD SMALL U
u,𝘶,MATHEMATICAL SANS-SERIF ITALIC SMALL U
u,𝙪,MATHEMATICAL SANS-SERIF BOLD ITALIC SMALL U
u,𝚞,MATHEMATICAL MONOSPACE SMALL U
u,ꞟ,LATIN SMALL LETTER VOLAPUK UE
u,ᴜ,LATIN LETTER SMALL CAPITAL U
u,ꭎ,LATIN SMALL LETTER U WITH SHORT RIGHT LEG
u,ꭒ,LATIN SMALL LETTER U WITH LEFT HOOK
u,ʋ,LATIN SMALL LETTER V WITH HOOK
u,υ,GREEK SMALL LETTER UPSILON
u,𝛖,MATHEMATICAL BOLD SMALL UPSILON
u,𝜐,MATHEMATICAL ITALIC SMALL UPSILON
u,𝝊,MATHEMATICAL BOLD ITALIC SMALL UPSILON
u,𝞄,MATHEMATICAL SANS-SERIF BOLD SMALL UPSILON
u,𝞾,MATHEMATICAL SANS-SERIF BOLD ITALIC SMALL UPSILON
u,ս,ARMENIAN SMALL LETTER SEH
u,𐓶,OSAGE SMALL LETTER U
u,𑣘,WARANG CITI SMALL LETTER PU
U,∪,UNION
U,⋃,N-ARY UNION
U,𝐔,MATHEMATICAL BOLD CAPITAL U
U,𝑈,MATHEMATICAL ITALIC CAPITAL U
U,𝑼,MATHEMATICAL BOLD ITALIC CAPITAL U
U,𝒰,MATHEMATICAL SCRIPT CAPITAL U
U,𝓤,MATHEMATICAL BOLD SCRIPT CAPITAL U
U,𝕌,MATHEMATICAL DOUBLE-STRUCK CAPITAL U
U,𝖴,MATHEMATICAL SANS-SERIF CAPITAL U
U,𝗨,MATHEMATICAL SANS-SERIF BOLD CAPITAL U
U,𝘜,MATHEMATICAL SANS-SERIF ITALIC CAPITAL U
U,𝙐,MATHEMATICAL SANS-SERIF BOLD ITALIC CAPITAL U
U,𝚄,MATHEMATICAL MONOSPACE CAPITAL U
U,Ս,ARMENIAN CAPITAL LETTER SEH
U,ሀ,ETHIOPIC SYLLABLE HA
U,𐓎,OSAGE CAPITAL LETTER U
U,ᑌ,CANADIAN SYLLABICS TE
U,ꓴ,LISU LETTER U
U,𖽂,MIAO LETTER WA
U,𑢸,WARANG CITI CAPITAL LETTER PU
v,∨,LOGICAL OR
v,⋁,N-ARY LOGICAL OR
v,ｖ,FULLWIDTH LATIN SMALL LETTER V
v,ⅴ,SMALL ROMAN NUMERAL FIVE
v,𝐯,MATHEMATICAL BOLD SMALL V
v,𝑣,MATHEMATICAL ITALIC SMALL V
v,𝒗,MATHEMATICAL BOLD ITALIC SMALL V
v,𝓋,MATHEMATICAL SCRIPT SMALL V
v,𝓿,MATHEMATICAL BOLD SCRIPT SMALL V
v,𝔳,MATHEMATICAL FRAKTUR SMALL V
v,𝕧,MATHEMATICAL DOUBLE-STRUCK SMALL V
v,𝖛,MATHEMATICAL BOLD FRAKTUR SMALL V
v,𝗏,MATHEMATICAL SANS-SERIF SMALL V
v,𝘃,MATHEMATICAL SANS-SERIF BOLD SMALL V
v,𝘷,MATHEMATICAL SANS-SERIF ITALIC SMALL V
v,𝙫,MATHEMATICAL SANS-SERIF BOLD ITALIC SMALL V
v,𝚟,MATHEMATICAL MONOSPACE SMALL V
v,ᴠ,LATIN LETTER SMALL CAPITAL V
v,ν,GREEK SMALL LETTER NU
v,𝛎,MATHEMATICAL BOLD SMALL NU
v,𝜈,MATHEMATICAL ITALIC SMALL NU
v,𝝂,MATHEMATICAL BOLD ITALIC SMALL NU
v,𝝼,MATHEMATICAL SANS-SERIF BOLD SMALL NU
v,𝞶,MATHEMATICAL SANS-SERIF BOLD ITALIC SMALL NU
v,ѵ,CYRILLIC SMALL LETTER IZHITSA
v,𑜆,AHOM LETTER PA
v,ꮩ,CHEROKEE SMALL LETTER DO
v,𑣀,WARANG CITI SMALL LETTER NGAA
V,𝈍,GREEK VOCAL NOTATION SYMBOL-14
V,۷,EXTENDED ARABIC-INDIC DIGIT SEVEN
V,Ⅴ,ROMAN NUMERAL FIVE
V,𝐕,MATHEMATICAL BOLD CAPITAL V
V,𝑉,MATHEMATICAL ITALIC CAPITAL V
V,𝑽,MATHEMATICAL BOLD ITALIC CAPITAL V
V,𝒱,MATHEMATICAL SCRIPT CAPITAL V
V,𝓥,MATHEMATICAL BOLD SCRIPT CAPITAL V
V,𝕍,MATHEMATICAL DOUBLE-STRUCK CAPITAL V
V,𝖵,MATHEMATICAL SANS-SERIF CAPITAL V
V,𝗩,MATHEMATICAL SANS-SERIF BOLD CAPITAL V
V,𝘝,MATHEMATICAL SANS-SERIF ITALIC CAPITAL V
V,𝙑,MATHEMATICAL SANS-SERIF BOLD ITALIC CAPITAL V
V,𝚅,MATHEMATICAL MONOSPACE CAPITAL V
V,Ѵ,CYRILLIC CAPITAL LETTER IZHITSA
V,ⴸ,TIFINAGH LETTER YADH
V,Ꮩ,CHEROKEE LETTER DO
V,ᐯ,CANADIAN SYLLABICS PE
V,ꛟ,BAMUM LETTER KO
V,ꓦ,LISU LETTER HA
V,𖼈,MIAO LETTER VA
V,𑢠,WARANG CITI CAPITAL LETTER NGAA
V,𐔝,ELBASAN LETTER TE
w,ɯ,LATIN SMALL LETTER TURNED M
w,𝐰,MATHEMATICAL BOLD SMALL W
w,𝑤,MATHEMATICAL ITALIC SMALL W
w,𝒘,MATHEMATICAL BOLD ITALIC SMALL W
w,𝓌,MATHEMATICAL SCRIPT SMALL W
w,𝔀,MATHEMATICAL BOLD SCRIPT SMALL W
w,𝔴,MATHEMATICAL FRAKTUR SMALL W
w,𝕨,MATHEMATICAL DOUBLE-STRUCK SMALL W
w,𝖜,MATHEMATICAL BOLD FRAKTUR SMALL W
w,𝗐,MATHEMATICAL SANS-SERIF SMALL W
w,𝘄,MATHEMATICAL SANS-SERIF BOLD SMALL W
w,𝘸,MATHEMATICAL SANS-SERIF ITALIC SMALL W
w,𝙬,MATHEMATICAL SANS-SERIF BOLD ITALIC SMALL W
w,𝚠,MATHEMATICAL MONOSPACE SMALL W
w,ᴡ,LATIN LETTER SMALL CAPITAL W
w,ѡ,CYRILLIC SMALL LETTER OMEGA
w,ԝ,CYRILLIC SMALL LETTER WE
w,ա,ARMENIAN SMALL LETTER AYB
w,𑜊,AHOM LETTER JA
w,𑜎,AHOM LETTER LA
w,𑜏,AHOM LETTER SA
w,ꮃ,CHEROKEE SMALL LETTER LA
W,𑣯,WARANG CITI NUMBER SIXTY
W,𑣦,WARANG CITI DIGIT SIX
W,𝐖,MATHEMATICAL BOLD CAPITAL W
W,𝑊,MATHEMATICAL ITALIC CAPITAL W
W,𝑾,MATHEMATICAL BOLD ITALIC CAPITAL W
W,𝒲,MATHEMATICAL SCRIPT CAPITAL W
W,𝓦,MATHEMATICAL BOLD SCRIPT CAPITAL W
W,𝕎,MATHEMATICAL DOUBLE-STRUCK CAPITAL W
W,𝖶,MATHEMATICAL SANS-SERIF CAPITAL W
W,𝗪,MATHEMATICAL SANS-SERIF BOLD CAPITAL W
W,𝘞,MATHEMATICAL SANS-SERIF ITALIC CAPITAL W
W,𝙒,MATHEMATICAL SANS-SERIF BOLD ITALIC CAPITAL W
W,𝚆,MATHEMATICAL MONOSPACE CAPITAL W
W,Ԝ,CYRILLIC CAPITAL LETTER WE
W,Ꮃ,CHEROKEE LETTER LA
W,Ꮤ,CHEROKEE LETTER TA
W,ꓪ,LISU LETTER WA
x,᙮,CANADIAN SYLLABICS FULL STOP
x,×,MULTIPLICATION SIGN
x,⤫,RISING DIAGONAL CROSSING FALLING DIAGONAL
x,⤬,FALLING DIAGONAL CROSSING RISING DIAGONAL
x,⨯,VECTOR OR CROSS PRODUCT
x,ｘ,FULLWIDTH LATIN SMALL LETTER X
x,ⅹ,SMALL ROMAN NUMERAL TEN
x,𝐱,MATHEMATICAL BOLD SMALL X
x,𝑥,MATHEMATICAL ITALIC SMALL X
x,𝒙,MATHEMATICAL BOLD ITALIC SMALL X
x,𝓍,MATHEMATICAL SCRIPT SMALL X
x,𝔁,MATHEMATICAL BOLD SCRIPT SMALL X
x,𝔵,MATHEMATICAL FRAKTUR SMALL X
x,𝕩,MATHEMATICAL DOUBLE-STRUCK SMALL X
x,𝖝,MATHEMATICAL BOLD FRAKTUR SMALL X
x,𝗑,MATHEMATICAL SANS-SERIF SMALL X
x,𝘅,MATHEMATICAL SANS-SERIF BOLD SMALL X
x,𝘹,MATHEMATICAL SANS-SERIF ITALIC SMALL X
x,𝙭,MATHEMATICAL SANS-SERIF BOLD ITALIC SMALL X
x,𝚡,MATHEMATICAL MONOSPACE SMALL X
x,х,CYRILLIC SMALL LETTER HA
x,ᕁ,CANADIAN SYLLABICS SAYISI YI
x,ᕽ,CANADIAN SYLLABICS HK
X,᙭,CANADIAN SYLLABICS CHI SIGN
X,╳,BOX DRAWINGS LIGHT DIAGONAL CROSS
X,𐌢,OLD ITALIC NUMERAL TEN
X,𑣬,WARANG CITI NUMBER THIRTY
X,Ｘ,FULLWIDTH LATIN CAPITAL LETTER X
X,Ⅹ,ROMAN NUMERAL TEN
X,𝐗,MATHEMATICAL BOLD CAPITAL X
X,𝑋,MATHEMATICAL ITALIC CAPITAL X
X,𝑿,MATHEMATICAL BOLD ITALIC CAPITAL X
X,𝒳,MATHEMATICAL SCRIPT CAPITAL X
X,𝓧,MATHEMATICAL BOLD SCRIPT CAPITAL X
X,𝕏,MATHEMATICAL DOUBLE-STRUCK CAPITAL X
X,𝖷,MATHEMATICAL SANS-SERIF CAPITAL X
X,𝗫,MATHEMATICAL SANS-SERIF BOLD CAPITAL X
X,𝘟,MATHEMATICAL SANS-SERIF ITALIC CAPITAL X
X,𝙓,MATHEMATICAL SANS-SERIF BOLD ITALIC CAPITAL X
X,𝚇,MATHEMATICAL MONOSPACE CAPITAL X
X,Ꭓ,LATIN CAPITAL LETTER CHI
X,Χ,GREEK CAPITAL LETTER CHI
X,𝚾,MATHEMATICAL BOLD CAPITAL CHI
X,𝛸,MATHEMATICAL ITALIC CAPITAL CHI
X,𝜲,MATHEMATICAL BOLD ITALIC CAPITAL CHI
X,𝝬,MATHEMATICAL SANS-SERIF BOLD CAPITAL CHI
X,𝞦,MATHEMATICAL SANS-SERIF BOLD ITALIC CAPITAL CHI
X,Ⲭ,COPTIC CAPITAL LETTER KHI
X,Х,CYRILLIC CAPITAL LETTER HA
X,ⵝ,TIFINAGH LETTER YATH
X,ᚷ,RUNIC LETTER GEBO GYFU G
X,ꓫ,LISU LETTER SHA
X,𐊐,LYCIAN LETTER MM
X,𐊴,CARIAN LETTER X
X,𐌗,OLD ITALIC LETTER EKS
X,𐔧,ELBASAN LETTER KHE
y,ɣ,LATIN SMALL LETTER GAMMA
y,ᶌ,LATIN SMALL LETTER V WITH PALATAL HOOK
y,ｙ,FULLWIDTH LATIN SMALL LETTER Y
y,𝐲,MATHEMATICAL BOLD SMALL Y
y,𝑦,MATHEMATICAL ITALIC SMALL Y
y,𝒚,MATHEMATICAL BOLD ITALIC SMALL Y
y,𝓎,MATHEMATICAL SCRIPT SMALL Y
y,𝔂,MATHEMATICAL BOLD SCRIPT SMALL Y
y,𝔶,MATHEMATICAL FRAKTUR SMALL Y
y,𝕪,MATHEMATICAL DOUBLE-STRUCK SMALL Y
y,𝖞,MATHEMATICAL BOLD FRAKTUR SMALL Y
y,𝗒,MATHEMATICAL SANS-SERIF SMALL Y
y,𝘆,MATHEMATICAL SANS-SERIF BOLD SMALL Y
y,𝘺,MATHEMATICAL SANS-SERIF ITALIC SMALL Y
y,𝙮,MATHEMATICAL SANS-SERIF BOLD ITALIC SMALL Y
y,𝚢,MATHEMATICAL MONOSPACE SMALL Y
y,ʏ,LATIN LETTER SMALL CAPITAL Y
y,ỿ,LATIN SMALL LETTER Y WITH LOOP
y,ꭚ,LATIN SMALL LETTER Y WITH SHORT RIGHT LEG
y,γ,GREEK SMALL LETTER GAMMA
y,ℽ,DOUBLE-STRUCK SMALL GAMMA
y,𝛄,MATHEMATICAL BOLD SMALL GAMMA
y,𝛾,MATHEMATICAL ITALIC SMALL GAMMA
y,𝜸,MATHEMATICAL BOLD ITALIC SMALL GAMMA
y,𝝲,MATHEMATICAL SANS-SERIF BOLD SMALL GAMMA
y,𝞬,MATHEMATICAL SANS-SERIF BOLD ITALIC SMALL GAMMA
y,у,CYRILLIC SMALL LETTER U
y,ү,CYRILLIC SMALL LETTER STRAIGHT U
y,ყ,GEORGIAN LETTER QAR
y,𑣜,WARANG CITI SMALL LETTER HAR
Y,Ｙ,FULLWIDTH LATIN CAPITAL LETTER Y
Y,𝐘,MATHEMATICAL BOLD CAPITAL Y
Y,𝑌,MATHEMATICAL ITALIC CAPITAL Y
Y,𝒀,MATHEMATICAL BOLD ITALIC CAPITAL Y
Y,𝒴,MATHEMATICAL SCRIPT CAPITAL Y
Y,𝓨,MATHEMATICAL BOLD SCRIPT CAPITAL Y
Y,𝕐,MATHEMATICAL DOUBLE-STRUCK CAPITAL Y
Y,𝖸,MATHEMATICAL SANS-SERIF CAPITAL Y
Y,𝗬,MATHEMATICAL SANS-SERIF BOLD CAPITAL Y
Y,𝘠,MATHEMATICAL SANS-SERIF ITALIC CAPITAL Y
Y,𝙔,MATHEMATICAL SANS-SERIF BOLD ITALIC CAPITAL Y
Y,𝚈,MATHEMATICAL MONOSPACE CAPITAL Y
Y,Υ,GREEK CAPITAL LETTER UPSILON
Y,ϒ,GREEK UPSILON WITH HOOK SYMBOL
Y,𝚼,MATHEMATICAL BOLD CAPITAL UPSILON
Y,𝛶,MATHEMATICAL ITALIC CAPITAL UPSILON
Y,𝜰,MATHEMATICAL BOLD ITALIC CAPITAL UPSILON
Y,𝝪,MATHEMATICAL SANS-SERIF BOLD CAPITAL UPSILON
Y,𝞤,MATHEMATICAL SANS-SERIF BOLD ITALIC CAPITAL UPSILON
Y,Ⲩ,COPTIC CAPITAL LETTER UA
Y,У,CYRILLIC CAPITAL LETTER U
Y,Ү,CYRILLIC CAPITAL LETTER STRAIGHT U
Y,Ꭹ,CHEROKEE LETTER GI
Y,Ꮍ,CHEROKEE LETTER MU
Y,ꓬ,LISU LETTER YA
Y,𖽃,MIAO LETTER AH
Y,𑢤,WARANG CITI CAPITAL LETTER YA
Y,𐊲,CARIAN LETTER U
z,𝐳,MATHEMATICAL BOLD SMALL Z
z,𝑧,MATHEMATICAL ITALIC SMALL Z
z,𝒛,MATHEMATICAL BOLD ITALIC SMALL Z
z,𝓏,MATHEMATICAL SCRIPT SMALL Z
z,𝔃,MATHEMATICAL BOLD SCRIPT SMALL Z
z,𝔷,MATHEMATICAL FRAKTUR SMALL Z
z,𝕫,MATHEMATICAL DOUBLE-STRUCK SMALL Z
z,𝖟,MATHEMATICAL BOLD FRAKTUR SMALL Z
z,𝗓,MATHEMATICAL SANS-SERIF SMALL Z
z,𝘇,MATHEMATICAL SANS-SERIF BOLD SMALL Z
z,𝘻,MATHEMATICAL SANS-SERIF ITALIC SMALL Z
z,𝙯,MATHEMATICAL SANS-SERIF BOLD ITALIC SMALL Z
z,𝚣,MATHEMATICAL MONOSPACE SMALL Z
z,ᴢ,LATIN LETTER SMALL CAPITAL Z
z,ꮓ,CHEROKEE SMALL LETTER NO
z,𑣄,WARANG CITI SMALL LETTER YA
Z,𐋵,COPTIC EPACT NUMBER THREE HUNDRED
Z,𑣥,WARANG CITI DIGIT FIVE
Z,Ｚ,FULLWIDTH LATIN CAPITAL LETTER Z
Z,ℤ,DOUBLE-STRUCK CAPITAL Z
Z,𝐙,MATHEMATICAL BOLD CAPITAL Z
Z,𝑍,MATHEMATICAL ITALIC CAPITAL Z
Z,𝒁,MATHEMATICAL BOLD ITALIC CAPITAL Z
Z,𝒵,MATHEMATICAL SCRIPT CAPITAL Z
Z,𝓩,MATHEMATICAL BOLD SCRIPT CAPITAL Z
Z,𝖹,MATHEMATICAL SANS-SERIF CAPITAL Z
Z,𝗭,MATHEMATICAL SANS-SERIF BOLD CAPITAL Z
Z,𝘡,MATHEMATICAL SANS-SERIF ITALIC CAPITAL Z
Z,𝙕,MATHEMATICAL SANS-SERIF BOLD ITALIC CAPITAL Z
Z,𝚉,MATHEMATICAL MONOSPACE CAPITAL Z
Z,Ζ,GREEK CAPITAL LETTER ZETA
Z,𝚭,MATHEMATICAL BOLD CAPITAL ZETA
Z,𝛧,MATHEMATICAL ITALIC CAPITAL ZETA
Z,𝜡,MATHEMATICAL BOLD ITALIC CAPITAL ZETA
Z,𝝛,MATHEMATICAL SANS-SERIF BOLD CAPITAL ZETA
Z,𝞕,MATHEMATICAL SANS-SERIF BOLD ITALIC CAPITAL ZETA
Z,Ꮓ,CHEROKEE LETTER NO
Z,ꓜ,LISU LETTER DZA
Z,𑢩,WARANG CITI CAPITAL LETTER O
